Time,I_L4_,I_L5_,I_L6_,I_L7_,iout_est_filt_COMP,i_out_M_COMP,iout_est_COMP,udc_COMP,i_pred_COMP,i_ref_COMP,iL_COMP,Uref_COMP,iout_est_filt_MPC,i_out_M_MPC,iout_est_MPC,udc_MPC,i_pred_MPC,i_ref_IP2,iL_MPC,Uref_MPC,iout_est_filt_BB,i_out_M_BB,iout_est_BB,udc_BB,i_pred_BB,i_ref_BB,iL_BB,Uref_BB,i_exp,pwmBB,i_out_M_BB1,udc_BB1,i_pred_BB1,iL_BB1,Uref_BB1,pwmBB1,i_ref_BB1
0.2598385,1.68503189,1.185311496,-0.8412933845,18.46827793,-0.1482491572,0.1603381907,6.065979004,160.5520416,1.600557685,-0.861920476,1.725458059,160,-0.1483097808,0.1597562598,6.078338623,159.9231752,1.100355864,0.5811921358,1.225301332,160,0.1617287704,0.1605497388,0.1210971177,160.5234465,0,0.2591052949,-0.800972618,160,-0.8632660508,0,0.1624103945,163.2055808,0,18.5110467,160,0,1.556656361
0.259832,2.210454497,1.705125851,-0.316912725,19.02197744,-0.1482491572,0.1603381907,6.065979004,160.4926433,1.600557685,-0.861920476,2.250859023,160,-0.1483097808,0.1597562598,6.078338623,159.8801031,1.100355864,0.5811921358,1.745104736,160,0.1617287704,0.1605497388,0.1210971177,160.5461755,0,0.2591052949,-0.276558886,160,-0.8632660508,0,0.1624103945,162.6002618,0,19.06436159,160,0,1.556656361
0.2598365,1.846728734,1.345267937,-0.6799928949,18.63917785,-0.1482491572,0.1603381907,6.065979004,160.5355842,1.600557685,-0.861920476,1.887149455,160,-0.1483097808,0.1597562598,6.078338623,159.9117217,1.100355864,0.5811921358,1.385255604,160,0.1617287704,0.1605497388,0.1210971177,160.5322552,0,0.2591052949,-0.6396607439,160,-0.8632660508,0,0.1624103945,163.0212473,0,18.68182958,160,0,1.556656361
0.259838,1.725458059,1.225301336,-0.8009726153,18.51104671,-0.1482491572,0.1603381907,6.065979004,160.5480789,1.600557685,-0.861920476,1.765882963,160,-0.1483097808,0.1597562598,6.078338623,159.9204618,1.100355864,0.5811921358,1.265290734,160,0.1617287704,0.1605497388,0.1210971177,160.5257999,0,0.2591052949,-0.7606489021,160,-0.8632660508,0,0.1624103945,163.1596577,0,18.55378634,160,0,1.556656361
0.259831,2.291261412,1.785082321,-0.2362029659,19.10671566,-0.1482491572,0.1603381907,6.065979004,160.4819895,1.600557685,-0.861920476,2.331661594,160,-0.1483097808,0.1597562598,6.078338623,159.8719771,1.100355864,0.5811921358,1.825058526,160,0.1617287704,0.1605497388,0.1210971177,160.5481593,0,0.2591052949,-0.1958450433,160,-0.8632660508,0,0.1624103945,162.5055411,0,19.14903956,160,0,1.556656361
0.25983,2.372059509,1.865033288,-0.1554851797,19.19133323,-0.1482491572,0.1603381907,6.065979004,160.4709316,1.600557685,-0.861920476,2.412455078,160,-0.1483097808,0.1597562598,6.078338623,159.8634514,1.100355864,0.5811921358,1.905006538,160,0.1617287704,0.1605497388,0.1210971177,160.5497396,0,0.2591052949,-0.115123445,160,-0.8632660508,0,0.1624103945,162.4103969,0,19.23359659,160,0,1.556656361
0.2598215,3.058411141,2.544318934,0.530864112,19.90563067,-0.1482491572,0.1603381907,6.065979004,160.3606338,1.600557685,-0.861920476,3.098756636,160,-0.1483097808,0.1597562598,6.078338623,159.7748455,1.100355864,0.5811921358,2.584256325,160,0.161940796,0.1605433901,0.120303154,160.5468723,0,0.2584781945,0.5712473872,160,-0.8632660508,0,0.161435846,161.5846555,0,19.94736794,160,0,1.18734324
0.259822,3.01806216,2.504378896,0.4904815617,19.86386189,-0.1482491572,0.1603381907,6.065979004,160.3679293,1.600557685,-0.861920476,3.058411139,160,-0.1483097808,0.1597562598,6.078338623,159.7808567,1.100355864,0.5811921358,2.544318932,160,0.161940796,0.1605433901,0.120303154,160.5478485,0,0.2584781945,0.53086411,160,-0.8632660508,0,0.161435846,161.6340677,0,19.90563067,160,0,1.18734324
0.2598265,2.654775629,2.144810632,0.1270825244,19.48653636,-0.1482491572,0.1603381907,6.065979004,160.4290481,1.600557685,-0.861920476,2.69515294,160,-0.1483097808,0.1597562598,6.078338623,159.8304633,1.100355864,0.5811921358,2.184771454,160,0.161940796,0.1605433901,0.120303154,160.5520917,0,0.2584781945,0.1674554824,160,-0.8632660508,0,0.161435846,162.0740652,0,19.52858558,160,0,1.18734324
0.2598355,1.927568651,1.42524257,-0.5993259084,18.72445187,-0.1482491572,0.1603381907,6.065979004,160.5267491,1.600557685,-0.861920476,1.967986243,160,-0.1483097808,0.1597562598,6.078338623,159.9053952,1.100355864,0.5811921358,1.465228753,160,0.1617287704,0.1605497388,0.1210971177,160.5360545,0,0.2591052949,-0.558988468,160,-0.8632660508,0,0.1624103945,162.9284401,0,18.76704464,160,0,1.556656361
0.259824,2.856632734,2.344593649,0.3289599984,19.69647302,-0.1482491572,0.1603381907,6.065979004,160.3961024,1.600557685,-0.861920476,2.896994978,160,-0.1483097808,0.1597562598,6.078338623,159.8039029,1.100355864,0.5811921358,2.384543592,160,0.161940796,0.1605433901,0.120303154,160.5507439,0,0.2584781945,0.3693389594,160,-0.8632660508,0,0.161435846,161.8306706,0,19.73836715,160,0,1.18734324
0.2598255,2.735527376,2.224730234,0.2078297792,19.57060393,-0.1482491572,0.1603381907,6.065979004,160.4161726,1.600557685,-0.861920476,2.775898864,160,-0.1483097808,0.1597562598,6.078338623,159.8201389,1.100355864,0.5811921358,2.264686902,160,0.161940796,0.1605433901,0.120303154,160.5518554,0,0.2584781945,0.2482053389,160,-0.8632660508,0,0.161435846,161.9770224,0,19.61259133,160,0,1.18734324
0.259829,2.45284825,1.944978218,-0.07475990375,19.27582958,-0.1482491572,0.1603381907,6.065979004,160.4594698,1.600557685,-0.861920476,2.493238942,160,-0.1483097808,0.1597562598,6.078338623,159.8545259,1.100355864,0.5811921358,1.984948248,160,0.161940796,0.1605433901,0.120303154,160.5509162,0,0.2584781945,-0.03439462404,160,-0.8632660508,0,0.161435846,162.3148297,0,19.31803211,160,0,1.18734324
0.259825,2.775898864,2.264686904,0.2482053413,19.61259134,-0.1482491572,0.1603381907,6.065979004,160.4095835,1.600557685,-0.861920476,2.816267337,160,-0.1483097808,0.1597562598,6.078338623,159.8148268,1.100355864,0.5811921358,2.304641395,160,0.161940796,0.1605433901,0.120303154,160.5515858,0,0.2584781945,0.288582104,160,-0.8632660508,0,0.161435846,161.9283434,0,19.65454772,160,0,1.18734324
0.2598305,2.331661596,1.825058525,-0.1958450426,19.14903956,-0.1482491572,0.1603381907,6.065979004,160.4765111,1.600557685,-0.861920476,2.372059509,160,-0.1483097808,0.1597562598,6.078338623,159.8677642,1.100355864,0.5811921358,1.865033283,160,0.1617287704,0.1605497388,0.1210971177,160.5489999,0,0.2591052949,-0.1554851821,160,-0.8632660508,0,0.1624103945,162.4580219,0,19.19133323,160,0,1.556656361
0.259821,3.098756638,2.58425633,0.5712473915,19.94736794,-0.1482491572,0.1603381907,6.065979004,160.3532374,1.600557685,-0.861920476,3.139098581,160,-0.1483097808,0.1597562598,6.078338623,159.7687344,1.100355864,0.5811921358,2.624191012,160,0.161940796,0.1605433901,0.120303154,160.5457951,0,0.2584781945,0.6116313287,160,-0.8632660508,0,0.161435846,161.5351389,0,19.98907362,160,0,1.18734324
0.259828,2.533627095,2.024916578,0.005972324102,19.36020413,-0.1482491572,0.1603381907,6.065979004,160.447604,1.600557685,-0.861920476,2.574012633,160,-0.1483097808,0.1597562598,6.078338623,159.8452006,1.100355864,0.5811921358,2.064883127,160,0.161940796,0.1605433901,0.120303154,160.5516892,0,0.2584781945,0.04634087603,160,-0.8632660508,0,0.161435846,162.2188401,0,19.40234555,160,0,1.18734324
0.2598235,2.896994981,2.384543591,0.369338959,19.73836715,-0.1482491572,0.1603381907,6.065979004,160.3892105,1.600557685,-0.861920476,2.937354012,160,-0.1483097808,0.1597562598,6.078338623,159.7982912,1.100355864,0.5811921358,2.424491157,160,0.161940796,0.1605433901,0.120303154,160.5501715,0,0.2584781945,0.4097189183,160,-0.8632660508,0,0.161435846,161.7816769,0,19.78023005,160,0,1.18734324
0.2598395,1.604176041,1.105330755,-0.9219258137,18.38265319,-0.1482491572,0.1603381907,6.065979004,160.5596639,1.600557685,-0.861920476,1.644604524,160,-0.1483097808,0.1597562598,6.078338623,159.928302,1.100355864,0.5811921358,1.145321278,160,0.1617287704,0.1605497388,0.1210971177,160.5184374,0,0.2591052949,-0.8816111432,160,-0.8632660508,0,0.1624103945,163.2971058,0,18.42548006,160,0,1.556656361
0.2598375,1.765882968,1.265290734,-0.7606488993,18.55378634,-0.1482491572,0.1603381907,6.065979004,160.5440151,1.600557685,-0.861920476,1.806306546,160,-0.1483097808,0.1597562598,6.078338623,159.9176484,1.100355864,0.5811921358,1.305279621,160,0.1617287704,0.1605497388,0.1210971177,160.5280525,0,0.2591052949,-0.7203223049,160,-0.8632660508,0,0.1624103945,163.1136278,0,18.59649674,160,0,1.556656361
0.259839,1.644604528,1.14532128,-0.8816111396,18.42548006,-0.1482491572,0.1603381907,6.065979004,160.5559033,1.600557685,-0.861920476,1.68503189,160,-0.1483097808,0.1597562598,6.078338623,159.9257886,1.100355864,0.5811921358,1.185311493,160,0.1617287704,0.1605497388,0.1210971177,160.5209923,0,0.2591052949,-0.8412933887,160,-0.8632660508,0,0.1624103945,163.2513968,0,18.46827793,160,0,1.556656361
0.2598205,3.139098582,2.624191016,0.6116313329,19.98907363,-0.1482491572,0.1603381907,6.065979004,160.3457654,1.600557685,-0.861920476,3.179437826,160,-0.1483097808,0.1597562598,6.078338623,159.7625484,1.100355864,0.5811921358,2.664123635,160,0.161940796,0.1605433901,0.120303154,160.5446422,0,0.2584781945,0.6520157356,160,-0.8632660508,0,0.161435846,161.485544,0,20.03075559,160,0,1.18734324
0.2598345,2.008402177,1.5052141,-0.5186484766,18.80960783,-0.1482491572,0.1603381907,6.065979004,160.5175098,1.600557685,-0.861920476,2.048816373,160,-0.1483097808,0.1597562598,6.078338623,159.8986687,1.100355864,0.5811921358,1.545198533,160,0.1617287704,0.1605497388,0.1210971177,160.5394505,0,0.2591052949,-0.4783060135,160,-0.8632660508,0,0.1624103945,162.8352066,0,18.85214136,160,0,1.556656361
0.2598275,2.574012638,2.064883128,0.04634087696,19.40234556,-0.1482491572,0.1603381907,6.065979004,160.4415197,1.600557685,-0.861920476,2.614395502,160,-0.1483097808,0.1597562598,6.078338623,159.8403881,1.100355864,0.5811921358,2.104847834,160,0.161940796,0.1605433901,0.120303154,160.5519243,0,0.2584781945,0.08671096197,160,-0.8632660508,0,0.161435846,162.1706871,0,19.44445632,160,0,1.18734324
0.2598325,2.170047903,1.665145719,-0.3572644264,18.97956327,-0.1482491572,0.1603381907,6.065979004,160.4978186,1.600557685,-0.861920476,2.210454497,160,-0.1483097808,0.1597562598,6.078338623,159.8840161,1.100355864,0.5811921358,1.705125847,160,0.1617287704,0.1605497388,0.1210971177,160.5450323,0,0.2591052949,-0.3169127254,160,-0.8632660508,0,0.1624103945,162.6474632,0,19.02197744,160,0,1.556656361
0.25982,3.179437828,2.664123638,0.6520157372,20.03075559,-0.1482491572,0.1603381907,6.065979004,160.3381925,1.600557685,-0.861920476,3.219773447,160,-0.1483097808,0.1597562598,6.078338623,159.7562626,1.100355864,0.5811921358,2.704053458,160,0.161940796,0.1605433901,0.120303154,160.5433883,0,0.2584781945,0.6924007003,160,-0.8632660508,0,0.161435846,161.4358448,0,20.07240585,160,0,1.18734324
0.2598295,2.412455083,1.905006541,-0.1151234443,19.23359659,-0.1482491572,0.1603381907,6.065979004,160.4652512,1.600557685,-0.861920476,2.45284825,160,-0.1483097808,0.1597562598,6.078338623,159.8590386,1.100355864,0.5811921358,1.944978216,160,0.161940796,0.1605433901,0.120303154,160.5503783,0,0.2584781945,-0.07475990671,160,-0.8632660508,0,0.161435846,162.3626661,0,19.27582957,160,0,1.18734324
0.259823,2.937354012,2.424491158,0.409718918,19.78023005,-0.1482491572,0.1603381907,6.065979004,160.3822177,1.600557685,-0.861920476,2.977709762,160,-0.1483097808,0.1597562598,6.078338623,159.7925796,1.100355864,0.5811921358,2.464436278,160,0.161940796,0.1605433901,0.120303154,160.5494981,0,0.2584781945,0.4500998045,160,-0.8632660508,0,0.161435846,161.7325784,0,19.82206166,160,0,1.18734324
0.2598225,2.977709761,2.464436281,0.450099808,19.82206166,-0.1482491572,0.1603381907,6.065979004,160.3751239,1.600557685,-0.861920476,3.018062159,160,-0.1483097808,0.1597562598,6.078338623,159.7867681,1.100355864,0.5811921358,2.504378894,160,0.161940796,0.1605433901,0.120303154,160.5487238,0,0.2584781945,0.4904815576,160,-0.8632660508,0,0.161435846,161.6833753,0,19.86386188,160,0,1.18734324
0.259833,2.129639306,1.625164411,-0.3976139194,18.93711915,-0.1482491572,0.1603381907,6.065979004,160.502893,1.600557685,-0.861920476,2.170047903,160,-0.1483097808,0.1597562598,6.078338623,159.8878292,1.100355864,0.5811921358,1.665145717,160,0.1617287704,0.1605497388,0.1210971177,160.5437881,0,0.2591052949,-0.357264426,160,-0.8632660508,0,0.1624103945,162.6945584,0,18.97956327,160,0,1.556656361
0.2598245,2.816267339,2.304641398,0.2885821034,19.65454772,-0.1482491572,0.1603381907,6.065979004,160.4028934,1.600557685,-0.861920476,2.856632733,160,-0.1483097808,0.1597562598,6.078338623,159.8094148,1.100355864,0.5811921358,2.344593646,160,0.161940796,0.1605433901,0.120303154,160.5512153,0,0.2584781945,0.3289599952,160,-0.8632660508,0,0.161435846,161.8795594,0,19.69647301,160,0,1.18734324
0.259835,1.967986246,1.465228756,-0.5589884646,18.76704464,-0.1482491572,0.1603381907,6.065979004,160.52218,1.600557685,-0.861920476,2.008402177,160,-0.1483097808,0.1597562598,6.078338623,159.9020819,1.100355864,0.5811921358,1.505214097,160,0.1617287704,0.1605497388,0.1210971177,160.537803,0,0.2591052949,-0.5186484771,160,-0.8632660508,0,0.1624103945,162.8818766,0,18.80960783,160,0,1.556656361
0.259836,1.887149457,1.385255608,-0.6396607408,18.68182958,-0.1482491572,0.1603381907,6.065979004,160.5312172,1.600557685,-0.861920476,1.927568647,160,-0.1483097808,0.1597562598,6.078338623,159.9086084,1.100355864,0.5811921358,1.425242569,160,0.1617287704,0.1605497388,0.1210971177,160.5342053,0,0.2591052949,-0.5993259116,160,-0.8632660508,0,0.1624103945,162.974897,0,18.72445187,160,0,1.556656361
0.259826,2.695152941,2.184771454,0.1674554845,19.52858558,-0.1482491572,0.1603381907,6.065979004,160.4226608,1.600557685,-0.861920476,2.735527374,160,-0.1483097808,0.1597562598,6.078338623,159.825351,1.100355864,0.5811921358,2.224730231,160,0.161940796,0.1605433901,0.120303154,160.552024,0,0.2584781945,0.2078297783,160,-0.8632660508,0,0.161435846,162.0255964,0,19.57060393,160,0,1.18734324
0.2598335,2.089228774,1.585181994,-0.4379611369,18.89464516,-0.1482491572,0.1603381907,6.065979004,160.5078663,1.600557685,-0.861920476,2.129639302,160,-0.1483097808,0.1597562598,6.078338623,159.8915423,1.100355864,0.5811921358,1.625164408,160,0.1617287704,0.1605497388,0.1210971177,160.5424431,0,0.2591052949,-0.3976139205,160,-0.8632660508,0,0.1624103945,162.7415474,0,18.93711915,160,0,1.556656361
0.259837,1.806306549,1.305279623,-0.7203223034,18.59649674,-0.1482491572,0.1603381907,6.065979004,160.5398502,1.600557685,-0.861920476,1.846728733,160,-0.1483097808,0.1597562598,6.078338623,159.9147351,1.100355864,0.5811921358,1.345267933,160,0.1617287704,0.1605497388,0.1210971177,160.5302042,0,0.2591052949,-0.6799928975,160,-0.8632660508,0,0.1624103945,163.0674909,0,18.63917785,160,0,1.556656361
0.259827,2.614395505,2.104847835,0.08671096613,19.44445632,-0.1482491572,0.1603381907,6.065979004,160.4353343,1.600557685,-0.861920476,2.654775628,160,-0.1483097808,0.1597562598,6.078338623,159.8354757,1.100355864,0.5811921358,2.14481063,160,0.161940796,0.1605433901,0.120303154,160.5520585,0,0.2584781945,0.1270825223,160,-0.8632660508,0,0.161435846,162.1224288,0,19.48653635,160,0,1.18734324
0.259834,2.048816375,1.545198535,-0.4783060117,18.85214136,-0.1482491572,0.1603381907,6.065979004,160.5127385,1.600557685,-0.861920476,2.089228772,160,-0.1483097808,0.1597562598,6.078338623,159.8951555,1.100355864,0.5811921358,1.585181991,160,0.1617287704,0.1605497388,0.1210971177,160.5409973,0,0.2591052949,-0.4379611376,160,-0.8632660508,0,0.1624103945,162.7884301,0,18.89464515,160,0,1.556656361
0.2598315,2.250859023,1.74510474,-0.2765588825,19.06436159,-0.1482491572,0.1603381907,6.065979004,160.4873669,1.600557685,-0.861920476,2.29126141,160,-0.1483097808,0.1597562598,6.078338623,159.8760901,1.100355864,0.5811921358,1.785082318,160,0.1617287704,0.1605497388,0.1210971177,160.5472179,0,0.2591052949,-0.2362029683,160,-0.8632660508,0,0.1624103945,162.5529545,0,19.10671565,160,0,1.556656361
0.2598285,2.493238943,1.984948253,-0.03439462521,19.31803211,-0.1482491572,0.1603381907,6.065979004,160.4535874,1.600557685,-0.861920476,2.533627093,160,-0.1483097808,0.1597562598,6.078338623,159.8499132,1.100355864,0.5811921358,2.024916576,160,0.161940796,0.1605433901,0.120303154,160.5513531,0,0.2584781945,0.005972321304,160,-0.8632660508,0,0.161435846,162.2668876,0,19.36020413,160,0,1.18734324
0.2220845,-1.199992032,0.5252498222,-1.172637012,3.123820243,-0.1137419872,0.1609323661,6.601006985,160.9067187,-2.428086996,-0.8570267558,-1.159428006,160,-0.1114511057,0.1601166595,6.664075851,160.1297882,-0.6856968403,2.425789118,0.5653548456,160,0.1597126943,0.1603944462,0.1202514172,160.3908352,0,0.2573754191,-1.239343874,160,-0.8594714403,1,0.1721025136,172.1748346,0,3.172044231,160,0,4.340178013
0.22208,-0.8347942776,0.8862132458,-1.773078406,3.557708292,-0.1137419872,0.1609323661,6.601006985,160.9323693,-2.428086996,-0.8570267558,-0.7942014228,160,-0.1114511057,0.1601166595,6.664075851,160.1166602,-0.6856968403,2.425789118,0.926321821,160,0.1597126943,0.1603944462,0.1202514172,160.3944444,0,0.2573754191,-1.839804746,160,-0.8594714403,1,0.1721025136,172.102516,0,3.605899906,160,0,4.340178013
0.2220915,-1.7674776,-0.03611365781,-0.2389742471,2.448373302,-0.1137419872,0.1609323661,6.601006985,160.8505731,-2.428086996,-0.8570267558,-1.726970396,160,-0.1114511057,0.1601166595,6.664075851,160.1341456,-0.6856968403,2.425789118,0.003975088703,160,0.1599656883,0.1603864215,0.2514648438,160.3852211,0,0.2555402815,-0.3056499907,160,-0.8594714403,1,0.1722500329,172.2680097,0,2.496636323,160,0,4.315847397
0.222085,-1.240552441,0.4851455237,-1.105932361,3.075592941,-0.1137419872,0.1609323661,6.601006985,160.9033671,-2.428086996,-0.8570267558,-1.199992035,160,-0.1114511057,0.1601166595,6.664075851,160.1307511,-0.6856968403,2.425789118,0.5252498205,160,0.1597126943,0.1603944462,0.1202514172,160.3904342,0,0.2573754191,-1.172637013,160,-0.8594714403,1,0.1721025136,172.182274,0,3.123820239,160,0,4.340178013
0.2220895,-1.605422067,0.1242506476,-0.5056905686,2.64141149,-0.1137419872,0.1609323661,6.601006985,160.8686412,-2.428086996,-0.8570267558,-1.564897278,160,-0.1114511057,0.1601166595,6.664075851,160.1349055,-0.6856968403,2.425789118,0.16434538,160,0.1597126943,0.1603944462,0.1202514172,160.3868251,0,0.2573754191,-0.5723751997,160,-0.8594714403,1,0.1721025136,172.2438009,0,2.689664971,160,0,4.340178013
0.222091,-1.726970395,0.003975089962,-0.3056499928,2.496636327,-0.1137419872,0.1609323661,6.601006985,160.855242,-2.428086996,-0.8570267558,-1.686458695,160,-0.1114511057,0.1601166595,6.664075851,160.1344859,-0.6856968403,2.425789118,0.04406543397,160,0.1599656883,0.1603864215,0.2514648438,160.3856221,0,0.2555402815,-0.3723279463,160,-0.8594714403,1,0.1722500329,172.2621385,0,2.544897086,160,0,4.315847397
0.222086,-1.321662127,0.4049393797,-0.9725297302,2.979128725,-0.1137419872,0.1609323661,6.601006985,160.8963598,-2.428086996,-0.8570267558,-1.281109164,160,-0.1114511057,0.1601166595,6.664075851,160.1323761,-0.6856968403,2.425789118,0.4450420192,160,0.1597126943,0.1603944462,0.1202514172,160.3896322,0,0.2573754191,-1.039229915,160,-0.8594714403,1,0.1721025136,172.1967909,0,3.027362407,160,0,4.340178013
0.222094,-1.969943813,-0.2365311067,0.09437113842,2.207027023,-0.1137419872,0.1609323661,6.601006985,160.8257096,-2.428086996,-0.8570267558,-1.929460105,160,-0.1114511057,0.1601166595,6.664075851,160.1309407,-0.6856968403,2.425789118,-0.1964513459,160,0.1599656883,0.1603864215,0.2514648438,160.3832161,0,0.2555402815,0.02770653396,160,-0.8594714403,1,0.1722500329,172.2955556,0,2.255300164,160,0,4.315847397
0.222083,-1.078289351,0.6455668222,-1.37276431,3.268481957,-0.1137419872,0.1609323661,6.601006985,160.916165,-2.428086996,-0.8570267558,-1.037714867,160,-0.1114511057,0.1601166595,6.664075851,160.1262979,-0.6856968403,2.425789118,0.6856736334,160,0.1597126943,0.1603944462,0.1202514172,160.3920383,0,0.2573754191,-1.439477842,160,-0.8594714403,1,0.1721025136,172.1517932,0,3.316695526,160,0,4.340178013
0.222096,-2.13182897,-0.3968295136,0.3610074395,2.013917446,-0.1137419872,0.1609323661,6.601006985,160.8039971,-2.428086996,-0.8570267558,-2.091365271,160,-0.1114511057,0.1601166595,6.664075851,160.1265732,-0.6856968403,2.425789118,-0.356758143,160,0.1599656883,0.1603864215,0.2514648438,160.3816121,0,0.2555402815,0.2943517075,160,-0.8594714403,1,0.1722500329,172.3154199,0,2.062197229,160,0,4.315847397
0.2220855,-1.281109162,0.4450420205,-1.039229934,3.027362408,-0.1137419872,0.1609323661,6.601006985,160.8999142,-2.428086996,-0.8570267558,-1.240552443,160,-0.1114511057,0.1601166595,6.664075851,160.1316137,-0.6856968403,2.425789118,0.4851455238,160,0.1597126943,0.1603944462,0.1202514172,160.3900332,0,0.2573754191,-1.10593237,160,-0.8594714403,1,0.1721025136,172.1895927,0,3.075592939,160,0,4.340178013
0.2220945,-2.010422622,-0.2766088713,0.1610335474,2.1587521,-0.1137419872,0.1609323661,6.601006985,160.8204332,-2.428086996,-0.8570267558,-1.969943817,160,-0.1114511057,0.1601166595,6.664075851,160.1299991,-0.6856968403,2.425789118,-0.2365311076,160,0.1599656883,0.1603864215,0.2514648438,160.3828151,0,0.2555402815,0.09437115978,160,-0.8594714403,1,0.1722500329,172.3007028,0,2.207027023,160,0,4.315847397
0.2220815,-0.9565559076,0.7658885755,-1.572911626,3.413111695,-0.1137419872,0.1609323661,6.601006985,160.9246983,-2.428086996,-0.8570267558,-0.9159715724,160,-0.1114511057,0.1601166595,6.664075851,160.1219052,-0.6856968403,2.425789118,0.8059965673,160,0.1597126943,0.1603944462,0.1202514172,160.3932413,0,0.2573754191,-1.639631847,160,-0.8594714403,1,0.1721025136,172.1276668,0,3.461314126,160,0,4.340178013
0.2220825,-1.037714865,0.6856736343,-1.439477858,3.31669553,-0.1137419872,0.1609323661,6.601006985,160.9191109,-2.428086996,-0.8570267558,-0.9971370289,160,-0.1114511057,0.1601166595,6.664075851,160.1249339,-0.6856968403,2.425789118,0.7257809038,160,0.1597126943,0.1603944462,0.1202514172,160.3924393,0,0.2573754191,-1.506193627,160,-0.8594714403,1,0.1721025136,172.1438716,0,3.364905471,160,0,4.340178013
0.222087,-1.402756522,0.3247369518,-0.8391359947,2.882652229,-0.1137419872,0.1609323661,6.601006985,160.8889469,-2.428086996,-0.8570267558,-1.362211272,160,-0.1114511057,0.1601166595,6.664075851,160.1336,-0.6856968403,2.425789118,0.3648376676,160,0.1597126943,0.1603944462,0.1202514172,160.3888301,0,0.2573754191,-0.9058317403,160,-0.8594714403,1,0.1721025136,172.2108254,0,2.93089197,160,0,4.340178013
0.2220885,-1.524368262,0.204441447,-0.6390620687,2.737915869,-0.1137419872,0.1609323661,6.601006985,160.8770675,-2.428086996,-0.8570267558,-1.483835085,160,-0.1114511057,0.1601166595,6.664075851,160.134684,-0.6856968403,2.425789118,0.2445387715,160,0.1597126943,0.1603944462,0.1202514172,160.3876271,0,0.2573754191,-0.7057511482,160,-0.8594714403,1,0.1721025136,172.2309726,0,2.786164092,160,0,4.340178013
0.2220925,-1.848478249,-0.1162860956,-0.1056294245,2.351840779,-0.1137419872,0.1609323661,6.601006985,160.8409314,-2.428086996,-0.8570267558,-1.807980244,160,-0.1114511057,0.1601166595,6.664075851,160.1331643,-0.6856968403,2.425789118,-0.07620074172,160,0.1599656883,0.1603864215,0.2514648438,160.3844191,0,0.2555402815,-0.1723007301,160,-0.8594714403,1,0.1722500329,172.2793901,0,2.400108091,160,0,4.315847397
0.222093,-1.888971559,-0.1563696521,-0.03896034744,2.303571443,-0.1137419872,0.1609323661,6.601006985,160.8359587,-2.428086996,-0.8570267558,-1.848478252,160,-0.1114511057,0.1601166595,6.664075851,160.1325233,-0.6856968403,2.425789118,-0.1162860954,160,0.1599656883,0.1603864215,0.2514648438,160.3840181,0,0.2555402815,-0.1056294252,160,-0.8594714403,1,0.1722500329,172.2848993,0,2.351840777,160,0,4.315847397
0.222088,-1.483835086,0.2445387746,-0.7057511539,2.786164097,-0.1137419872,0.1609323661,6.601006985,160.8811287,-2.428086996,-0.8570267558,-1.443297819,160,-0.1114511057,0.1601166595,6.664075851,160.134423,-0.6856968403,2.425789118,0.2846372951,160,0.1597126943,0.1603944462,0.1202514172,160.3880281,0,0.2573754191,-0.772442462,160,-0.8594714403,1,0.1721025136,172.2243775,0,2.834409575,160,0,4.340178013
0.2220905,-1.686458693,0.04406543464,-0.3723279616,2.544897087,-0.1137419872,0.1609323661,6.601006985,160.8598097,-2.428086996,-0.8570267558,-1.645942561,160,-0.1114511057,0.1601166595,6.664075851,160.134726,-0.6856968403,2.425789118,0.0841573069,160,0.1599656883,0.1603864215,0.2514648438,160.3860231,0,0.2555402815,-0.4390081187,160,-0.8594714403,1,0.1722500329,172.2561466,0,2.5931555,160,0,4.315847397
0.2220805,-0.8753840884,0.8461048273,-1.706354292,3.509512682,-0.1137419872,0.1609323661,6.601006985,160.9299053,-2.428086996,-0.8570267558,-0.8347942781,160,-0.1114511057,0.1601166595,6.664075851,160.1185004,-0.6856968403,2.425789118,0.8862132432,160,0.1597126943,0.1603944462,0.1202514172,160.3940434,0,0.2573754191,-1.773078395,160,-0.8594714403,1,0.1721025136,172.1110101,0,3.557708293,160,0,4.340178013
0.2220985,-2.334068586,-0.5971510764,0.6942528144,1.772498238,-0.1137419872,0.1609323661,6.601006985,160.7745807,-2.428086996,-0.8570267558,-2.293631407,160,-0.1114511057,0.1601166595,6.664075851,160.1188598,-0.6856968403,2.425789118,-0.5570916954,160,0.1599656883,0.1603864215,0.2514648438,160.3796071,0,0.2555402815,0.6276082161,160,-0.8594714403,1,0.1722500329,172.3375343,0,1.820784512,160,0,4.315847397
0.222092,-1.807980241,-0.07620074192,-0.1723007243,2.400108093,-0.1137419872,0.1609323661,6.601006985,160.8458029,-2.428086996,-0.8570267558,-1.767477602,160,-0.1114511057,0.1601166595,6.664075851,160.133705,-0.6856968403,2.425789118,-0.03611366139,160,0.1599656883,0.1603864215,0.2514648438,160.3848201,0,0.2555402815,-0.2389742519,160,-0.8594714403,1,0.1722500329,172.2737603,0,2.448373301,160,0,4.315847397
0.222095,-2.050896463,-0.3166845718,0.2276937339,2.110475476,-0.1137419872,0.1609323661,6.601006985,160.8150557,-2.428086996,-0.8570267558,-2.010422623,160,-0.1114511057,0.1601166595,6.664075851,160.1289573,-0.6856968403,2.425789118,-0.2766088727,160,0.1599656883,0.1603864215,0.2514648438,160.3824141,0,0.2555402815,0.1610335687,160,-0.8594714403,1,0.1722500329,172.3057292,0,2.1587521,160,0,4.315847397
0.22209,-1.645942561,0.08415730946,-0.4390081535,2.593155502,-0.1137419872,0.1609323661,6.601006985,160.8642761,-2.428086996,-0.8570267558,-1.605422067,160,-0.1114511057,0.1601166595,6.664075851,160.1348659,-0.6856968403,2.425789118,0.1242506436,160,0.1599656883,0.1603864215,0.2514648438,160.3864241,0,0.2555402815,-0.505690565,160,-0.8594714403,1,0.1722500329,172.2500341,0,2.641411488,160,0,4.315847397
0.2220875,-1.443297816,0.2846372985,-0.7724424625,2.834409577,-0.1137419872,0.1609323661,6.601006985,160.8850885,-2.428086996,-0.8570267558,-1.402756524,160,-0.1114511057,0.1601166595,6.664075851,160.1340616,-0.6856968403,2.425789118,0.324736952,160,0.1597126943,0.1603944462,0.1202514172,160.3884291,0,0.2573754191,-0.8391359643,160,-0.8594714403,1,0.1721025136,172.2176618,0,2.882652229,160,0,4.340178013
0.222097,-2.212740797,-0.4769653983,0.4943122558,1.917353578,-0.1137419872,0.1609323661,6.601006985,160.7925339,-2.428086996,-0.8570267558,-2.172287505,160,-0.1114511057,0.1601166595,6.664075851,160.1237883,-0.6856968403,2.425789118,-0.4368986239,160,0.1599656883,0.1603864215,0.2514648438,160.3808101,0,0.2555402815,0.4276609786,160,-0.8594714403,1,0.1722500329,172.3246278,0,1.965636201,160,0,4.315847397
0.222089,-1.564897278,0.1643453824,-0.572375207,2.689664973,-0.1137419872,0.1609323661,6.601006985,160.872905,-2.428086996,-0.8570267558,-1.524368262,160,-0.1114511057,0.1601166595,6.664075851,160.1348449,-0.6856968403,2.425789118,0.2044414451,160,0.1597126943,0.1603944462,0.1202514172,160.3872261,0,0.2573754191,-0.6390620513,160,-0.8594714403,1,0.1721025136,172.2374471,0,2.737915867,160,0,4.340178013
0.222081,-0.915971572,0.805996571,-1.639631847,3.461314126,-0.1137419872,0.1609323661,6.601006985,160.9273399,-2.428086996,-0.8570267558,-0.8753840923,160,-0.1114511057,0.1601166595,6.664075851,160.1202404,-0.6856968403,2.425789118,0.8461048253,160,0.1597126943,0.1603944462,0.1202514172,160.3936424,0,0.2573754191,-1.706354283,160,-0.8594714403,1,0.1721025136,172.1193836,0,3.50951268,160,0,4.340178013
0.2220995,-2.414926359,-0.6772619844,0.8275354102,1.675922592,-0.1137419872,0.1609323661,6.601006985,160.7621064,-2.428086996,-0.8570267558,-2.374500259,160,-0.1114511057,0.1601166595,6.664075851,160.1150734,-0.6856968403,2.425789118,-0.6372078651,160,0.1599656883,0.1603864215,0.2514648438,160.3788051,0,0.2555402815,0.760895233,160,-0.8594714403,1,0.1722500329,172.345535,0,1.724210904,160,0,4.315847397
0.222098,-2.293631406,-0.5570916925,0.6276081836,1.820784516,-0.1137419872,0.1609323661,6.601006985,160.7806662,-2.428086996,-0.8570267558,-2.253188789,160,-0.1114511057,0.1601166595,6.664075851,160.1206028,-0.6856968403,2.425789118,-0.517029779,160,0.1599656883,0.1603864215,0.2514648438,160.3800081,0,0.2555402815,0.5609613538,160,-0.8594714403,1,0.1722500329,172.3333528,0,1.869069656,160,0,4.315847397
0.222082,-0.9971370276,0.7257809077,-1.50619363,3.36490547,-0.1137419872,0.1609323661,6.601006985,160.9219553,-2.428086996,-0.8570267558,-0.9565559118,160,-0.1114511057,0.1601166595,6.664075851,160.1234697,-0.6856968403,2.425789118,0.7658885721,160,0.1597126943,0.1603944462,0.1202514172,160.3928403,0,0.2573754191,-1.5729116,160,-0.8594714403,1,0.1721025136,172.1358295,0,3.413111692,160,0,4.340178013
0.2220975,-2.253188788,-0.5170297776,0.5609613307,1.869069656,-0.1137419872,0.1609323661,6.601006985,160.7866506,-2.428086996,-0.8570267558,-2.212740799,160,-0.1114511057,0.1601166595,6.664075851,160.1222456,-0.6856968403,2.425789118,-0.4769654005,160,0.1599656883,0.1603864215,0.2514648438,160.3804091,0,0.2555402815,0.4943122747,160,-0.8594714403,1,0.1722500329,172.3290507,0,1.917353579,160,0,4.315847397
0.222084,-1.159428002,0.5653548494,-1.239343887,3.172044233,-0.1137419872,0.1609323661,6.601006985,160.9099689,-2.428086996,-0.8570267558,-1.118860421,160,-0.1114511057,0.1601166595,6.664075851,160.128725,-0.6856968403,2.425789118,0.605460535,160,0.1597126943,0.1603944462,0.1202514172,160.3912362,0,0.2573754191,-1.30605298,160,-0.8594714403,1,0.1721025136,172.1672747,0,3.22026483,160,0,4.340178013
0.2220935,-1.929460103,-0.1964513448,0.02770650683,2.255300164,-0.1137419872,0.1609323661,6.601006985,160.8308847,-2.428086996,-0.8570267558,-1.888971561,160,-0.1114511057,0.1601166595,6.664075851,160.1317821,-0.6856968403,2.425789118,-0.156369655,160,0.1599656883,0.1603864215,0.2514648438,160.3836171,0,0.2555402815,-0.03896033718,160,-0.8594714403,1,0.1722500329,172.2902878,0,2.303571438,160,0,4.315847397
0.2220835,-1.118860419,0.6054605383,-1.306052986,3.220264832,-0.1137419872,0.1609323661,6.601006985,160.9131176,-2.428086996,-0.8570267558,-1.078289351,160,-0.1114511057,0.1601166595,6.664075851,160.1275616,-0.6856968403,2.425789118,0.6455668213,160,0.1597126943,0.1603944462,0.1202514172,160.3916372,0,0.2573754191,-1.372764302,160,-0.8594714403,1,0.1721025136,172.1595942,0,3.268481958,160,0,4.340178013
0.2220865,-1.36221127,0.3648376678,-0.9058317506,2.930891971,-0.1137419872,0.1609323661,6.601006985,160.8927041,-2.428086996,-0.8570267558,-1.321662129,160,-0.1114511057,0.1601166595,6.664075851,160.1330382,-0.6856968403,2.425789118,0.404939378,160,0.1597126943,0.1603944462,0.1202514172,160.3892312,0,0.2573754191,-0.9725297332,160,-0.8594714403,1,0.1721025136,172.2038685,0,2.979128723,160,0,4.340178013
0.2220965,-2.172287502,-0.4368986214,0.4276609588,1.965636202,-0.1137419872,0.1609323661,6.601006985,160.7983161,-2.428086996,-0.8570267558,-2.131828971,160,-0.1114511057,0.1601166595,6.664075851,160.1252308,-0.6856968403,2.425789118,-0.3968295132,160,0.1599656883,0.1603864215,0.2514648438,160.3812111,0,0.2555402815,0.3610074373,160,-0.8594714403,1,0.1722500329,172.3200842,0,2.013917445,160,0,4.315847397
0.2220955,-2.091365268,-0.3567581415,0.2943516979,2.062197231,-0.1137419872,0.1609323661,6.601006985,160.809577,-2.428086996,-0.8570267558,-2.050896462,160,-0.1114511057,0.1601166595,6.664075851,160.1278153,-0.6856968403,2.425789118,-0.3166845737,160,0.1599656883,0.1603864215,0.2514648438,160.3820131,0,0.2555402815,0.2276937323,160,-0.8594714403,1,0.1722500329,172.3106349,0,2.110475474,160,0,4.315847397
0.222099,-2.374500259,-0.6372078626,0.7608952232,1.724210903,-0.1137419872,0.1609323661,6.601006985,160.7683941,-2.428086996,-0.8570267558,-2.334068586,160,-0.1114511057,0.1601166595,6.664075851,160.1170167,-0.6856968403,2.425789118,-0.5971510788,160,0.1599656883,0.1603864215,0.2514648438,160.3792061,0,0.2555402815,0.694252833,160,-0.8594714403,1,0.1722500329,172.341595,0,1.772498237,160,0,4.315847397
0.282031,-1.305530938,2.052943222,-0.1337770518,11.99438195,0.2211198028,0.1610053033,12.10149479,160.9513979,-1.991682172,-0.8405529261,-1.264940732,160,0.2211575589,0.1601479998,12.13180542,160.2786098,1.380584836,1.340513945,2.093199669,160,0.1614628849,0.1604901314,0.1214109063,160.4890613,0,0.2583992183,-0.0934550286,160,-0.8435357809,0,0.1686374986,168.6970909,0,12.04059056,160,0,3.657004356
0.2820365,-1.751757767,1.610017427,-0.577183456,11.48490528,0.2211198028,0.1610053033,12.10149479,160.9060487,-1.991682172,-0.8405529261,-1.711213041,160,0.2211575589,0.1601479998,12.13180542,160.3256744,1.380584836,1.340513945,1.650290116,160,0.1614628849,0.1604901314,0.1214109063,160.4759798,0,0.2583992183,-0.536885306,160,-0.8435357809,0,0.1686374986,169.0165654,0,11.53130946,160,0,3.657004356
0.2820275,-1.021323508,2.334696564,0.1485118893,12.31745631,0.2211198028,0.1610053033,12.10149479,160.9738648,-1.991682172,-0.8405529261,-0.980708613,160,0.2211575589,0.1601479998,12.13180542,160.2423183,1.380584836,1.340513945,2.374938447,160,0.1614995166,0.1604786775,0.2019144297,160.4910356,0,0.2574563026,0.1888448757,160,-0.8435357809,0,0.1680163102,168.4865041,0,12.36353556,160,0,3.47464323
0.2820335,-1.508423675,1.851635125,-0.3353583091,11.76306795,0.2211198028,0.1610053033,12.10149479,160.9323059,-1.991682172,-0.8405529261,-1.467853128,160,0.2211575589,0.1601479998,12.13180542,160.3015129,1.380584836,1.340513945,1.891899963,160,0.1614628849,0.1604901314,0.1214109063,160.4846268,0,0.2583992183,-0.2950461315,160,-0.8435357809,0,0.1686374986,168.8440437,0,11.80936662,160,0,3.657004356
0.282021,-0.4930950922,2.857638611,0.6729227191,12.91499892,0.2211198028,0.1610053033,12.10149479,161.0023874,-1.991682172,-0.8405529261,-0.4524431283,160,0.2211575589,0.1601479998,12.13180542,160.1618414,1.380584836,1.340513945,2.897844713,160,0.1614995166,0.1604786775,0.2019144297,160.481593,0,0.2574563026,0.7132673332,160,-0.8435357809,0,0.1680163102,168.0804443,0,12.96082788,160,0,3.47464323
0.2820285,-1.102543267,2.254206014,0.06785007515,12.22524174,0.2211198028,0.1610053033,12.10149479,160.9679532,-1.991682172,-0.8405529261,-1.061935084,160,0.2211575589,0.1601479998,12.13180542,160.2531904,1.380584836,1.340513945,2.294452397,160,0.1614995166,0.1604786775,0.2019144297,160.4909756,0,0.2574563026,0.108180263,160,-0.8435357809,0,0.1680163102,168.5472487,0,12.27135834,160,0,3.47464323
0.2820355,-1.670663842,1.69056167,-0.49658465,11.57769625,0.2211198028,0.1610053033,12.10149479,160.9152066,-1.991682172,-0.8405529261,-1.630110241,160,0.2211575589,0.1601479998,12.13180542,160.3180233,1.380584836,1.340513945,1.730832011,160,0.1614628849,0.1604901314,0.1214109063,160.4792652,0,0.2583992183,-0.4562815548,160,-0.8435357809,0,0.1686374986,168.9595219,0,11.62406557,160,0,3.657004356
0.2820255,-0.8588446354,2.495649741,0.3098513566,12.50166028,0.2211198028,0.1610053033,12.10149479,160.9844694,-1.991682172,-0.8405529261,-0.8182171136,160,0.2211575589,0.1601479998,12.13180542,160.2193666,1.380584836,1.340513945,2.535881823,160,0.1614995166,0.1604786775,0.2019144297,160.4899455,0,0.2574563026,0.3501891293,160,-0.8435357809,0,0.1680163102,168.3636323,0,12.54766391,160,0,3.47464323
0.282034,-1.548990088,1.811368808,-0.3756683177,11.7167515,0.2211198028,0.1610053033,12.10149479,160.9281832,-1.991682172,-0.8405529261,-1.508423679,160,0.2211575589,0.1601479998,12.13180542,160.3057915,1.380584836,1.340513945,1.851635123,160,0.1614628849,0.1604901314,0.1214109063,160.4834376,0,0.2583992183,-0.3353583082,160,-0.8435357809,0,0.1686374986,168.8730871,0,11.76306795,160,0,3.657004356
0.28202,-0.4117893565,2.938048421,0.753612282,13.00664202,0.2211198028,0.1610053033,12.10149479,161.0053023,-1.991682172,-0.8405529261,-0.3711332468,160,0.2211575589,0.1601479998,12.13180542,160.1480023,1.380584836,1.340513945,2.978248887,160,0.1614995166,0.1604786775,0.2019144297,160.4786779,0,0.2574563026,0.7939576214,160,-0.8435357809,0,0.1680163102,168.0163087,0,13.05243633,160,0,3.47464323
0.28203,-1.22434679,2.133454245,-0.05313123542,12.08678092,0.2211198028,0.1610053033,12.10149479,160.9583245,-1.991682172,-0.8405529261,-1.183749191,160,0.2211575589,0.1601479998,12.13180542,160.2687439,1.380584836,1.340513945,2.173706868,160,0.1614628849,0.1604901314,0.1214109063,160.4901295,0,0.2583992183,-0.0128057458,160,-0.8435357809,0,0.1686374986,168.6375004,0,12.13295295,160,0,3.657004356
0.2820315,-1.346117351,2.012684958,-0.1740972414,11.94815518,0.2211198028,0.1610053033,12.10149479,160.9477824,-1.991682172,-0.8405529261,-1.30553094,160,0.2211575589,0.1601479998,12.13180542,160.2833917,1.380584836,1.340513945,2.05294322,160,0.1614628849,0.1604901314,0.1214109063,160.488376,0,0.2583992183,-0.1337770534,160,-0.8435357809,0,0.1686374986,168.7267128,0,11.99438195,160,0,3.657004356
0.282029,-1.143147991,2.213957483,0.02752138304,12.17910659,0.2211198028,0.1610053033,12.10149479,160.9648451,-1.991682172,-0.8405529261,-1.102543269,160,0.2211575589,0.1601479998,12.13180542,160.2584756,1.380584836,1.340513945,2.254206013,160,0.1614995166,0.1604786775,0.2019144297,160.4907944,0,0.2574563026,0.067850074,160,-0.8435357809,0,0.1680163102,168.577448,0,12.22524174,160,0,3.47464323
0.2820235,-0.6963168949,2.656562102,0.4712083591,12.6855599,0.2211198028,0.1610053033,12.10149479,160.9934489,-1.991682172,-0.8405529261,-0.6556778338,160,0.2211575589,0.1601479998,12.13180542,160.1948055,1.380584836,1.340513945,2.696783309,160,0.1614995166,0.1604786775,0.2019144297,160.4872419,0,0.2574563026,0.5115498425,160,-0.8435357809,0,0.1680163102,168.2389195,0,12.73148668,160,0,3.47464323
0.2820245,-0.7775866032,2.576111292,0.3905279347,12.59364844,0.2211198028,0.1610053033,12.10149479,160.9891623,-1.991682172,-0.8405529261,-0.7369531758,160,0.2211575589,0.1601479998,12.13180542,160.2072872,1.380584836,1.340513945,2.616338072,160,0.1614995166,0.1604786775,0.2019144297,160.4887954,0,0.2574563026,0.4308677006,160,-0.8435357809,0,0.1680163102,168.3015059,0,12.6396138,160,0,3.47464323
0.282033,-1.467853127,1.891899966,-0.29504613,11.80936662,0.2211198028,0.1610053033,12.10149479,160.9363272,-1.991682172,-0.8405529261,-1.427278512,160,0.2211575589,0.1601479998,12.13180542,160.2971336,1.380584836,1.340513945,1.932163261,160,0.1614628849,0.1604901314,0.1214109063,160.4857153,0,0.2583992183,-0.2547318516,160,-0.8435357809,0,0.1686374986,168.8148846,0,11.85564744,160,0,3.657004356
0.2820395,-1.994928438,1.368361088,-0.8189159763,11.20611937,0.2211198028,0.1610053033,12.10149479,160.8761427,-1.991682172,-0.8405529261,-1.95441196,160,0.2211575589,0.1601479998,12.13180542,160.3462111,1.380584836,1.340513945,1.408639211,160,0.1614628849,0.1604901314,0.1214109063,160.463706,0,0.2583992183,-0.7786342735,160,-0.8435357809,0,0.1686374986,169.1849089,0,11.25262625,160,0,3.657004356
0.282023,-0.6556778313,2.696783312,0.5115498457,12.73148668,0.2211198028,0.1610053033,12.10149479,160.9954399,-1.991682172,-0.8405529261,-0.6150360541,160,0.2211575589,0.1601479998,12.13180542,160.1884138,1.380584836,1.340513945,2.737001633,160,0.1614995166,0.1604786775,0.2019144297,160.4863138,0,0.2574563026,0.5518920894,160,-0.8435357809,0,0.1680163102,168.207454,0,12.77739404,160,0,3.47464323
0.282027,-0.980708608,2.37493845,0.188844877,12.36353556,0.2211198028,0.1610053033,12.10149479,160.9766682,-1.991682172,-0.8405529261,-0.9400904517,160,0.2211575589,0.1601479998,12.13180542,160.2367312,1.380584836,1.340513945,2.415177985,160,0.1614995166,0.1604786775,0.2019144297,160.4909143,0,0.2574563026,0.229179161,160,-0.8435357809,0,0.1680163102,168.455959,0,12.40959602,160,0,3.47464323
0.282028,-1.061935084,2.294452397,0.1081802663,12.27135834,0.2211198028,0.1610053033,12.10149479,160.9709597,-1.991682172,-0.8405529261,-1.021323509,160,0.2211575589,0.1601479998,12.13180542,160.2478046,1.380584836,1.340513945,2.334696561,160,0.1614995166,0.1604786775,0.2019144297,160.491056,0,0.2574563026,0.1485118872,160,-0.8435357809,0,0.1680163102,168.5169341,0,12.31745631,160,0,3.47464323
0.282039,-1.954411959,1.408639212,-0.77863427,11.25262625,0.2211198028,0.1610053033,12.10149479,160.8813803,-1.991682172,-0.8405529261,-1.913890603,160,0.2211575589,0.1601479998,12.13180542,160.3430401,1.380584836,1.340513945,1.448916599,160,0.1614628849,0.1604901314,0.1214109063,160.4660034,0,0.2583992183,-0.7383496587,160,-0.8435357809,0,0.1686374986,169.1571421,0,11.29911621,160,0,3.657004356
0.282022,-0.5743916234,2.777217003,0.5922350314,12.82328192,0.2211198028,0.1610053033,12.10149479,160.9991169,-1.991682172,-0.8405529261,-0.5337446183,160,0.2211575589,0.1601479998,12.13180542,160.1753287,1.380584836,1.340513945,2.817429351,160,0.1614995166,0.1604786775,0.2019144297,160.4841551,0,0.2574563026,0.632578594,160,-0.8435357809,0,0.1680163102,168.1441786,0,12.86915024,160,0,3.47464323
0.2820375,-1.832833534,1.529468891,-0.65777197,11.39204506,0.2211198028,0.1610053033,12.10149479,160.8964853,-1.991682172,-0.8405529261,-1.792297958,160,0.2211575589,0.1601479998,12.13180542,160.3329227,1.380584836,1.340513945,1.569743663,160,0.1614628849,0.1604901314,0.1214109063,160.4722914,0,0.2583992183,-0.617479035,160,-0.8435357809,0,0.1686374986,169.0731446,0,11.43848379,160,0,3.657004356
0.2820295,-1.183749188,2.173706871,-0.01280574287,12.13295295,0.2211198028,0.1610053033,12.10149479,160.9616356,-1.991682172,-0.8405529261,-1.14314799,160,0.2211575589,0.1601479998,12.13180542,160.2636601,1.380584836,1.340513945,2.213957483,160,0.1614995166,0.1604786775,0.2019144297,160.4905123,0,0.2574563026,0.02752138073,160,-0.8435357809,0,0.1680163102,168.607532,0,12.17910659,160,0,3.47464323
0.2820345,-1.589552298,1.771101082,-0.4159760888,11.67041735,0.2211198028,0.1610053033,12.10149479,160.9239591,-1.991682172,-0.8405529261,-1.548990092,160,0.2211575589,0.1601479998,12.13180542,160.3099694,1.380584836,1.340513945,1.811368808,160,0.1614628849,0.1604901314,0.1214109063,160.4821475,0,0.2583992183,-0.3756683178,160,-0.8435357809,0,0.1686374986,168.9020146,0,11.7167515,160,0,3.657004356
0.2820205,-0.4524431245,2.897844716,0.7132673332,12.96082789,0.2211198028,0.1610053033,12.10149479,161.0038957,-1.991682172,-0.8405529261,-0.4117893582,160,0.2211575589,0.1601479998,12.13180542,160.1549721,1.380584836,1.340513945,2.938048418,160,0.1614995166,0.1604786775,0.2019144297,160.4801859,0,0.2574563026,0.7536122801,160,-0.8435357809,0,0.1680163102,168.0484338,0,13.00664202,160,0,3.47464323
0.2820325,-1.427278513,1.932163263,-0.2547318476,11.85564744,0.2211198028,0.1610053033,12.10149479,160.9402471,-1.991682172,-0.8405529261,-1.3866999,160,0.2211575589,0.1601479998,12.13180542,160.2926536,1.380584836,1.340513945,1.972424947,160,0.1614628849,0.1604901314,0.1214109063,160.486703,0,0.2583992183,-0.2144155324,160,-0.8435357809,0,0.1686374986,168.7856097,0,11.90191031,160,0,3.657004356
0.2820225,-0.6150360516,2.737001634,0.5518920921,12.77739404,0.2211198028,0.1610053033,12.10149479,160.9973292,-1.991682172,-0.8405529261,-0.5743916276,160,0.2211575589,0.1601479998,12.13180542,160.1819215,1.380584836,1.340513945,2.777217002,160,0.1614995166,0.1604786775,0.2019144297,160.4852849,0,0.2574563026,0.592235029,160,-0.8435357809,0,0.1680163102,168.1758737,0,12.82328192,160,0,3.47464323
0.282026,-0.8994691039,2.455415105,0.2695146778,12.45563762,0.2211198028,0.1610053033,12.10149479,160.9819705,-1.991682172,-0.8405529261,-0.8588446363,160,0.2211575589,0.1601479998,12.13180542,160.2252554,1.380584836,1.340513945,2.495649738,160,0.1614995166,0.1604786775,0.2019144297,160.4903693,0,0.2574563026,0.3098513552,160,-0.8435357809,0,0.1680163102,168.394523,0,12.50166027,160,0,3.47464323
0.282025,-0.8182171126,2.535881825,0.3501891313,12.54766391,0.2211198028,0.1610053033,12.10149479,160.9868666,-1.991682172,-0.8405529261,-0.7775866067,160,0.2211575589,0.1601479998,12.13180542,160.2133772,1.380584836,1.340513945,2.576111292,160,0.1614995166,0.1604786775,0.2019144297,160.4894209,0,0.2574563026,0.3905279335,160,-0.8435357809,0,0.1680163102,168.3326266,0,12.59364844,160,0,3.47464323
0.282037,-1.792297954,1.569743663,-0.617479033,11.43848379,0.2211198028,0.1610053033,12.10149479,160.9013177,-1.991682172,-0.8405529261,-1.751757772,160,0.2211575589,0.1601479998,12.13180542,160.3293489,1.380584836,1.340513945,1.610017424,160,0.1614628849,0.1604901314,0.1214109063,160.474186,0,0.2583992183,-0.5771834566,160,-0.8435357809,0,0.1686374986,169.044913,0,11.48490528,160,0,3.657004356
0.282024,-0.7369531747,2.616338073,0.4308676997,12.6396138,0.2211198028,0.1610053033,12.10149479,160.9913564,-1.991682172,-0.8405529261,-0.6963168993,160,0.2211575589,0.1601479998,12.13180542,160.2010966,1.380584836,1.340513945,2.656562103,160,0.1614995166,0.1604786775,0.2019144297,160.488069,0,0.2574563026,0.4712083559,160,-0.8435357809,0,0.1680163102,168.2702702,0,12.6855599,160,0,3.47464323
0.2820265,-0.9400904507,2.415177986,0.2291791623,12.40959602,0.2211198028,0.1610053033,12.10149479,160.9793702,-1.991682172,-0.8405529261,-0.8994691036,160,0.2211575589,0.1601479998,12.13180542,160.2310436,1.380584836,1.340513945,2.455415103,160,0.1614995166,0.1604786775,0.2019144297,160.4906922,0,0.2574563026,0.2695146755,160,-0.8435357809,0,0.1680163102,168.4252986,0,12.45563762,160,0,3.47464323
0.282036,-1.71121304,1.650290119,-0.5368853059,11.53130946,0.2211198028,0.1610053033,12.10149479,160.9106783,-1.991682172,-0.8405529261,-1.670663845,160,0.2211575589,0.1601479998,12.13180542,160.3218992,1.380584836,1.340513945,1.690561668,160,0.1614628849,0.1604901314,0.1214109063,160.4776728,0,0.2583992183,-0.4965846543,160,-0.8435357809,0,0.1686374986,168.9881016,0,11.57769625,160,0,3.657004356
0.282038,-1.87336444,1.489193181,-0.6980621998,11.34558918,0.2211198028,0.1610053033,12.10149479,160.8915516,-1.991682172,-0.8405529261,-1.832833536,160,0.2211575589,0.1601479998,12.13180542,160.3363959,1.380584836,1.340513945,1.529468889,160,0.1614628849,0.1604901314,0.1214109063,160.4702961,0,0.2583992183,-0.6577719702,160,-0.8435357809,0,0.1686374986,169.10126,0,11.39204506,160,0,3.657004356
0.2820385,-1.913890604,1.448916599,-0.7383496556,11.29911621,0.2211198028,0.1610053033,12.10149479,160.8865166,-1.991682172,-0.8405529261,-1.87336444,160,0.2211575589,0.1601479998,12.13180542,160.3397683,1.380584836,1.340513945,1.489193181,160,0.1614628849,0.1604901314,0.1214109063,160.4682001,0,0.2583992183,-0.6980622018,160,-0.8435357809,0,0.1686374986,169.1292592,0,11.34558918,160,0,3.657004356
0.2820305,-1.264940729,2.093199673,-0.09345502746,12.04059056,0.2211198028,0.1610053033,12.10149479,160.954912,-1.991682172,-0.8405529261,-1.224346793,160,0.2211575589,0.1601479998,12.13180542,160.2737272,1.380584836,1.340513945,2.133454242,160,0.1614628849,0.1604901314,0.1214109063,160.4896458,0,0.2583992183,-0.05313123808,160,-0.8435357809,0,0.1686374986,168.6673534,0,12.08678092,160,0,3.657004356
0.2820215,-0.5337446144,2.817429351,0.6325785961,12.86915024,0.2211198028,0.1610053033,12.10149479,161.000803,-1.991682172,-0.8405529261,-0.4930950936,160,0.2211575589,0.1601479998,12.13180542,160.1686353,1.380584836,1.340513945,2.857638609,160,0.1614995166,0.1604786775,0.2019144297,160.4829245,0,0.2574563026,0.6729227202,160,-0.8435357809,0,0.1680163102,168.1123688,0,12.91499892,160,0,3.47464323
0.282032,-1.386699898,1.97242495,-0.2144155291,11.90191031,0.2211198028,0.1610053033,12.10149479,160.9440655,-1.991682172,-0.8405529261,-1.346117354,160,0.2211575589,0.1601479998,12.13180542,160.288073,1.380584836,1.340513945,2.012684956,160,0.1614628849,0.1604901314,0.1214109063,160.4875899,0,0.2583992183,-0.1740972415,160,-0.8435357809,0,0.1686374986,168.7562191,0,11.94815518,160,0,3.657004356
0.282035,-1.630110238,1.730832013,-0.4562815553,11.62406557,0.2211198028,0.1610053033,12.10149479,160.9196335,-1.991682172,-0.8405529261,-1.589552298,160,0.2211575589,0.1601479998,12.13180542,160.3140467,1.380584836,1.340513945,1.771101079,160,0.1614628849,0.1604901314,0.1214109063,160.4807567,0,0.2583992183,-0.4159760927,160,-0.8435357809,0,0.1686374986,168.9308262,0,11.67041735,160,0,3.657004356
0.2078885,2.153125957,1.91885267,2.244200343,0.7951788234,-0.3510143396,0.1607183711,2.314758301,160.8193919,1.245880961,-0.8296154141,2.193746358,160,-0.3514564151,0.1600380202,2.320098877,160.1289261,1.021378279,-0.2816742659,1.959004745,160,0.160263596,0.1603943751,0.1605224609,160.3875602,0,0.256128341,2.177607399,160,-0.8309040666,0,0.1723780585,172.4239701,0,0.8434893246,160,0,4.273271084
0.207889,2.112503589,1.878699,2.310791076,0.7468688933,-0.3510143396,0.1607183711,2.314758301,160.8244234,1.245880961,-0.8296154141,2.153125955,160,-0.3514564151,0.1600380202,2.320098877,160.1333731,1.021378279,-0.2816742659,1.918852668,160,0.160263596,0.1603943751,0.1605224609,160.3871592,0,0.256128341,2.244200374,160,-0.8309040666,0,0.1723780585,172.4255873,0,0.7951788206,160,0,4.273271084
0.2078845,2.478028431,2.240019081,1.711394541,1.181672123,-0.3510143396,0.1607183711,2.314758301,160.7754842,1.245880961,-0.8296154141,2.518630662,160,-0.3514564151,0.1600380202,2.320098877,160.0897368,1.021378279,-0.2816742659,2.280156007,160,0.160263596,0.1603943751,0.1605224609,160.3907683,0,0.256128341,1.64478385,160,-0.8309040666,0,0.1723780585,172.406684,0,1.229984306,160,0,4.273271084
0.207896,1.543621468,1.316417619,1.852826137,0.07063597682,-0.3510143396,0.1607183711,2.314758301,160.8841473,1.245880961,-0.8296154141,1.584264208,160,-0.3514564151,0.1600380202,2.320098877,160.1850375,1.021378279,-0.2816742659,1.356586516,160,0.1604166223,0.1603863558,0.1602172852,160.445553,0,0.2564217448,1.893187044,160,-0.8309040666,0,0.1724284573,172.4354874,0,0.1189293961,160,0,4.211439133
0.207899,1.29974744,1.075394229,1.610632062,-0.2190843548,-0.3510143396,0.1607183711,2.314758301,160.9036686,1.245880961,-0.8296154141,1.340394864,160,-0.3514564151,0.1600380202,2.320098877,160.2011755,1.021378279,-0.2816742659,1.115565645,160,0.1604166223,0.1603863558,0.1602172852,160.4697273,0,0.2564217448,1.651000812,160,-0.8309040666,0,0.1724284573,172.4325115,0,-0.1708028243,160,0,4.211439133
0.207881,2.762187595,2.520929128,1.245072874,1.519851424,-0.3510143396,0.1607183711,2.314758301,160.7317352,1.245880961,-0.8296154141,2.802770371,160,-0.3514564151,0.1600380202,2.320098877,160.0501776,1.021378279,-0.2816742659,2.561049282,160,0.160263596,0.1603943751,0.1605224609,160.3935755,0,0.256128341,1.178446638,160,-0.8309040666,0,0.1723780585,172.3852175,0,1.568160855,160,0,4.273271084
0.2078975,1.421687812,1.195907665,1.731734828,-0.07423328372,-0.3510143396,0.1607183711,2.314758301,160.8943652,1.245880961,-0.8296154141,1.462333199,160,-0.3514564151,0.1600380202,2.320098877,160.1935584,1.021378279,-0.2816742659,1.236078123,160,0.1604166223,0.1603863558,0.1602172852,160.4580943,0,0.2564217448,1.772099957,160,-0.8309040666,0,0.1724284573,172.4345427,0,-0.02594544668,160,0,4.211439133
0.2078855,2.396816507,2.159738908,1.844609315,1.085047615,-0.3510143396,0.1607183711,2.314758301,160.7870704,1.245880961,-0.8296154141,2.437423689,160,-0.3514564151,0.1600380202,2.320098877,160.1001363,1.021378279,-0.2816742659,2.199880022,160,0.160263596,0.1603943751,0.1605224609,160.3899663,0,0.256128341,1.778003053,160,-0.8309040666,0,0.1723780585,172.4117302,0,1.133359863,160,0,4.273271084
0.207898,1.381041677,1.155736817,1.691368423,-0.1225191023,-0.3510143396,0.1607183711,2.314758301,160.897568,1.245880961,-0.8296154141,1.421687809,160,-0.3514564151,0.1600380202,2.320098877,160.1961979,1.021378279,-0.2816742659,1.195907664,160,0.1604166223,0.1603863558,0.1602172852,160.4620729,0,0.2564217448,1.731734827,160,-0.8309040666,0,0.1724284573,172.4339864,0,-0.07423328796,160,0,4.211439133
0.207886,2.356206952,2.119595797,1.911213371,1.036735456,-0.3510143396,0.1607183711,2.314758301,160.7927111,1.245880961,-0.8296154141,2.396816505,160,-0.3514564151,0.1600380202,2.320098877,160.1051856,1.021378279,-0.2816742659,2.159738905,160,0.160263596,0.1603943751,0.1605224609,160.3895653,0,0.256128341,1.844609329,160,-0.8309040666,0,0.1723780585,172.4140722,0,1.085047614,160,0,4.273271084
0.207885,2.437423689,2.199880025,1.778003038,1.133359864,-0.3510143396,0.1607183711,2.314758301,160.781328,1.245880961,-0.8296154141,2.478028431,160,-0.3514564151,0.1600380202,2.320098877,160.0949868,1.021378279,-0.2816742659,2.240019079,160,0.160263596,0.1603943751,0.1605224609,160.3903673,0,0.256128341,1.71139456,160,-0.8309040666,0,0.1723780585,172.4092675,0,1.181672122,160,0,4.273271084
0.2078895,2.071879322,1.838543803,2.377379589,0.6985596164,-0.3510143396,0.1607183711,2.314758301,160.8293534,1.245880961,-0.8296154141,2.112503587,160,-0.3514564151,0.1600380202,2.320098877,160.1377196,1.021378279,-0.2816742659,1.878698999,160,0.160263596,0.1603943751,0.1605224609,160.3867582,0,0.256128341,2.310791075,160,-0.8309040666,0,0.1723780585,172.4270837,0,0.7468688885,160,0,4.273271084
0.2078925,1.82809694,1.597583814,2.135317762,0.4087227905,-0.3510143396,0.1607183711,2.314758301,160.856749,1.245880961,-0.8296154141,1.868731136,160,-0.3514564151,0.1600380202,2.320098877,160.1616403,1.021378279,-0.2816742659,1.637746724,160,0.1604166223,0.1603863558,0.1602172852,160.4127582,0,0.2564217448,2.175666459,160,-0.8309040666,0,0.1724284573,172.4334658,0,0.4570264167,160,0,4.211439133
0.207882,2.681013159,2.440681095,1.378318741,1.423230734,-0.3510143396,0.1607183711,2.314758301,160.7447424,1.245880961,-0.8296154141,2.721601831,160,-0.3514564151,0.1600380202,2.320098877,160.0619819,1.021378279,-0.2816742659,2.480806373,160,0.160263596,0.1603943751,0.1605224609,160.3927734,0,0.256128341,1.311696934,160,-0.8309040666,0,0.1723780585,172.3919547,0,1.471541353,160,0,4.273271084
0.2078865,2.315595092,2.079450759,1.977815206,0.9884234669,-0.3510143396,0.1607183711,2.314758301,160.7982504,1.245880961,-0.8296154141,2.356206949,160,-0.3514564151,0.1600380202,2.320098877,160.1101344,1.021378279,-0.2816742659,2.119595795,160,0.160263596,0.1603943751,0.1605224609,160.3891643,0,0.256128341,1.91121336,160,-0.8309040666,0,0.1723780585,172.4162933,0,1.036735455,160,0,4.273271084
0.207897,1.462333201,1.236078126,1.772099961,-0.02594544404,-0.3510143396,0.1607183711,2.314758301,160.8910609,1.245880961,-0.8296154141,1.502977774,160,-0.3514564151,0.1600380202,2.320098877,160.1908185,1.021378279,-0.2816742659,1.276248131,160,0.1604166223,0.1603863558,0.1602172852,160.4540148,0,0.2564217448,1.812463751,160,-0.8309040666,0,0.1724284573,172.4349783,0,0.02234433438,160,0,4.211439133
0.2078985,1.340394864,1.11556565,1.651000812,-0.1708028195,-0.3510143396,0.1607183711,2.314758301,160.9006691,1.245880961,-0.8296154141,1.381041677,160,-0.3514564151,0.1600380202,2.320098877,160.1987369,1.021378279,-0.2816742659,1.155736815,160,0.1604166223,0.1603863558,0.1602172852,160.4659506,0,0.2564217448,1.691368421,160,-0.8309040666,0,0.1724284573,172.4333093,0,-0.1225191042,160,0,4.211439133
0.2078815,2.721601835,2.480806377,1.311696918,1.471541356,-0.3510143396,0.1607183711,2.314758301,160.7382895,1.245880961,-0.8296154141,2.762187595,160,-0.3514564151,0.1600380202,2.320098877,160.0561299,1.021378279,-0.2816742659,2.520929126,160,0.160263596,0.1603943751,0.1605224609,160.3931745,0,0.256128341,1.245072895,160,-0.8309040666,0,0.1723780585,172.3886465,0,1.519851423,160,0,4.273271084
0.207893,1.787461316,1.557419849,2.094967116,0.3604203806,-0.3510143396,0.1607183711,2.314758301,160.8609679,1.245880961,-0.8296154141,1.828096938,160,-0.3514564151,0.1600380202,2.320098877,160.165284,1.021378279,-0.2816742659,1.597583815,160,0.1604166223,0.1603863558,0.1602172852,160.4177458,0,0.2564217448,2.135317757,160,-0.8309040666,0,0.1724284573,172.4341169,0,0.4087227872,160,0,4.211439133
0.207894,1.706186068,1.477089016,2.014260254,0.2638195326,-0.3510143396,0.1607183711,2.314758301,160.8691008,1.245880961,-0.8296154141,1.746824335,160,-0.3514564151,0.1600380202,2.320098877,160.1722702,1.021378279,-0.2816742659,1.517254894,160,0.1604166223,0.1603863558,0.1602172852,160.4274185,0,0.2564217448,2.05461459,160,-0.8309040666,0,0.1724284573,172.4350567,0,0.3121192655,160,0,4.211439133
0.207895,1.624905938,1.396754761,1.933546415,0.1672245169,-0.3510143396,0.1607183711,2.314758301,160.8768272,1.245880961,-0.8296154141,1.665546577,160,-0.3514564151,0.1600380202,2.320098877,160.1788547,1.021378279,-0.2816742659,1.436922282,160,0.1604166223,0.1603863558,0.1602172852,160.4366875,0,0.2564217448,1.973904169,160,-0.8309040666,0,0.1724284573,172.4355136,0,0.2155212506,160,0,4.211439133
0.207887,2.274980994,2.03930386,2.044414821,0.9401117286,-0.3510143396,0.1607183711,2.314758301,160.8036881,1.245880961,-0.8296154141,2.31559509,160,-0.3514564151,0.1600380202,2.320098877,160.1149829,1.021378279,-0.2816742659,2.079450756,160,0.160263596,0.1603943751,0.1605224609,160.3887633,0,0.256128341,1.977815231,160,-0.8309040666,0,0.1723780585,172.4183937,0,0.9884234657,160,0,4.273271084
0.2078915,1.909363847,1.677908509,2.216013149,0.5053311798,-0.3510143396,0.1607183711,2.314758301,160.8480065,1.245880961,-0.8296154141,1.949994992,160,-0.3514564151,0.1600380202,2.320098877,160.1540516,1.021378279,-0.2816742659,1.7180691,160,0.1604166223,0.1603863558,0.1602172852,160.4024802,0,0.2564217448,2.256357753,160,-0.8309040666,0,0.1724284573,172.4318014,0,0.553636994,160,0,4.211439133
0.207888,2.193746359,1.959004748,2.177607389,0.8434893263,-0.3510143396,0.1607183711,2.314758301,160.8142589,1.245880961,-0.8296154141,2.234364725,160,-0.3514564151,0.1600380202,2.320098877,160.1243788,1.021378279,-0.2816742659,1.999155163,160,0.160263596,0.1603943751,0.1605224609,160.3879612,0,0.256128341,2.111012208,160,-0.8309040666,0,0.1723780585,172.4222321,0,0.8918003225,160,0,4.273271084
0.2078905,1.990624517,1.75822844,2.296700213,0.601943792,-0.3510143396,0.1607183711,2.314758301,160.8388831,1.245880961,-0.8296154141,2.03125278,160,-0.3514564151,0.1600380202,2.320098877,160.1460864,1.021378279,-0.2816742659,1.798386798,160,0.1604166223,0.1603863558,0.1602172852,160.391824,0,0.2564217448,2.337041025,160,-0.8309040666,0,0.1724284573,172.4296841,0,0.6502512768,160,0,4.211439133
0.207891,1.949994996,1.718069103,2.256357755,0.5536369983,-0.3510143396,0.1607183711,2.314758301,160.8434829,1.245880961,-0.8296154141,1.990624515,160,-0.3514564151,0.1600380202,2.320098877,160.1501067,1.021378279,-0.2816742659,1.758228439,160,0.1604166223,0.1603863558,0.1602172852,160.3971899,0,0.2564217448,2.29670021,160,-0.8309040666,0,0.1724284573,172.4307881,0,0.601943789,160,0,4.211439133
0.20788,2.84335088,2.601167455,1.111818676,1.616469773,-0.3510143396,0.1607183711,2.314758301,160.7183729,1.245880961,-0.8296154141,2.883928317,160,-0.3514564151,0.1600380202,2.320098877,160.0380222,1.021378279,-0.2816742659,2.641282919,160,0.160263596,0.1603943751,0.1605224609,160.3943775,0,0.256128341,1.045188554,160,-0.8309040666,0,0.1723780585,172.3780575,0,1.664777933,160,0,4.273271084
0.2078955,1.584264212,1.356586517,1.893187047,0.1189293972,-0.3510143396,0.1607183711,2.314758301,160.8805381,1.245880961,-0.8296154141,1.624905938,160,-0.3514564151,0.1600380202,2.320098877,160.1819963,1.021378279,-0.2816742659,1.396754758,160,0.1604166223,0.1603863558,0.1602172852,160.4411707,0,0.2564217448,1.933546411,160,-0.8309040666,0,0.1724284573,172.4355609,0,0.1672245169,160,0,4.211439133
0.2078965,1.502977775,1.276248133,1.812463753,0.02234433628,-0.3510143396,0.1607183711,2.314758301,160.8876549,1.245880961,-0.8296154141,1.543621465,160,-0.3514564151,0.1600380202,2.320098877,160.1879782,1.021378279,-0.2816742659,1.316417617,160,0.1604166223,0.1603863558,0.1602172852,160.4498343,0,0.2564217448,1.852826138,160,-0.8309040666,0,0.1724284573,172.4352932,0,0.07063597351,160,0,4.211439133
0.2078805,2.802770373,2.561049282,1.178446608,1.568160857,-0.3510143396,0.1607183711,2.314758301,160.7251048,1.245880961,-0.8296154141,2.843350877,160,-0.3514564151,0.1600380202,2.320098877,160.0441501,1.021378279,-0.2816742659,2.601167452,160,0.160263596,0.1603943751,0.1605224609,160.3939765,0,0.256128341,1.111818676,160,-0.8309040666,0,0.1723780585,172.3816979,0,1.61646977,160,0,4.273271084
0.2078935,1.746824336,1.517254894,2.05461459,0.3121192678,-0.3510143396,0.1607183711,2.314758301,160.8650851,1.245880961,-0.8296154141,1.787461315,160,-0.3514564151,0.1600380202,2.320098877,160.1688273,1.021378279,-0.2816742659,1.557419846,160,0.1604166223,0.1603863558,0.1602172852,160.4226326,0,0.2564217448,2.094967115,160,-0.8309040666,0,0.1724284573,172.4346472,0,0.3604203798,160,0,4.211439133
0.2078835,2.559230321,2.32029074,1.578170884,1.278296345,-0.3510143396,0.1607183711,2.314758301,160.763492,1.245880961,-0.8296154141,2.599827333,160,-0.3514564151,0.1600380202,2.320098877,160.0789359,1.021378279,-0.2816742659,2.36042321,160,0.160263596,0.1603943751,0.1605224609,160.3915704,0,0.256128341,1.511555723,160,-0.8309040666,0,0.1723780585,172.4011546,0,1.326608146,160,0,4.273271084
0.20789,2.031252784,1.798386801,2.337041025,0.650251277,-0.3510143396,0.1607183711,2.314758301,160.8341817,1.245880961,-0.8296154141,2.071879322,160,-0.3514564151,0.1600380202,2.320098877,160.1419658,1.021378279,-0.2816742659,1.838543799,160,0.1604166223,0.1603863558,0.1602172852,160.3863572,0,0.2564217448,2.377379616,160,-0.8309040666,0,0.1724284573,172.4284594,0,0.6985596137,160,0,4.211439133
0.207892,1.868731139,1.637746723,2.175666462,0.457026417,-0.3510143396,0.1607183711,2.314758301,160.8524286,1.245880961,-0.8296154141,1.909363846,160,-0.3514564151,0.1600380202,2.320098877,160.1578962,1.021378279,-0.2816742659,1.677908507,160,0.1604166223,0.1603863558,0.1602172852,160.4076696,0,0.2564217448,2.216013147,160,-0.8309040666,0,0.1724284573,172.432694,0,0.505331176,160,0,4.211439133
0.2078945,1.66554658,1.436922283,1.973904173,0.2155212555,-0.3510143396,0.1607183711,2.314758301,160.8730148,1.245880961,-0.8296154141,1.706186069,160,-0.3514564151,0.1600380202,2.320098877,160.1756127,1.021378279,-0.2816742659,1.477089015,160,0.1604166223,0.1603863558,0.1602172852,160.4321034,0,0.2564217448,2.01426025,160,-0.8309040666,0,0.1724284573,172.4353455,0,0.2638195333,160,0,4.211439133
0.2078875,2.234364728,1.999155167,2.111012215,0.8918003216,-0.3510143396,0.1607183711,2.314758301,160.8090243,1.245880961,-0.8296154141,2.274980993,160,-0.3514564151,0.1600380202,2.320098877,160.119731,1.021378279,-0.2816742659,2.039303858,160,0.160263596,0.1603943751,0.1605224609,160.3883623,0,0.256128341,2.044414828,160,-0.8309040666,0,0.1723780585,172.4203733,0,0.9401117254,160,0,4.273271084
0.2078995,1.259099474,1.035222623,1.570262242,-0.2673636278,-0.3510143396,0.1607183711,2.314758301,160.9065665,1.245880961,-0.8296154141,1.299747439,160,-0.3514564151,0.1600380202,2.320098877,160.2035137,1.021378279,-0.2816742659,1.075394227,160,0.1604166223,0.1603863558,0.1602172852,160.4734032,0,0.2564217448,1.610632061,160,-0.8309040666,0,0.1724284573,172.431593,0,-0.2190843595,160,0,4.211439133
0.207883,2.599827335,2.36042321,1.511555724,1.326608147,-0.3510143396,0.1607183711,2.314758301,160.7573436,1.245880961,-0.8296154141,2.640421634,160,-0.3514564151,0.1600380202,2.320098877,160.0733849,1.021378279,-0.2816742659,2.400553349,160,0.160263596,0.1603943751,0.1605224609,160.3919714,0,0.256128341,1.444938334,160,-0.8309040666,0,0.1723780585,172.3982088,0,1.374919638,160,0,4.273271084
0.207884,2.518630664,2.280156008,1.644783823,1.22998431,-0.3510143396,0.1607183711,2.314758301,160.7695389,1.245880961,-0.8296154141,2.559230321,160,-0.3514564151,0.1600380202,2.320098877,160.0843865,1.021378279,-0.2816742659,2.320290736,160,0.160263596,0.1603943751,0.1605224609,160.3911694,0,0.256128341,1.578170895,160,-0.8309040666,0,0.1723780585,172.4039797,0,1.278296342,160,0,4.273271084
0.2078825,2.640421637,2.400553351,1.444938343,1.374919637,-0.3510143396,0.1607183711,2.314758301,160.7510938,1.245880961,-0.8296154141,2.681013157,160,-0.3514564151,0.1600380202,2.320098877,160.0677335,1.021378279,-0.2816742659,2.440681094,160,0.160263596,0.1603943751,0.1605224609,160.3923724,0,0.256128341,1.378318757,160,-0.8309040666,0,0.1723780585,172.3951421,0,1.423230731,160,0,4.273271084
0.2531205,0.3260012378,1.807040454,-0.2709592037,-17.79789255,-0.3192851476,0.1612101848,2.63229847,161.210723,-1.239654303,-0.8075814843,0.366819819,160,-0.3206782118,0.1603857944,2.639312744,160.3900391,0.2623459101,0.1544787884,1.847363137,160,0.1616353055,0.1605725082,0.120304212,160.5715597,0,0.2589730322,-0.2305873856,160,-0.8106555939,0,0.1635206637,163.4758905,0,-17.75619078,160,0,-0.2936169207
0.253134,-0.7754740613,0.7180289859,-1.360011107,-18.91198774,-0.3192851476,0.1612101848,2.63229847,161.1873909,-1.239654303,-0.8075814843,-0.7347084079,160,-0.3206782118,0.1603857944,2.639312744,160.4671291,0.2623459101,0.1544787884,0.7583654984,160,0.1609148807,0.1605347428,0.1212987304,160.5083618,0,0.2586164773,-1.319718123,160,-0.8106555939,1,0.1626059607,162.2285663,0,-18.87114777,160,0,-0.6503216028
0.253131,-0.5308387021,0.9600519442,-1.118197376,-18.66645296,-0.3192851476,0.1612101848,2.63229847,161.1989949,-1.239654303,-0.8075814843,-0.490056955,160,-0.3206782118,0.1603857944,2.639312744,160.4563457,0.2623459101,0.1544787884,1.000389535,160,0.1609148807,0.1605347428,0.1212987304,160.528752,0,0.2586164773,-1.077882533,160,-0.8106555939,1,0.1626059607,162.5122277,0,-18.62541549,160,0,-0.6503216028
0.253126,-0.1229193019,1.363417349,-0.7149036255,-18.25461559,-0.3192851476,0.1612101848,2.63229847,161.210178,-1.239654303,-0.8075814843,-0.08211615921,160,-0.3206782118,0.1603857944,2.639312744,160.4303053,0.2623459101,0.1544787884,1.403751366,160,0.1616353055,0.1605725082,0.120304212,160.5546721,0,0.2589730322,-0.6745577217,160,-0.8106555939,0,0.1635206637,162.9767868,0,-18.21325433,160,0,-0.2936169207
0.253127,-0.2045200272,1.282747398,-0.7955869574,-18.33724182,-0.3192851476,0.1612101848,2.63229847,161.2087573,-1.239654303,-0.8075814843,-0.1637206175,160,-0.3206782118,0.1603857944,2.639312744,160.4363202,0.2623459101,0.1544787884,1.323082667,160,0.1616353055,0.1605725082,0.120304212,160.5502948,0,0.2589730322,-0.7552467309,160,-0.8106555939,0,0.1635206637,162.884699,0,-18.29594478,160,0,-0.2936169207
0.253139,-1.182958809,0.3146978046,-1.762716644,-19.31855316,-0.3192851476,0.1612101848,2.63229847,161.1598988,-1.239654303,-0.8075814843,-1.142225408,160,-0.3206782118,0.1603857944,2.639312744,160.4770342,0.2623459101,0.1544787884,0.355027133,160,0.1609148807,0.1605347428,0.1212987304,160.4663211,0,0.2586164773,-1.722465448,160,-0.8106555939,1,0.1626059607,161.7476443,0,-19.2780477,160,0,-0.6503216028
0.2531315,-0.5716179405,0.9197143617,-1.158508744,-18.70745769,-0.3192851476,0.1612101848,2.63229847,161.1973157,-1.239654303,-0.8075814843,-0.5308387045,160,-0.3206782118,0.1603857944,2.639312744,160.458395,0.2623459101,0.1544787884,0.9600519455,160,0.1609148807,0.1605347428,0.1212987304,160.5256056,0,0.2586164773,-1.118197378,160,-0.8106555939,1,0.1626059607,162.4652066,0,-18.66645296,160,0,-0.6503216028
0.2531355,-0.8977532338,0.5970222098,-1.48086653,-19.03430849,-0.3192851476,0.1612101848,2.63229847,161.1802129,-1.239654303,-0.8075814843,-0.8569965466,160,-0.3206782118,0.1603857944,2.639312744,160.4711595,0.2623459101,0.1544787884,0.6373572745,160,0.1609148807,0.1605347428,0.1212987304,160.4968068,0,0.2586164773,-1.440585383,160,-0.8106555939,1,0.1626059607,162.0853571,0,-18.99356817,160,0,-0.6503216028
0.2531395,-1.223688612,0.2743695596,-1.802963292,-19.3590248,-0.3192851476,0.1612101848,2.63229847,161.1565893,-1.239654303,-0.8075814843,-1.182958812,160,-0.3206782118,0.1603857944,2.639312744,160.4774701,0.2623459101,0.1544787884,0.3146978038,160,0.1609148807,0.1605347428,0.1212987304,160.4615634,0,0.2586164773,-1.762716646,160,-0.8106555939,1,0.1626059607,161.6989942,0,-19.31855316,160,0,-0.6503216028
0.253137,-1.020004293,0.4760209888,-1.601685247,-19.15632907,-0.3192851476,0.1612101848,2.63229847,161.172118,-1.239654303,-0.8075814843,-0.9792571767,160,-0.3206782118,0.1603857944,2.639312744,160.4742822,0.2623459101,0.1544787884,0.516353996,160,0.1609148807,0.1605347428,0.1212987304,160.4843455,0,0.2586164773,-1.561416532,160,-0.8106555939,1,0.1626059607,161.941232,0,-19.11568901,160,0,-0.6503216028
0.2531305,-0.4900569506,1.000389539,-1.077882533,-18.62541548,-0.3192851476,0.1612101848,2.63229847,161.2005721,-1.239654303,-0.8075814843,-0.4492727541,160,-0.3206782118,0.1603857944,2.639312744,160.4541954,0.2623459101,0.1544787884,1.040727078,160,0.1609148807,0.1605347428,0.1212987304,160.5317977,0,0.2586164773,-1.037564282,160,-0.8106555939,1,0.1626059607,162.5591463,0,-18.58434533,160,0,-0.6503216028
0.253123,0.1219247143,1.605409207,-0.4727884771,-18.00596927,-0.3192851476,0.1612101848,2.63229847,161.2119918,-1.239654303,-0.8075814843,0.162737436,160,-0.3206782118,0.1603857944,2.639312744,160.4098407,0.2623459101,0.1544787884,1.64573785,160,0.1616353055,0.1605725082,0.120304212,160.5653833,0,0.2589730322,-0.4324271607,160,-0.8106555939,0,0.1635206637,163.2505677,0,-17.96441699,160,0,-0.2936169207
0.25313,-0.4492727539,1.040727079,-1.037564281,-18.58434532,-0.3192851476,0.1612101848,2.63229847,161.2020473,-1.239654303,-0.8075814843,-0.40848618,160,-0.3206782118,0.1603857944,2.639312744,160.4519444,0.2623459101,0.1544787884,1.081064493,160,0.1609148807,0.1605347428,0.1212987304,160.5347426,0,0.2586164773,-0.9972426902,160,-0.8106555939,1,0.1626059607,162.6059623,0,-18.54324255,160,0,-0.6503216028
0.2531265,-0.1637206155,1.32308267,-0.7552467272,-18.29594478,-0.3192851476,0.1612101848,2.63229847,161.2095186,-1.239654303,-0.8075814843,-0.1229193067,160,-0.3206782118,0.1603857944,2.639312744,160.4333632,0.2623459101,0.1544787884,1.363417347,160,0.1616353055,0.1605725082,0.120304212,160.5525339,0,0.2589730322,-0.7149036243,160,-0.8106555939,0,0.1635206637,162.9307945,0,-18.25461559,160,0,-0.2936169207
0.2531225,0.1627374385,1.645737853,-0.4324271561,-17.96441699,-0.3192851476,0.1612101848,2.63229847,161.211937,-1.239654303,-0.8075814843,0.2035515188,160,-0.3206782118,0.1603857944,2.639312744,160.406077,0.2623459101,0.1544787884,1.686065364,160,0.1616353055,0.1605725082,0.120304212,160.5668153,0,0.2589730322,-0.3920635017,160,-0.8106555939,0,0.1635206637,163.295835,0,-17.92283311,160,0,-0.2936169207
0.253132,-0.612394598,0.8793768587,-1.198816569,-18.7484296,-0.3192851476,0.1612101848,2.63229847,161.1955346,-1.239654303,-0.8075814843,-0.5716179423,160,-0.3206782118,0.1603857944,2.639312744,160.4603435,0.2623459101,0.1544787884,0.9197143598,160,0.1609148807,0.1605347428,0.1212987304,160.5223583,0,0.2586164773,-1.158508745,160,-0.8106555939,1,0.1626059607,162.4180831,0,-18.70745769,160,0,-0.6503216028
0.25312,0.3668198187,1.847363139,-0.230587384,-17.75619077,-0.3192851476,0.1612101848,2.63229847,161.2101835,-1.239654303,-0.8075814843,0.4076394511,160,-0.3206782118,0.1603857944,2.639312744,160.3857966,0.2623459101,0.1544787884,1.887684419,160,0.1616353055,0.1605725082,0.120304212,160.5725124,0,0.2589730322,-0.1902135338,160,-0.8106555939,0,0.1635206637,163.5206637,0,-17.71445771,160,0,-0.2936169207
0.253133,-0.6939398987,0.79870236,-1.279421325,-18.8302747,-0.3192851476,0.1612101848,2.63229847,161.1916666,-1.239654303,-0.8075814843,-0.653168609,160,-0.3206782118,0.1603857944,2.639312744,160.463938,0.2623459101,0.1544787884,0.839039501,160,0.1609148807,0.1605347428,0.1212987304,160.5155616,0,0.2586164773,-1.239120788,160,-0.8106555939,1,0.1626059607,162.3235291,0,-18.78936863,160,0,-0.6503216028
0.2531255,-0.08211615437,1.403751368,-0.6745577196,-18.21325433,-0.3192851476,0.1612101848,2.63229847,161.2107353,-1.239654303,-0.8075814843,-0.04131124243,160,-0.3206782118,0.1603857944,2.639312744,160.4271466,0.2623459101,0.1544787884,1.444084656,160,0.1616353055,0.1605725082,0.120304212,160.5567095,0,0.2589730322,-0.6342090764,160,-0.8106555939,0,0.1635206637,163.0226757,0,-18.17186106,160,0,-0.2936169207
0.2531345,-0.8162367961,0.6776928887,-1.400300215,-18.95279456,-0.3192851476,0.1612101848,2.63229847,161.1851001,-1.239654303,-0.8075814843,-0.7754740636,160,-0.3206782118,0.1603857944,2.639312744,160.4685734,0.2623459101,0.1544787884,0.7180289856,160,0.1609148807,0.1605347428,0.1212987304,160.5046109,0,0.2586164773,-1.360011108,160,-0.8106555939,1,0.1626059607,162.1809318,0,-18.91198774,160,0,-0.6503216028
0.2531375,-1.060748082,0.4356887965,-1.641949683,-19.19693559,-0.3192851476,0.1612101848,2.63229847,161.169216,-1.239654303,-0.8075814843,-1.020004294,160,-0.3206782118,0.1603857944,2.639312744,160.4751214,0.2623459101,0.1544787884,0.4760209862,160,0.1609148807,0.1605347428,0.1212987304,160.4799903,0,0.2586164773,-1.601685248,160,-0.8106555939,1,0.1626059607,161.8929871,0,-19.15632908,160,0,-0.6503216028
0.253136,-0.938506801,0.5566877627,-1.521143604,-19.07501546,-0.3192851476,0.1612101848,2.63229847,161.1776165,-1.239654303,-0.8075814843,-0.8977532353,160,-0.3206782118,0.1603857944,2.639312744,160.4723012,0.2623459101,0.1544787884,0.5970222077,160,0.1609148807,0.1605347428,0.1212987304,160.4927537,0,0.2586164773,-1.480866533,160,-0.8106555939,1,0.1626059607,162.0374171,0,-19.03430849,160,0,-0.6503216028
0.253128,-0.2861128732,1.202075343,-0.8762585354,-18.41973922,-0.3192851476,0.1612101848,2.63229847,161.2069285,-1.239654303,-0.8075814843,-0.245317473,160,-0.3206782118,0.1603857944,2.639312744,160.4419316,0.2623459101,0.1544787884,1.242411599,160,0.1616353055,0.1605725082,0.120304212,160.545514,0,0.2589730322,-0.8359242507,160,-0.8106555939,0,0.1635206637,162.7921986,0,-18.37850666,160,0,-0.2936169207
0.2531385,-1.142225408,0.3550271373,-1.722465448,-19.2780477,-0.3192851476,0.1612101848,2.63229847,161.1631063,-1.239654303,-0.8075814843,-1.101488479,160,-0.3206782118,0.1603857944,2.639312744,160.4764974,0.2623459101,0.1544787884,0.395357489,160,0.1609148807,0.1605347428,0.1212987304,160.4709781,0,0.2586164773,-1.682209774,160,-0.8106555939,1,0.1626059607,161.7961932,0,-19.23750849,160,0,-0.6503216028
0.2531235,0.08111341626,1.565079498,-0.5131473968,-18.04748989,-0.3192851476,0.1612101848,2.63229847,161.2119446,-1.239654303,-0.8075814843,0.1219247139,160,-0.3206782118,0.1603857944,2.639312744,160.4135035,0.2623459101,0.1544787884,1.605409206,160,0.1616353055,0.1605725082,0.120304212,160.5638503,0,0.2589730322,-0.4727884786,160,-0.8106555939,0,0.1635206637,163.2051966,0,-18.00596927,160,0,-0.2936169207
0.253125,-0.04131124084,1.44408466,-0.6342090766,-18.17186106,-0.3192851476,0.1612101848,2.63229847,161.2111907,-1.239654303,-0.8075814843,-0.0005046310037,160,-0.3206782118,0.1603857944,2.639312744,160.4238871,0.2623459101,0.1544787884,1.484417155,160,0.1616353055,0.1605725082,0.120304212,160.558646,0,0.2589730322,-0.5938577665,160,-0.8106555939,0,0.1635206637,163.0684613,0,-18.13043585,160,0,-0.2936169207
0.253129,-0.3676972965,1.121401724,-0.9569178223,-18.50210723,-0.3192851476,0.1612101848,2.63229847,161.2046919,-1.239654303,-0.8075814843,-0.326906175,160,-0.3206782118,0.1603857944,2.639312744,160.4471397,0.2623459101,0.1544787884,1.161738691,160,0.1616353055,0.1605725082,0.120304212,160.5403299,0,0.2589730322,-0.9165897517,160,-0.8106555939,0,0.1635206637,162.6992861,0,-18.46093943,160,0,-0.2936169207
0.2531275,-0.2453174691,1.2424116,-0.8359242492,-18.37850666,-0.3192851476,0.1612101848,2.63229847,161.2078939,-1.239654303,-0.8075814843,-0.2045200276,160,-0.3206782118,0.1603857944,2.639312744,160.4391763,0.2623459101,0.1544787884,1.282747395,160,0.1616353055,0.1605725082,0.120304212,160.5479548,0,0.2589730322,-0.7955869599,160,-0.8106555939,0,0.1635206637,162.8385004,0,-18.33724182,160,0,-0.2936169207
0.2531295,-0.4084861799,1.081064496,-0.9972426889,-18.54324255,-0.3192851476,0.1612101848,2.63229847,161.2034206,-1.239654303,-0.8075814843,-0.3676973002,160,-0.3206782118,0.1603857944,2.639312744,160.4495925,0.2623459101,0.1544787884,1.121401723,160,0.1616353055,0.1605725082,0.120304212,160.5375867,0,0.2589730322,-0.9569178232,160,-0.8106555939,0,0.1635206637,162.6526756,0,-18.50210723,160,0,-0.2936169207
0.2531325,-0.6531686067,0.8390395024,-1.239120785,-18.78936863,-0.3192851476,0.1612101848,2.63229847,161.1936516,-1.239654303,-0.8075814843,-0.6123946008,160,-0.3206782118,0.1603857944,2.639312744,160.4621912,0.2623459101,0.1544787884,0.8793768558,160,0.1609148807,0.1605347428,0.1212987304,160.5190103,0,0.2586164773,-1.198816573,160,-0.8106555939,1,0.1626059607,162.3708572,0,-18.7484296,160,0,-0.6503216028
0.2531215,0.2443668936,1.726391685,-0.3516975793,-17.8812177,-0.3192851476,0.1612101848,2.63229847,161.2115213,-1.239654303,-0.8075814843,0.2851834857,160,-0.3206782118,0.1603857944,2.639312744,160.3982471,0.2623459101,0.1544787884,1.766716732,160,0.1616353055,0.1605725082,0.120304212,160.5693768,0,0.2589730322,-0.3113294582,160,-0.8106555939,0,0.1635206637,163.3860578,0,-17.83957082,160,0,-0.2936169207
0.2531365,-0.9792571766,0.5163539999,-1.561416531,-19.11568901,-0.3192851476,0.1612101848,2.63229847,161.1749182,-1.239654303,-0.8075814843,-0.9385068047,160,-0.3206782118,0.1603857944,2.639312744,160.4733421,0.2623459101,0.1544787884,0.5566877626,160,0.1609148807,0.1605347428,0.1212987304,160.4885999,0,0.2586164773,-1.521143606,160,-0.8106555939,1,0.1626059607,161.9893753,0,-19.07501546,160,0,-0.6503216028
0.253138,-1.101488476,0.3953574903,-1.682209772,-19.23750849,-0.3192851476,0.1612101848,2.63229847,161.1662121,-1.239654303,-0.8075814843,-1.060748083,160,-0.3206782118,0.1603857944,2.639312744,160.4758599,0.2623459101,0.1544787884,0.4356887935,160,0.1609148807,0.1605347428,0.1212987304,160.4755346,0,0.2586164773,-1.641949684,160,-0.8106555939,1,0.1626059607,161.8446409,0,-19.19693559,160,0,-0.6503216028
0.2531285,-0.3269061716,1.161738696,-0.9165897488,-18.46093943,-0.3192851476,0.1612101848,2.63229847,161.2058612,-1.239654303,-0.8075814843,-0.2861128756,160,-0.3206782118,0.1603857944,2.639312744,160.4445861,0.2623459101,0.1544787884,1.202075342,160,0.1616353055,0.1605725082,0.120304212,160.5429724,0,0.2589730322,-0.876258536,160,-0.8106555939,0,0.1635206637,162.7457938,0,-18.41973922,160,0,-0.2936169207
0.253121,0.2851834885,1.766716736,-0.3113294577,-17.83957082,-0.3192851476,0.1612101848,2.63229847,161.2111604,-1.239654303,-0.8075814843,0.3260012349,160,-0.3206782118,0.1603857944,2.639312744,160.3941809,0.2623459101,0.1544787884,1.807040451,160,0.1616353055,0.1605725082,0.120304212,160.5705061,0,0.2589730322,-0.2709592053,160,-0.8106555939,0,0.1635206637,163.4310132,0,-17.79789256,160,0,-0.2936169207
0.253122,0.2035515209,1.686065368,-0.3920635011,-17.92283311,-0.3192851476,0.1612101848,2.63229847,161.2117802,-1.239654303,-0.8075814843,0.2443668947,160,-0.3206782118,0.1603857944,2.639312744,160.4022124,0.2623459101,0.1544787884,1.726391684,160,0.1616353055,0.1605725082,0.120304212,160.5681465,0,0.2589730322,-0.3516975795,160,-0.8106555939,0,0.1635206637,163.3409984,0,-17.8812177,160,0,-0.2936169207
0.2531245,-0.000504629254,1.484417157,-0.5938577637,-18.13043585,-0.3192851476,0.1612101848,2.63229847,161.211544,-1.239654303,-0.8075814843,0.04030361112,160,-0.3206782118,0.1603857944,2.639312744,160.4205267,0.2623459101,0.1544787884,1.524748793,160,0.1616353055,0.1605725082,0.120304212,160.5604817,0,0.2589730322,-0.553503849,160,-0.8106555939,0,0.1635206637,163.1141433,0,-18.08897877,160,0,-0.2936169207
0.2531335,-0.7347084062,0.7583654988,-1.319718121,-18.87114776,-0.3192851476,0.1612101848,2.63229847,161.1895797,-1.239654303,-0.8075814843,-0.6939398993,160,-0.3206782118,0.1603857944,2.639312744,160.465584,0.2623459101,0.1544787884,0.7987023558,160,0.1609148807,0.1605347428,0.1212987304,160.5120121,0,0.2586164773,-1.279421326,160,-0.8106555939,1,0.1626059607,162.2760987,0,-18.8302747,160,0,-0.6503216028
0.253135,-0.8569965429,0.6373572742,-1.440585378,-18.99356817,-0.3192851476,0.1612101848,2.63229847,161.1827075,-1.239654303,-0.8075814843,-0.8162367955,160,-0.3206782118,0.1603857944,2.639312744,160.4699169,0.2623459101,0.1544787884,0.6776928885,160,0.1609148807,0.1605347428,0.1212987304,160.5007592,0,0.2586164773,-1.400300217,160,-0.8106555939,1,0.1626059607,162.1331954,0,-18.95279457,160,0,-0.6503216028
0.253124,0.04030361243,1.524748792,-0.5535038481,-18.08897877,-0.3192851476,0.1612101848,2.63229847,161.2117953,-1.239654303,-0.8075814843,0.08111341643,160,-0.3206782118,0.1603857944,2.639312744,160.4170655,0.2623459101,0.1544787884,1.565079497,160,0.1616353055,0.1605725082,0.120304212,160.5622164,0,0.2589730322,-0.5131473984,160,-0.8106555939,0,0.1635206637,163.1597218,0,-18.04748989,160,0,-0.2936169207
0.2246695,-0.4447564578,0.27226769,-1.086413651,-16.87753874,0.2170615505,0.1609536149,11.68033314,160.9450554,-1.252650976,-0.8051142693,-0.4041410619,160,0.2144921362,0.1604674971,11.68046379,160.4598752,1.60533905,1.325787187,0.2056090125,160,0.1615621438,0.160499475,0.1202047616,160.4602938,0,0.2589139044,-1.046143364,160,-0.8094967604,1,0.1652233301,164.4349925,0,-16.83515826,160,0,0.3874332905
0.224677,-1.053664252,1.271880436,-0.08612158536,-17.50961372,0.2170615505,0.1609536149,11.68033314,160.9123941,-1.252650976,-0.8051142693,-1.013091442,160,0.2144921362,0.1604674971,11.68046379,160.4538575,1.60533905,1.325787187,1.205255103,160,0.1608126017,0.1604572262,0.1213176847,160.4516105,0,0.2584994435,-0.1527922109,160,-0.8094967604,1,0.1643924428,163.7855855,0,-17.4676878,160,0,0.05066551641
0.224668,-0.3229034443,0.07228492154,-0.9655927876,-16.75030814,0.2170615505,0.1609536149,11.68033314,160.9488367,-1.252650976,-0.8051142693,-0.2822813627,160,0.2144921362,0.1604674971,11.68046379,160.4610788,1.60533905,1.325787187,0.00561956881,160,0.1615621438,0.160499475,0.1202047616,160.4688904,0,0.2589139044,-0.9253126407,160,-0.8094967604,1,0.1652233301,164.5620128,0,-16.70783864,160,0,0.3874332905
0.224671,-0.5665869154,0.4722293456,-0.8863161051,-17.00448598,0.2170615505,0.1609536149,11.68033314,160.9403095,-1.252650976,-0.8051142693,-0.525978848,160,0.2144921362,0.1604674971,11.68046379,160.4586716,1.60533905,1.325787187,0.4055773104,160,0.1608126017,0.1604572262,0.1213176847,160.4564246,0,0.2584994435,-0.953013398,160,-0.8094967604,1,0.1643924428,164.3069665,0,-16.9621952,160,0,0.05066551641
0.224664,0.002128038624,-0.4611002621,-0.6432670669,-16.40972897,0.2170615505,0.1609536149,11.68033314,160.9544514,-1.252650976,-0.8051142693,0.04276497378,160,0.2144921362,0.1604674971,11.68046379,160.4642883,1.60533905,1.325787187,-0.5277834134,160,0.1615621438,0.160499475,0.1202047616,160.4873834,0,0.2589139044,-0.6029635742,160,-0.8094967604,1,0.1652233301,164.8960594,0,-16.36702512,160,0,0.3874332905
0.224678,-1.134799681,1.405124517,0.04721304517,-17.59337296,0.2170615505,0.1609536149,11.68033314,160.9063211,-1.252650976,-0.8051142693,-1.094233692,160,0.2144921362,0.1604674971,11.68046379,160.4530551,1.60533905,1.325787187,1.33850358,160,0.1608126017,0.1604572262,0.1213176847,160.4508082,0,0.2584994435,-0.01945315375,160,-0.8094967604,1,0.1643924428,163.6972187,0,-17.5515088,160,0,0.05066551641
0.224665,-0.07914090276,-0.3277406284,-0.7238659382,-16.49504945,0.2170615505,0.1609536149,11.68033314,160.9536572,-1.252650976,-0.8051142693,-0.03850727737,160,0.2144921362,0.1604674971,11.68046379,160.4634859,1.60533905,1.325787187,-0.3944193168,160,0.1615621438,0.160499475,0.1202047616,160.4833645,0,0.2589139044,-0.6835678796,160,-0.8094967604,1,0.1652233301,164.8131864,0,-16.45240377,160,0,0.3874332905
0.2246775,-1.094233689,1.338503587,-0.01945315873,-17.5515088,0.2170615505,0.1609536149,11.68033314,160.9094083,-1.252650976,-0.8051142693,-1.053664253,160,0.2144921362,0.1604674971,11.68046379,160.4534563,1.60533905,1.325787187,1.27188045,160,0.1608126017,0.1604572262,0.1213176847,160.4512093,0,0.2584994435,-0.08612158808,160,-0.8094967604,1,0.1643924428,163.7414544,0,-17.50961373,160,0,0.05066551641
0.2246665,-0.2010309839,-0.1277178506,-0.8447429466,-16.62281108,0.2170615505,0.1609536149,11.68033314,160.951704,-1.252650976,-0.8051142693,-0.160402827,160,0.2144921362,0.1604674971,11.68046379,160.4622823,1.60533905,1.325787187,-0.1943898553,160,0.1615621438,0.160499475,0.1202047616,160.4765807,0,0.2589139044,-0.804453542,160,-0.8094967604,1,0.1652233301,164.6880781,0,-16.58025317,160,0,0.3874332905
0.2246645,-0.03850727569,-0.3944193337,-0.6835678777,-16.45240377,0.2170615505,0.1609536149,11.68033314,160.9541051,-1.252650976,-0.8051142693,0.002128036414,160,0.2144921362,0.1604674971,11.68046379,160.4638871,1.60533905,1.325787187,-0.4611002566,160,0.1615621438,0.160499475,0.1202047616,160.4854243,0,0.2589139044,-0.6432670681,160,-0.8094967604,1,0.1652233301,164.8546762,0,-16.40972897,160,0,0.3874332905
0.2246705,-0.5259788452,0.4055773123,-0.953013434,-16.96219519,0.2170615505,0.1609536149,11.68033314,160.9420014,-1.252650976,-0.8051142693,-0.4853688864,160,0.2144921362,0.1604674971,11.68046379,160.4590728,1.60533905,1.325787187,0.3389236269,160,0.1608126017,0.1604572262,0.1213176847,160.4568258,0,0.2584994435,-1.019712414,160,-0.8094967604,1,0.1643924428,164.3497564,0,-16.91988193,160,0,0.05066551641
0.2246675,-0.2822813614,0.005619553569,-0.9253126376,-16.70783863,0.2170615505,0.1609536149,11.68033314,160.949894,-1.252650976,-0.8051142693,-0.2416571867,160,0.2144921362,0.1604674971,11.68046379,160.46148,1.60533905,1.325787187,-0.06104804129,160,0.1615621438,0.160499475,0.1202047616,160.4715546,0,0.2589139044,-0.8850293369,160,-0.8094967604,1,0.1652233301,164.6041407,0,-16.66533959,160,0,0.3874332905
0.224673,-0.728992856,0.7388152579,-0.6195490257,-17.17334819,0.2170615505,0.1609536149,11.68033314,160.932628,-1.252650976,-0.8051142693,-0.6883954562,160,0.2144921362,0.1604674971,11.68046379,160.4570669,1.60533905,1.325787187,0.6721721206,160,0.1608126017,0.1604572262,0.1213176847,160.4548199,0,0.2584994435,-0.6862374278,160,-0.8094967604,1,0.1643924428,164.1348569,0,-17.13117792,160,0,0.05066551641
0.22467,-0.485368884,0.3389236123,-1.019712431,-16.91988192,0.2170615505,0.1609536149,11.68033314,160.9435919,-1.252650976,-0.8051142693,-0.4447564592,160,0.2144921362,0.1604674971,11.68046379,160.459474,1.60533905,1.325787187,0.2722676982,160,0.1608126017,0.1604572262,0.1213176847,160.457227,0,0.2584994435,-1.086413654,160,-0.8094967604,1,0.1643924428,164.3924406,0,-16.87753874,160,0,0.05066551641
0.224679,-1.215921063,1.538359712,0.1805387851,-17.67700823,0.2170615505,0.1609536149,11.68033314,160.8998425,-1.252650976,-0.8051142693,-1.175362161,160,0.2144921362,0.1604674971,11.68046379,160.4522528,1.60533905,1.325787187,1.471743246,160,0.1608126017,0.1604572262,0.1213176847,160.4500058,0,0.2584994435,0.1138770642,160,-0.8094967604,1,0.1643924428,163.6084335,0,-17.63520612,160,0,0.05066551641
0.224669,-0.4041410601,0.2056089897,-1.046143361,-16.83515826,0.2170615505,0.1609536149,11.68033314,160.9464174,-1.252650976,-0.8051142693,-0.3635233696,160,0.2144921362,0.1604674971,11.68046379,160.4602764,1.60533905,1.325787187,0.1389480815,160,0.1615621438,0.160499475,0.1202047616,160.4632601,0,0.2589139044,-1.00586972,160,-0.8094967604,1,0.1652233301,164.4774386,0,-16.79274804,160,0,0.3874332905
0.2246625,0.1240434283,-0.6611563872,-0.5223488028,-16.28153057,0.2170615505,0.1609536149,11.68033314,160.9548808,-1.252650976,-0.8051142693,0.1646848133,160,0.2144921362,0.1604674971,11.68046379,160.4654919,1.60533905,1.325787187,-0.7278461851,160,0.1615621438,0.160499475,0.1202047616,160.4926559,0,0.2589139044,-0.4820376631,160,-0.8094967604,1,0.1652233301,165.0195685,0,-16.23874,160,0,0.3874332905
0.2246725,-0.688395457,0.6721721128,-0.6862374603,-17.13117791,0.2170615505,0.1609536149,11.68033314,160.9347006,-1.252650976,-0.8051142693,-0.647795293,160,0.2144921362,0.1604674971,11.68046379,160.4574681,1.60533905,1.325787187,0.6055267363,160,0.1608126017,0.1604572262,0.1213176847,160.4552211,0,0.2584994435,-0.7529281163,160,-0.8094967604,1,0.1643924428,164.1780425,0,-17.08897741,160,0,0.05066551641
0.2246765,-1.013091438,1.205255064,-0.1527922348,-17.46768779,0.2170615505,0.1609536149,11.68033314,160.9152784,-1.252650976,-0.8051142693,-0.9725153163,160,0.2144921362,0.1604674971,11.68046379,160.4542586,1.60533905,1.325787187,1.138627482,160,0.1608126017,0.1604572262,0.1213176847,160.4520117,0,0.2584994435,-0.2194651074,160,-0.8094967604,1,0.1643924428,163.8296118,0,-17.42573108,160,0,0.05066551641
0.2246795,-1.256476317,1.604973978,0.2471983212,-17.71877921,0.2170615505,0.1609536149,11.68033314,160.8964511,-1.252650976,-0.8051142693,-1.215921063,160,0.2144921362,0.1604674971,11.68046379,160.4518516,1.60533905,1.325787187,1.538359726,160,0.1608126017,0.1604572262,0.1213176847,160.4496047,0,0.2584994435,0.180538791,160,-0.8094967604,1,0.1643924428,163.5638842,0,-17.67700823,160,0,0.05066551641
0.224672,-0.6477952888,0.6055267458,-0.7529281183,-17.08897741,0.2170615505,0.1609536149,11.68033314,160.9366718,-1.252650976,-0.8051142693,-0.6071924226,160,0.2144921362,0.1604674971,11.68046379,160.4578693,1.60533905,1.325787187,0.5388791635,160,0.1608126017,0.1604572262,0.1213176847,160.4556222,0,0.2584994435,-0.8196209933,160,-0.8094967604,1,0.1643924428,164.2211227,0,-17.04674674,160,0,0.05066551641
0.2246605,0.2866167967,-0.9279290158,-0.3610900152,-16.11019598,0.2170615505,0.1609536149,11.68033314,160.9540562,-1.252650976,-0.8051142693,0.3272628994,160,0.2144921362,0.1604674971,11.68046379,160.4670968,1.60533905,1.325787187,-0.9946271575,160,0.1615621438,0.160499475,0.1202047616,160.4983003,0,0.2589139044,-0.3207701553,160,-0.8094967604,1,0.1652233301,165.182777,0,-16.06729789,160,0,0.3874332905
0.22466,0.3272629029,-0.9946271762,-0.3207701531,-16.06729789,0.2170615505,0.1609536149,11.68033314,160.953615,-1.252650976,-0.8051142693,0.3679101219,160,0.2144921362,0.1604674971,11.68046379,160.467498,1.60533905,1.325787187,-1.061327559,160,0.1615621438,0.160499475,0.1202047616,160.4994783,0,0.2589139044,-0.2804481127,160,-0.8094967604,1,0.1652233301,165.2233314,0,-16.02437128,160,0,0.3874332905
0.2246745,-0.8507677623,0.9387313619,-0.4194970621,-17.29967692,0.2170615505,0.1609536149,11.68033314,160.9258013,-1.252650976,-0.8051142693,-0.8101790776,160,0.2144921362,0.1604674971,11.68046379,160.4558633,1.60533905,1.325787187,0.8720949154,160,0.1608126017,0.1604572262,0.1213176847,160.4536164,0,0.2584994435,-0.4861788057,160,-0.8094967604,1,0.1643924428,164.0046682,0,-17.25759776,160,0,0.05066551641
0.224662,0.1646848148,-0.727846209,-0.4820376612,-16.23874,0.2170615505,0.1609536149,11.68033314,160.9548207,-1.252650976,-0.8051142693,0.2053275487,160,0.2144921362,0.1604674971,11.68046379,160.4658931,1.60533905,1.325787187,-0.7945382379,160,0.1615621438,0.160499475,0.1202047616,160.4942119,0,0.2589139044,-0.441724108,160,-0.8094967604,1,0.1652233301,165.0605244,0,-16.19592067,160,0,0.3874332905
0.2246635,0.04276497251,-0.5277834138,-0.6029635727,-16.36702512,0.2170615505,0.1609536149,11.68033314,160.9546961,-1.252650976,-0.8051142693,0.08340345659,160,0.2144921362,0.1604674971,11.68046379,160.4646895,1.60533905,1.325787187,-0.5944687587,160,0.1615621438,0.160499475,0.1202047616,160.4892417,0,0.2589139044,-0.5626574655,160,-0.8094967604,1,0.1652233301,164.9373359,0,-16.3242923,160,0,0.3874332905
0.2246655,-0.1197727749,-0.2610641461,-0.7641611812,-16.53766594,0.2170615505,0.1609536149,11.68033314,160.9531077,-1.252650976,-0.8051142693,-0.07914090361,160,0.2144921362,0.1604674971,11.68046379,160.4630847,1.60533905,1.325787187,-0.3277405938,160,0.1615621438,0.160499475,0.1202047616,160.481204,0,0.2589139044,-0.7238659379,160,-0.8094967604,1,0.1652233301,164.7715901,0,-16.49504945,160,0,0.3874332905
0.2246755,-0.9319359489,1.071997656,-0.2861402024,-17.38374365,0.2170615505,0.1609536149,11.68033314,160.9207427,-1.252650976,-0.8051142693,-0.8913534089,160,0.2144921362,0.1604674971,11.68046379,160.455061,1.60533905,1.325787187,1.005365647,160,0.1608126017,0.1604572262,0.1213176847,160.452814,0,0.2584994435,-0.3528174943,160,-0.8094967604,1,0.1643924428,163.9173499,0,-17.34172558,160,0,0.05066551641
0.224667,-0.2416571854,-0.06104803711,-0.8850293349,-16.66533959,0.2170615505,0.1609536149,11.68033314,160.9508498,-1.252650976,-0.8051142693,-0.2010309856,160,0.2144921362,0.1604674971,11.68046379,160.4618812,1.60533905,1.325787187,-0.1277178399,160,0.1615621438,0.160499475,0.1202047616,160.474118,0,0.2589139044,-0.8447429494,160,-0.8094967604,1,0.1652233301,164.6461625,0,-16.62281108,160,0,0.3874332905
0.224674,-0.8101790762,0.8720948823,-0.4861788267,-17.25759776,0.2170615505,0.1609536149,11.68033314,160.9281783,-1.252650976,-0.8051142693,-0.7695874231,160,0.2144921362,0.1604674971,11.68046379,160.4562645,1.60533905,1.325787187,0.8054561818,160,0.1608126017,0.1604572262,0.1213176847,160.4540175,0,0.2584994435,-0.5528628151,160,-0.8094967604,1,0.1643924428,164.0481696,0,-17.21548816,160,0,0.05066551641
0.2246785,-1.175362162,1.471743225,0.1138770264,-17.63520612,0.2170615505,0.1609536149,11.68033314,160.9031325,-1.252650976,-0.8051142693,-1.134799685,160,0.2144921362,0.1604674971,11.68046379,160.4526539,1.60533905,1.325787187,1.405124522,160,0.1608126017,0.1604572262,0.1213176847,160.450407,0,0.2584994435,0.04721303526,160,-0.8094967604,1,0.1643924428,163.6528783,0,-17.59337296,160,0,0.05066551641
0.2246685,-0.3635233664,0.1389480669,-1.005869718,-16.79274804,0.2170615505,0.1609536149,11.68033314,160.9476778,-1.252650976,-0.8051142693,-0.3229034462,160,0.2144921362,0.1604674971,11.68046379,160.4606776,1.60533905,1.325787187,0.07228493359,160,0.1615621438,0.160499475,0.1202047616,160.4661256,0,0.2589139044,-0.9655927897,160,-0.8094967604,1,0.1652233301,164.5197787,0,-16.75030814,160,0,0.3874332905
0.224661,0.2459715667,-0.8612325232,-0.4014082003,-16.15307264,0.2170615505,0.1609536149,11.68033314,160.9543957,-1.252650976,-0.8051142693,0.2866167925,160,0.2144921362,0.1604674971,11.68046379,160.4666956,1.60533905,1.325787187,-0.9279289941,160,0.1615621438,0.160499475,0.1202047616,160.4970215,0,0.2589139044,-0.3610900166,160,-0.8094967604,1,0.1652233301,165.1421153,0,-16.11019598,160,0,0.3874332905
0.2246615,0.2053275502,-0.7945382543,-0.4417241047,-16.19592067,0.2170615505,0.1609536149,11.68033314,160.954659,-1.252650976,-0.8051142693,0.2459715667,160,0.2144921362,0.1604674971,11.68046379,160.4662944,1.60533905,1.325787187,-0.8612325075,160,0.1615621438,0.160499475,0.1202047616,160.4956671,0,0.2589139044,-0.4014082009,160,-0.8094967604,1,0.1652233301,165.1013734,0,-16.15307264,160,0,0.3874332905
0.2246735,-0.7695874182,0.805456181,-0.5528628145,-17.21548816,0.2170615505,0.1609536149,11.68033314,160.9304539,-1.252650976,-0.8051142693,-0.728992859,160,0.2144921362,0.1604674971,11.68046379,160.4566657,1.60533905,1.325787187,0.7388152596,160,0.1608126017,0.1604572262,0.1213176847,160.4544187,0,0.2584994435,-0.619549013,160,-0.8094967604,1,0.1643924428,164.0915659,0,-17.17334819,160,0,0.05066551641
0.224663,0.08340345829,-0.5944687888,-0.5626574623,-16.3242923,0.2170615505,0.1609536149,11.68033314,160.9548392,-1.252650976,-0.8051142693,0.124043428,160,0.2144921362,0.1604674971,11.68046379,160.4650907,1.60533905,1.325787187,-0.6611563776,160,0.1615621438,0.160499475,0.1202047616,160.4909992,0,0.2589139044,-0.522348806,160,-0.8094967604,1,0.1652233301,164.9785056,0,-16.28153057,160,0,0.3874332905
0.224666,-0.1604028245,-0.1943898869,-0.8044535397,-16.58025317,0.2170615505,0.1609536149,11.68033314,160.9524567,-1.252650976,-0.8051142693,-0.1197727784,160,0.2144921362,0.1604674971,11.68046379,160.4626835,1.60533905,1.325787187,-0.2610641445,160,0.1615621438,0.160499475,0.1202047616,160.4789427,0,0.2589139044,-0.7641611823,160,-0.8094967604,1,0.1652233301,164.7298873,0,-16.53766594,160,0,0.3874332905
0.224676,-0.9725153143,1.138627471,-0.2194651071,-17.42573108,0.2170615505,0.1609536149,11.68033314,160.9180613,-1.252650976,-0.8051142693,-0.9319359506,160,0.2144921362,0.1604674971,11.68046379,160.4546598,1.60533905,1.325787187,1.071997673,160,0.1608126017,0.1604572262,0.1213176847,160.4524128,0,0.2584994435,-0.2861401924,160,-0.8094967604,1,0.1643924428,163.8735333,0,-17.38374365,160,0,0.05066551641
0.224675,-0.891353409,1.00536562,-0.3528175207,-17.34172557,0.2170615505,0.1609536149,11.68033314,160.9233227,-1.252650976,-0.8051142693,-0.8507677656,160,0.2144921362,0.1604674971,11.68046379,160.4554622,1.60533905,1.325787187,0.9387313753,160,0.1608126017,0.1604572262,0.1213176847,160.4532152,0,0.2584994435,-0.41949707,160,-0.8094967604,1,0.1643924428,163.9610616,0,-17.29967692,160,0,0.05066551641
0.2246715,-0.6071924191,0.5388791568,-0.8196209999,-17.04674674,0.2170615505,0.1609536149,11.68033314,160.9385414,-1.252650976,-0.8051142693,-0.5665869196,160,0.2144921362,0.1604674971,11.68046379,160.4582704,1.60533905,1.325787187,0.4722293738,160,0.1608126017,0.1604572262,0.1213176847,160.4560234,0,0.2584994435,-0.8863160872,160,-0.8094967604,1,0.1643924428,164.2640974,0,-17.00448598,160,0,0.05066551641
0.242026,1.776379636,-0.4961884706,1.693870245,-14.84849325,-0.1312389434,0.1606312034,5.849151611,160.6881335,0.675128758,-0.811196208,1.816899651,160,-0.1316227884,0.1605069357,5.800620079,160.49565,-1.596506953,3.906986237,-0.4558744422,160,0.1602001855,0.1604204618,0.1605224609,160.4156506,0,0.2559697628,1.627258968,160,-0.8069700599,0,0.1667481406,166.306835,0,-14.80479552,160,0,1.029528022
0.2420305,1.411646817,-0.858895449,2.079388421,-15.24055901,-0.1312389434,0.1606312034,5.849151611,160.7212692,0.675128758,-0.811196208,1.452176644,160,-0.1316227884,0.1605069357,5.800620079,160.4776752,-1.596506953,3.906986237,-0.8186065585,160,0.160388018,0.1604124398,0.1605224609,160.4173655,0,0.2563202977,2.119738742,160,-0.8069700599,0,0.1660039253,165.9655438,0,-15.19710899,160,0,0.7146171927
0.242022,2.100496549,-0.1736135755,1.160917636,-14.49817596,-0.1312389434,0.1606312034,5.849151611,160.651768,0.675128758,-0.811196208,2.141003403,160,-0.1316227884,0.1605069357,5.800620079,160.5047521,-1.596506953,3.906986237,-0.1332824553,160,0.1602001855,0.1604204618,0.1605224609,160.4188593,0,0.2559697628,1.094288592,160,-0.8069700599,0,0.1667481406,166.6027578,0,-14.45426897,160,0,1.029528022
0.242024,1.93845099,-0.3349183837,1.427411709,-14.67354415,-0.1312389434,0.1606312034,5.849151611,160.6707611,0.675128758,-0.811196208,1.978964967,160,-0.1316227884,0.1605069357,5.800620079,160.5010075,-1.596506953,3.906986237,-0.2945952708,160,0.1602001855,0.1604204618,0.1605224609,160.417255,0,0.2559697628,1.360791543,160,-0.8069700599,0,0.1667481406,166.4556719,0,-14.62974122,160,0,1.029528022
0.2420245,1.897935401,-0.3752393284,1.494029675,-14.71732089,-0.1312389434,0.1606312034,5.849151611,160.6752562,0.675128758,-0.811196208,1.938450989,160,-0.1316227884,0.1605069357,5.800620079,160.4998193,-1.596506953,3.906986237,-0.3349183828,160,0.1602001855,0.1604204618,0.1605224609,160.4168539,0,0.2559697628,1.427411746,160,-0.8069700599,0,0.1667481406,166.4186267,0,-14.67354415,160,0,1.029528022
0.24202,2.262512528,-0.01227875132,0.8943885761,-14.3223997,-0.1312389434,0.1606312034,5.849151611,160.6312052,0.675128758,-0.811196208,2.303011769,160,-0.1316227884,0.1605069357,5.800620079,160.5069339,-1.596506953,3.906986237,0.02805893118,160,0.1602001855,0.1604204618,0.1605224609,160.4204637,0,0.2559697628,0.8277511938,160,-0.8069700599,0,0.1667481406,166.7481433,0,-14.27839619,160,0,1.029528022
0.242028,1.614286813,-0.6574195408,1.960293246,-15.02301865,-0.1312389434,0.1606312034,5.849151611,160.703885,0.675128758,-0.811196208,1.654811793,160,-0.1316227884,0.1605069357,5.800620079,160.4886799,-1.596506953,3.906986237,-0.617115667,160,0.1602001855,0.1604204618,0.1605224609,160.4140463,0,0.2559697628,1.893690836,160,-0.8069700599,0,0.1667481406,166.156251,0,-14.97942727,160,0,1.029528022
0.2420255,1.816899656,-0.4558744389,1.627258942,-14.80479551,-0.1312389434,0.1606312034,5.849151611,160.6839424,0.675128758,-0.811196208,1.857418265,160,-0.1316227884,0.1605069357,5.800620079,160.4971406,-1.596506953,3.906986237,-0.4155580378,160,0.1602001855,0.1604204618,0.1605224609,160.4160517,0,0.2559697628,1.560645444,160,-0.8069700599,0,0.1667481406,166.3442081,0,-14.76107137,160,0,1.029528022
0.2420285,1.57376076,-0.6977207088,2.026893445,-15.06658325,-0.1312389434,0.1606312034,5.849151611,160.7075695,0.675128758,-0.811196208,1.614286813,160,-0.1316227884,0.1605069357,5.800620079,160.4866855,-1.596506953,3.906986237,-0.657419541,160,0.1602001855,0.1604204618,0.1605224609,160.4136453,0,0.2559697628,1.960293247,160,-0.8069700599,0,0.1667481406,166.1183326,0,-15.02301865,160,0,1.029528022
0.242033,1.208989018,-1.060296656,1.877612755,-15.45743462,-0.1312389434,0.1606312034,5.849151611,160.7361202,0.675128758,-0.811196208,1.249521638,160,-0.1316227884,0.1605069357,5.800620079,160.4641524,-1.596506953,3.906986237,-1.020022903,160,0.160388018,0.1604124398,0.1605224609,160.4405705,0,0.2563202977,1.917971186,160,-0.8069700599,0,0.1660039253,165.7721223,0,-15.41411418,160,0,0.7146171927
0.2420205,2.22201119,-0.05261476844,0.961023757,-14.36637757,-0.1312389434,0.1606312034,5.849151611,160.6364851,0.675128758,-0.811196208,2.262512524,160,-0.1316227884,0.1605069357,5.800620079,160.5065271,-1.596506953,3.906986237,-0.01227875401,160,0.1602001855,0.1604204618,0.1605224609,160.4200626,0,0.2559697628,0.8943885916,160,-0.8069700599,0,0.1667481406,166.7119479,0,-14.3223997,160,0,1.029528022
0.2420225,2.059987814,-0.2139427977,1.227544487,-14.54205705,-0.1312389434,0.1606312034,5.849151611,160.6566682,0.675128758,-0.811196208,2.100496548,160,-0.1316227884,0.1605069357,5.800620079,160.5039672,-1.596506953,3.906986237,-0.1736135786,160,0.1602001855,0.1604204618,0.1605224609,160.4184582,0,0.2559697628,1.160917634,160,-0.8069700599,0,0.1667481406,166.5661507,0,-14.49817596,160,0,1.029528022
0.242037,0.8847194788,-1.382359484,1.554696342,-15.80300281,-0.1312389434,0.1606312034,5.849151611,160.7546527,0.675128758,-0.811196208,0.9252533708,160,-0.1316227884,0.1605069357,5.800620079,160.4373213,-1.596506953,3.906986237,-1.342114626,160,0.160388018,0.1604124398,0.1605224609,160.4724915,0,0.2563202977,1.595065022,160,-0.8069700599,0,0.1660039253,165.4570666,0,-15.75990422,160,0,0.7146171927
0.2420295,1.49270571,-0.7783146557,2.160087182,-15.15363188,-0.1312389434,0.1606312034,5.849151611,160.7146347,0.675128758,-0.811196208,1.5332337,160,-0.1316227884,0.1605069357,5.800620079,160.4823944,-1.596506953,3.906986237,-0.7380191036,160,0.1602001855,0.1604204618,0.1605224609,160.4128431,0,0.2559697628,2.093491446,160,-0.8069700599,0,0.1667481406,166.0421692,0,-15.11012103,160,0,1.029528022
0.2420345,1.08738905,-1.181097388,1.756528621,-15.58723076,-0.1312389434,0.1606312034,5.849151611,160.74383,0.675128758,-0.811196208,1.127922655,160,-0.1316227884,0.1605069357,5.800620079,160.4548456,-1.596506953,3.906986237,-1.14083397,160,0.160388018,0.1604124398,0.1605224609,160.4532977,0,0.2563202977,1.7968914,160,-0.8069700599,0,0.1660039253,165.6547863,0,-15.54399298,160,0,0.7146171927
0.242034,1.127922656,-1.140833966,1.796891404,-15.54399298,-0.1312389434,0.1606312034,5.849151611,160.7413614,0.675128758,-0.811196208,1.168455999,160,-0.1316227884,0.1605069357,5.800620079,160.4580485,-1.596506953,3.906986237,-1.100567033,160,0.160388018,0.1604124398,0.1605224609,160.4491562,0,0.2563202977,1.837252803,160,-0.8069700599,0,0.1660039253,165.6940065,0,-15.50072758,160,0,0.7146171927
0.2420365,0.9252533737,-1.342114623,1.595065023,-15.75990422,-0.1312389434,0.1606312034,5.849151611,160.7526909,0.675128758,-0.811196208,0.9657873434,160,-0.1316227884,0.1605069357,5.800620079,160.4410274,-1.596506953,3.906986237,-1.301865918,160,0.160388018,0.1604124398,0.1605224609,160.4688546,0,0.2563202977,1.635432657,160,-0.8069700599,0,0.1660039253,165.4968262,0,-15.71677765,160,0,0.7146171927
0.2420375,0.8441857288,-1.422600431,1.514326684,-15.84607335,-0.1312389434,0.1606312034,5.849151611,160.7565133,0.675128758,-0.811196208,0.8847194763,160,-0.1316227884,0.1605069357,5.800620079,160.4335146,-1.596506953,3.906986237,-1.382359486,160,0.160388018,0.1604124398,0.1605224609,160.4760275,0,0.2563202977,1.554696343,160,-0.8069700599,0,0.1660039253,165.4171994,0,-15.80300281,160,0,0.7146171927
0.242025,1.857418267,-0.4155580358,1.560645419,-14.76107137,-0.1312389434,0.1606312034,5.849151611,160.6796499,0.675128758,-0.811196208,1.897935398,160,-0.1316227884,0.1605069357,5.800620079,160.4985304,-1.596506953,3.906986237,-0.3752393312,160,0.1602001855,0.1604204618,0.1605224609,160.4164528,0,0.2559697628,1.494029704,160,-0.8069700599,0,0.1667481406,166.3814721,0,-14.71732089,160,0,1.029528022
0.242032,1.290053798,-0.979745836,1.958328042,-15.37076633,-0.1312389434,0.1606312034,5.849151611,160.7304737,0.675128758,-0.811196208,1.330585423,160,-0.1316227884,0.1605069357,5.800620079,160.4698535,-1.596506953,3.906986237,-0.9394655294,160,0.160388018,0.1604124398,0.1605224609,160.4315811,0,0.2563202977,1.998683242,160,-0.8069700599,0,0.1660039253,165.8498053,0,-15.32739114,160,0,0.7146171927
0.242038,0.8036521912,-1.462837399,1.473956115,-15.88911577,-0.1312389434,0.1606312034,5.849151611,160.7582725,0.675128758,-0.811196208,0.8441857275,160,-0.1316227884,0.1605069357,5.800620079,160.4296073,-1.596506953,3.906986237,-1.422600434,160,0.160388018,0.1604124398,0.1605224609,160.4794625,0,0.2563202977,1.514326684,160,-0.8069700599,0,0.1660039253,165.3772245,0,-15.84607335,160,0,0.7146171927
0.2420215,2.141003402,-0.1332824518,1.094288565,-14.45426897,-0.1312389434,0.1606312034,5.849151611,160.6467666,0.675128758,-0.811196208,2.1815083,160,-0.1316227884,0.1605069357,5.800620079,160.5054362,-1.596506953,3.906986237,-0.09294949521,160,0.1602001855,0.1604204618,0.1605224609,160.4192604,0,0.2559697628,1.027657277,160,-0.8069700599,0,0.1667481406,166.6392551,0,-14.41033615,160,0,1.029528022
0.242031,1.371116454,-0.8991820429,2.039036724,-15.28398867,-0.1312389434,0.1606312034,5.849151611,160.7244218,0.675128758,-0.811196208,1.411646817,160,-0.1316227884,0.1605069357,5.800620079,160.4751519,-1.596506953,3.906986237,-0.8588954508,160,0.160388018,0.1604124398,0.1605224609,160.4221881,0,0.2563202977,2.07938842,160,-0.8069700599,0,0.1660039253,165.9270547,0,-15.24055902,160,0,0.7146171927
0.242035,1.046855252,-1.221357232,1.716164525,-15.63044085,-0.1312389434,0.1606312034,5.849151611,160.7461972,0.675128758,-0.811196208,1.087389048,160,-0.1316227884,0.1605069357,5.800620079,160.451542,-1.596506953,3.906986237,-1.181097392,160,0.160388018,0.1604124398,0.1605224609,160.4573383,0,0.2563202977,1.756528619,160,-0.8069700599,0,0.1660039253,165.6154582,0,-15.58723077,160,0,0.7146171927
0.2420355,1.006321328,-1.26161343,1.675799182,-15.67362317,-0.1312389434,0.1606312034,5.849151611,160.7484631,0.675128758,-0.811196208,1.04685525,160,-0.1316227884,0.1605069357,5.800620079,160.4481378,-1.596506953,3.906986237,-1.221357234,160,0.160388018,0.1604124398,0.1605224609,160.461278,0,0.2563202977,1.716164522,160,-0.8069700599,0,0.1660039253,165.5760221,0,-15.63044085,160,0,0.7146171927
0.2420235,1.978964967,-0.294595269,1.360791523,-14.62974121,-0.1312389434,0.1606312034,5.849151611,160.6661648,0.675128758,-0.811196208,2.019477265,160,-0.1316227884,0.1605069357,5.800620079,160.5020949,-1.596506953,3.906986237,-0.2542700557,160,0.1602001855,0.1604204618,0.1605224609,160.417656,0,0.2559697628,1.294169124,160,-0.8069700599,0,0.1667481406,166.4926077,0,-14.58591215,160,0,1.029528022
0.242027,1.695335638,-0.5768091512,1.827086187,-14.93580919,-0.1312389434,0.1606312034,5.849151611,160.6962119,0.675128758,-0.811196208,1.735858273,160,-0.1316227884,0.1605069357,5.800620079,160.4923665,-1.596506953,3.906986237,-0.5365000675,160,0.1602001855,0.1604204618,0.1605224609,160.4148485,0,0.2559697628,1.760479336,160,-0.8069700599,0,0.1667481406,166.2317611,0,-14.8921645,160,0,1.029528022
0.24203,1.452176647,-0.8186065567,2.119738745,-15.19710899,-0.1312389434,0.1606312034,5.849151611,160.7180153,0.675128758,-0.811196208,1.49270571,160,-0.1316227884,0.1605069357,5.800620079,160.4800977,-1.596506953,3.906986237,-0.7783146572,160,0.160388018,0.1604124398,0.1605224609,160.412442,0,0.2563202977,2.160087206,160,-0.8069700599,0,0.1660039253,166.0039244,0,-15.15363188,160,0,0.7146171927
0.2420325,1.24952164,-1.020022901,1.91797119,-15.41411418,-0.1312389434,0.1606312034,5.849151611,160.7333476,0.675128758,-0.811196208,1.290053795,160,-0.1316227884,0.1605069357,5.800620079,160.4670533,-1.596506953,3.906986237,-0.9797458382,160,0.160388018,0.1604124398,0.1605224609,160.4361262,0,0.2563202977,1.958328042,160,-0.8069700599,0,0.1660039253,165.811018,0,-15.37076633,160,0,0.7146171927
0.2420275,1.654811795,-0.6171156659,1.893690827,-14.97942727,-0.1312389434,0.1606312034,5.849151611,160.7000991,0.675128758,-0.811196208,1.695335637,160,-0.1316227884,0.1605069357,5.800620079,160.4905736,-1.596506953,3.906986237,-0.5768091533,160,0.1602001855,0.1604204618,0.1605224609,160.4144474,0,0.2559697628,1.827086209,160,-0.8069700599,0,0.1667481406,166.1940606,0,-14.9358092,160,0,1.029528022
0.242039,0.7225860234,-1.543299127,1.393212516,-15.97511596,-0.1312389434,0.1606312034,5.849151611,160.7614869,0.675128758,-0.811196208,0.7631189334,160,-0.1316227884,0.1605069357,5.800620079,160.4214909,-1.596506953,3.906986237,-1.503070322,160,0.160388018,0.1604124398,0.1605224609,160.4860298,0,0.2563202977,1.4335847,160,-0.8069700599,0,0.1660039253,165.2969522,0,-15.93213,160,0,0.7146171927
0.242021,2.181508305,-0.09294949373,1.027657272,-14.41033615,-0.1312389434,0.1606312034,5.849151611,160.6416638,0.675128758,-0.811196208,2.222011187,160,-0.1316227884,0.1605069357,5.800620079,160.5060195,-1.596506953,3.906986237,-0.05261476943,160,0.1602001855,0.1604204618,0.1605224609,160.4196615,0,0.2559697628,0.9610237726,160,-0.8069700599,0,0.1667481406,166.6756427,0,-14.36637757,160,0,1.029528022
0.242029,1.533233703,-0.7380191028,2.093491424,-15.11012102,-0.1312389434,0.1606312034,5.849151611,160.7111528,0.675128758,-0.811196208,1.573760759,160,-0.1316227884,0.1605069357,5.800620079,160.4845903,-1.596506953,3.906986237,-0.6977207114,160,0.1602001855,0.1604204618,0.1605224609,160.4132442,0,0.2559697628,2.026893469,160,-0.8069700599,0,0.1667481406,166.0803053,0,-15.06658326,160,0,1.029528022
0.2420335,1.168456001,-1.100567033,1.837252804,-15.50072758,-0.1312389434,0.1606312034,5.849151611,160.7387915,0.675128758,-0.811196208,1.208989016,160,-0.1316227884,0.1605069357,5.800620079,160.4611508,-1.596506953,3.906986237,-1.060296658,160,0.160388018,0.1604124398,0.1605224609,160.4449138,0,0.2563202977,1.877612753,160,-0.8069700599,0,0.1660039253,165.7331185,0,-15.45743462,160,0,0.7146171927
0.242036,0.9657873459,-1.301865916,1.635432659,-15.71677765,-0.1312389434,0.1606312034,5.849151611,160.7506277,0.675128758,-0.811196208,1.006321323,160,-0.1316227884,0.1605069357,5.800620079,160.4446329,-1.596506953,3.906986237,-1.261613434,160,0.160388018,0.1604124398,0.1605224609,160.4651168,0,0.2563202977,1.675799179,160,-0.8069700599,0,0.1660039253,165.536478,0,-15.67362317,160,0,0.7146171927
0.2420385,0.7631189335,-1.50307032,1.433584704,-15.93212999,-0.1312389434,0.1606312034,5.849151611,160.7599303,0.675128758,-0.811196208,0.8036521884,160,-0.1316227884,0.1605069357,5.800620079,160.4255993,-1.596506953,3.906986237,-1.4628374,160,0.160388018,0.1604124398,0.1605224609,160.4827966,0,0.2563202977,1.473956114,160,-0.8069700599,0,0.1660039253,165.3371421,0,-15.88911577,160,0,0.7146171927
0.2420395,0.6820535282,-1.583523753,1.35283962,-16.01807359,-0.1312389434,0.1606312034,5.849151611,160.7629421,0.675128758,-0.811196208,0.7225860195,160,-0.1316227884,0.1605069357,5.800620079,160.4172818,-1.596506953,3.906986237,-1.543299131,160,0.160388018,0.1604124398,0.1605224609,160.489162,0,0.2563202977,1.393212514,160,-0.8069700599,0,0.1660039253,165.2566549,0,-15.97511596,160,0,0.7146171927
0.242023,2.019477264,-0.2542700512,1.294169116,-14.58591215,-0.1312389434,0.1606312034,5.849151611,160.6614672,0.675128758,-0.811196208,2.059987811,160,-0.1316227884,0.1605069357,5.800620079,160.5030815,-1.596506953,3.906986237,-0.2139427977,160,0.1602001855,0.1604204618,0.1605224609,160.4180571,0,0.2559697628,1.227544487,160,-0.8069700599,0,0.1667481406,166.529434,0,-14.54205705,160,0,1.029528022
0.2420265,1.735858274,-0.5365000637,1.760479326,-14.8921645,-0.1312389434,0.1606312034,5.849151611,160.6922234,0.675128758,-0.811196208,1.776379634,160,-0.1316227884,0.1605069357,5.800620079,160.4940586,-1.596506953,3.906986237,-0.4961884734,160,0.1602001855,0.1604204618,0.1605224609,160.4152496,0,0.2559697628,1.693870246,160,-0.8069700599,0,0.1667481406,166.2693526,0,-14.84849325,160,0,1.029528022
0.2420315,1.330585425,-0.9394655276,1.998683242,-15.32739113,-0.1312389434,0.1606312034,5.849151611,160.7274984,0.675128758,-0.811196208,1.371116454,160,-0.1316227884,0.1605069357,5.800620079,160.4725531,-1.596506953,3.906986237,-0.8991820444,160,0.160388018,0.1604124398,0.1605224609,160.426935,0,0.2563202977,2.039036723,160,-0.8069700599,0,0.1660039253,165.8884842,0,-15.28398867,160,0,0.7146171927
0.2814225,0.9295400175,-0.3503242662,-0.2679832717,-5.347101135,-0.02128351247,0.1608374847,7.637634277,160.8488213,-0.4536423087,-0.8040114045,0.9701382204,160,-0.02151065482,0.1604532578,7.598701,160.4485879,-1.725099087,4.462403297,-0.3100366257,160,0.1614591487,0.1604847064,0.1199972332,160.4810616,0,0.258433044,-0.227671169,160,-0.800483644,0,0.1717055866,171.6386251,0,-5.299524116,160,0,3.475290537
0.2814245,0.7671485922,-0.5114522158,-0.4292104383,-5.537300593,-0.02128351247,0.1608374847,7.637634277,160.856102,-0.4536423087,-0.8040114045,0.8077461011,160,-0.02151065482,0.1604532578,7.598701,160.4430772,-1.725099087,4.462403297,-0.471173756,160,0.1614591487,0.1604847064,0.1199972332,160.4763737,0,0.258433044,-0.3889069689,160,-0.800483644,0,0.1717055866,171.5829622,0,-5.489767183,160,0,3.475290537
0.281431,0.2394367937,-1.034823705,-0.9529194144,-6.154196241,-0.02128351247,0.1608374847,7.637634277,160.8685494,-0.4536423087,-0.8040114045,0.2800245653,160,-0.02151065482,0.1604532578,7.598701,160.4140429,-1.725099087,4.462403297,-0.9945824893,160,0.1608781523,0.1604551727,0.1214425862,160.4500066,0,0.2583346367,-0.9126514229,160,-0.800483644,1,0.1714200941,171.3889387,0,-6.106813263,160,0,3.295049667
0.281429,0.4017945509,-0.8738394987,-0.791828921,-5.964592377,-0.02128351247,0.1608374847,7.637634277,160.8665462,-0.4536423087,-0.8040114045,0.4423865363,160,-0.02151065482,0.1604532578,7.598701,160.4247881,-1.725099087,4.462403297,-0.8335856165,160,0.1614591487,0.1604847064,0.1199972332,160.4599323,0,0.258433044,-0.7515488072,160,-0.800483644,0,0.1717055866,171.4507731,0,-5.917161694,160,0,3.475290537
0.281426,0.6453583888,-0.6322725542,-0.5501066194,-5.679833918,-0.02128351247,0.1608374847,7.637634277,160.8604968,-0.4536423087,-0.8040114045,0.6859546673,160,-0.02151065482,0.1604532578,7.598701,160.4378869,-1.725099087,4.462403297,-0.5920016832,160,0.1614591487,0.1604847064,0.1199972332,160.4717999,0,0.258433044,-0.5098103308,160,-0.800483644,0,0.1717055866,171.5399675,0,-5.632334044,160,0,3.475290537
0.2814285,0.4423865388,-0.833585615,-0.7515488049,-5.917161695,-0.02128351247,0.1608374847,7.637634277,160.8657917,-0.4536423087,-0.8040114045,0.4829794094,160,-0.02151065482,0.1604532578,7.598701,160.4272229,-1.725099087,4.462403297,-0.7933287343,160,0.1614591487,0.1604847064,0.1199972332,160.462162,0,0.258433044,-0.7112658267,160,-0.800483644,0,0.1717055866,171.4659353,0,-5.869719285,160,0,3.475290537
0.28142,1.132530488,-0.1488659211,-0.06640393983,-5.109112364,-0.02128351247,0.1608374847,7.637634277,160.8374874,-0.4536423087,-0.8040114045,1.173128169,160,-0.02151065482,0.1604532578,7.598701,160.4532604,-1.725099087,4.462403297,-0.1085687451,160,0.1614591487,0.1604847064,0.1199972332,160.4847042,0,0.258433044,-0.02608294736,160,-0.800483644,0,0.1717055866,171.7055873,0,-5.061485165,160,0,3.475290537
0.2814365,-0.2069331891,-1.47724236,-1.395641532,-6.674591682,-0.02128351247,0.1608374847,7.637634277,160.8656875,-0.4536423087,-0.8040114045,-0.1663625788,160,-0.02151065482,0.1604532578,7.598701,160.3761957,-1.725099087,4.462403297,-1.437041494,160,0.1608781523,0.1604551727,0.1214425862,160.4144074,0,0.2583346367,-1.355412405,160,-0.800483644,1,0.1714200941,171.2091293,0,-6.627346366,160,0,3.295049667
0.281436,-0.1663625767,-1.437041493,-1.355412401,-6.627346362,-0.02128351247,0.1608374847,7.637634277,160.8664549,-0.4536423087,-0.8040114045,-0.1257900664,160,-0.02151065482,0.1604532578,7.598701,160.380139,-1.725099087,4.462403297,-1.396836623,160,0.1608781523,0.1604551727,0.1214425862,160.4181467,0,0.2583346367,-1.315179404,160,-0.800483644,1,0.1714200941,171.2260667,0,-6.58008814,160,0,3.295049667
0.281434,-0.004061821719,-1.276198665,-1.194457871,-6.438236802,-0.02128351247,0.1608374847,7.637634277,160.8685101,-0.4536423087,-0.8040114045,0.03651760494,160,-0.02151065482,0.1604532578,7.598701,160.3949072,-1.725099087,4.462403297,-1.235978456,160,0.1608781523,0.1604551727,0.1214425862,160.4320981,0,0.2583346367,-1.154210072,160,-0.800483644,1,0.1714200941,171.2926347,0,-6.390927737,160,0,3.295049667
0.281437,-0.2475018359,-1.517439157,-1.435866728,-6.721824018,-0.02128351247,0.1608374847,7.637634277,160.8648187,-0.4536423087,-0.8040114045,-0.2069331906,160,-0.02151065482,0.1604532578,7.598701,160.3721519,-1.725099087,4.462403297,-1.477242364,160,0.1608781523,0.1604551727,0.1214425862,160.4105675,0,0.2583346367,-1.395641533,160,-0.800483644,1,0.1714200941,171.1920738,0,-6.674591685,160,0,3.295049667
0.2814255,0.6859546674,-0.5920016825,-0.5098103307,-5.63233404,-0.02128351247,0.1608374847,7.637634277,160.8591334,-0.4536423087,-0.8040114045,0.7265514235,160,-0.02151065482,0.1604532578,7.598701,160.4397177,-1.725099087,4.462403297,-0.5517282169,160,0.1614591487,0.1604847064,0.1199972332,160.4734252,0,0.258433044,-0.4695115834,160,-0.800483644,0,0.1717055866,171.5544178,0,-5.584822908,160,0,3.475290537
0.281439,-0.4097554158,-1.678184314,-1.596726827,-6.910621948,-0.02128351247,0.1608374847,7.637634277,160.8603292,-0.4536423087,-0.8040114045,-0.369195309,160,-0.02151065482,0.1604532578,7.598701,160.3549718,-1.725099087,4.462403297,-1.638004466,160,0.1608781523,0.1604551727,0.1214425862,160.3942024,0,0.2583346367,-1.55651804,160,-0.800483644,1,0.1714200941,171.1226718,0,-6.863442334,160,0,3.295049667
0.281427,0.5641675372,-0.7128062391,-0.6306915464,-5.774799587,-0.02128351247,0.1608374847,7.637634277,160.8629192,-0.4536423087,-0.8040114045,0.6047626542,160,-0.02151065482,0.1604532578,7.598701,160.4339232,-1.725099087,4.462403297,-0.6725407644,160,0.1614591487,0.1604847064,0.1199972332,160.4682469,0,0.258433044,-0.5904003828,160,-0.800483644,0,0.1717055866,171.5107106,0,-5.72732246,160,0,3.475290537
0.2814215,1.010736436,-0.2697468562,-0.1873570713,-5.251936387,-0.02128351247,0.1608374847,7.637634277,160.8445719,-0.4536423087,-0.8040114045,1.051334582,160,-0.02151065482,0.1604532578,7.598701,160.450739,-1.725099087,4.462403297,-0.2294550292,160,0.1614591487,0.1604847064,0.1199972332,160.4828009,0,0.258433044,-0.1470410531,160,-0.800483644,0,0.1717055866,171.6657431,0,-5.204338034,160,0,3.475290537
0.2814265,0.6047626561,-0.6725407621,-0.5904003803,-5.72732246,-0.02128351247,0.1608374847,7.637634277,160.8617588,-0.4536423087,-0.8040114045,0.6453583872,160,-0.02151065482,0.1604532578,7.598701,160.4359554,-1.725099087,4.462403297,-0.6322725561,160,0.1614591487,0.1604847064,0.1199972332,160.4700737,0,0.258433044,-0.5501066198,160,-0.800483644,0,0.1717055866,171.5253984,0,-5.679833922,160,0,3.475290537
0.281438,-0.3286329624,-1.597820276,-1.516305048,-6.816249421,-0.02128351247,0.1608374847,7.637634277,160.8627768,-0.4536423087,-0.8040114045,-0.2880684526,160,-0.02151065482,0.1604532578,7.598701,160.3637628,-1.725099087,4.462403297,-1.557631819,160,0.1608781523,0.1604551727,0.1214425862,160.402586,0,0.2583346367,-1.476087924,160,-0.800483644,1,0.1714200941,171.1576088,0,-6.769043292,160,0,3.295049667
0.281428,0.4829794109,-0.7933287326,-0.7112658257,-5.869719284,-0.02128351247,0.1608374847,7.637634277,160.8649357,-0.4536423087,-0.8040114045,0.523573096,160,-0.02151065482,0.1604532578,7.598701,160.429557,-1.725099087,4.462403297,-0.753068921,160,0.1614591487,0.1604847064,0.1199972332,160.464291,0,0.258433044,-0.6709800537,160,-0.800483644,0,0.1717055866,171.480979,0,-5.822265223,160,0,3.475290537
0.281432,0.1582649784,-1.115296074,-1.03344574,-6.248925754,-0.02128351247,0.1608374847,7.637634277,160.8689421,-0.4536423087,-0.8040114045,0.1988502376,160,-0.02151065482,0.1604532578,7.598701,160.4080666,-1.725099087,4.462403297,-1.075061594,160,0.1608781523,0.1604551727,0.1214425862,160.4444396,0,0.2583346367,-0.9931842122,160,-0.800483644,1,0.1714200941,171.3573107,0,-6.201567103,160,0,3.295049667
0.28143,0.3206134982,-0.9543380014,-0.8723802959,-6.05941824,-0.02128351247,0.1608374847,7.637634277,160.8677507,-0.4536423087,-0.8040114045,0.3612035115,160,-0.02151065482,0.1604532578,7.598701,160.4196167,-1.725099087,4.462403297,-0.9140903181,160,0.1608781523,0.1604551727,0.1214425862,160.4551708,0,0.2583346367,-0.8321061102,160,-0.800483644,1,0.1714200941,171.4200928,0,-6.012011255,160,0,3.295049667
0.2814295,0.3612035148,-0.9140903164,-0.832106107,-6.012011252,-0.02128351247,0.1608374847,7.637634277,160.8671992,-0.4536423087,-0.8040114045,0.4017945479,160,-0.02151065482,0.1604532578,7.598701,160.4222527,-1.725099087,4.462403297,-0.8738395003,160,0.1614591487,0.1604847064,0.1199972332,160.4576019,0,0.258433044,-0.7918289242,160,-0.800483644,0,0.1717055866,171.4354922,0,-5.964592379,160,0,3.475290537
0.2814395,-0.4503132213,-1.718359761,-1.636931347,-6.957788187,-0.02128351247,0.1608374847,7.637634277,160.8589533,-0.4536423087,-0.8040114045,-0.4097554154,160,-0.02151065482,0.1604532578,7.598701,160.3504256,-1.725099087,4.462403297,-1.678184315,160,0.1608781523,0.1604551727,0.1214425862,160.3898599,0,0.2583346367,-1.596726829,160,-0.800483644,1,0.1714200941,171.1050263,0,-6.910621948,160,0,3.295049667
0.2814275,0.5235730996,-0.7530689183,-0.6709800505,-5.822265221,-0.02128351247,0.1608374847,7.637634277,160.8639782,-0.4536423087,-0.8040114045,0.5641675358,160,-0.02151065482,0.1604532578,7.598701,160.4317904,-1.725099087,4.462403297,-0.7128062407,160,0.1614591487,0.1604847064,0.1199972332,160.4663193,0,0.258433044,-0.6306915488,160,-0.800483644,0,0.1717055866,171.4959041,0,-5.774799586,160,0,3.475290537
0.2814305,0.2800245686,-0.9945824866,-0.9126514207,-6.106813262,-0.02128351247,0.1608374847,7.637634277,160.8682008,-0.4536423087,-0.8040114045,0.3206134984,160,-0.02151065482,0.1604532578,7.598701,160.4168801,-1.725099087,4.462403297,-0.9543380024,160,0.1608781523,0.1604551727,0.1214425862,160.452639,0,0.2583346367,-0.8723802978,160,-0.800483644,1,0.1714200941,171.404575,0,-6.05941824,160,0,3.295049667
0.2814345,-0.04463962114,-1.316415142,-1.234702071,-6.485533277,-0.02128351247,0.1608374847,7.637634277,160.8681485,-0.4536423087,-0.8040114045,-0.004061821102,160,-0.02151065482,0.1604532578,7.598701,160.391366,-1.725099087,4.462403297,-1.276198667,160,0.1608781523,0.1604551727,0.1214425862,160.4287611,0,0.2583346367,-1.194457873,160,-0.800483644,1,0.1714200941,171.27617,0,-6.438236802,160,0,3.295049667
0.281423,0.8889418834,-0.390609713,-0.3082933183,-5.394667373,-0.02128351247,0.1608374847,7.637634277,160.8507937,-0.4536423087,-0.8040114045,0.9295400147,160,-0.02151065482,0.1604532578,7.598701,160.4473613,-1.725099087,4.462403297,-0.3503242674,160,0.1614591487,0.1604847064,0.1199972332,160.4800408,0,0.258433044,-0.2679832747,160,-0.800483644,0,0.1717055866,171.6248877,0,-5.347101137,160,0,3.475290537
0.2814235,0.8483438893,-0.4308928982,-0.3486012397,-5.442222747,-0.02128351247,0.1608374847,7.637634277,160.8526647,-0.4536423087,-0.8040114045,0.8889418801,160,-0.02151065482,0.1604532578,7.598701,160.446034,-1.725099087,4.462403297,-0.390609717,160,0.1614591487,0.1604847064,0.1199972332,160.4789192,0,0.258433044,-0.3082933198,160,-0.800483644,0,0.1717055866,171.6110314,0,-5.394667376,160,0,3.475290537
0.2814355,-0.1257900662,-1.396836623,-1.315179403,-6.580088136,-0.02128351247,0.1608374847,7.637634277,160.8671209,-0.4536423087,-0.8040114045,-0.08521572781,160,-0.02151065482,0.1604532578,7.598701,160.3839819,-1.725099087,4.462403297,-1.35662782,160,0.1608781523,0.1604551727,0.1214425862,160.4217854,0,0.2583346367,-1.274942605,160,-0.800483644,1,0.1714200941,171.2428859,0,-6.532817086,160,0,3.295049667
0.2814335,0.03651760552,-1.235978453,-1.154210071,-6.390927734,-0.02128351247,0.1608374847,7.637634277,160.8687703,-0.4536423087,-0.8040114045,0.07709859062,160,-0.02151065482,0.1604532578,7.598701,160.3983479,-1.725099087,4.462403297,-1.195754574,160,0.1608781523,0.1604551727,0.1214425862,160.4353344,0,0.2583346367,-1.113958742,160,-0.800483644,1,0.1714200941,171.3089812,0,-6.343606152,160,0,3.295049667
0.281422,0.9701382241,-0.3100366249,-0.227671167,-5.299524114,-0.02128351247,0.1608374847,7.637634277,160.8467474,-0.4536423087,-0.8040114045,1.010736433,160,-0.02151065482,0.1604532578,7.598701,160.4497138,-1.725099087,4.462403297,-0.2697468595,160,0.1614591487,0.1604847064,0.1199972332,160.4819816,0,0.258433044,-0.1873570739,160,-0.800483644,0,0.1717055866,171.6522436,0,-5.25193639,160,0,3.475290537
0.281424,0.807746103,-0.4711737549,-0.3889069687,-5.48976718,-0.02128351247,0.1608374847,7.637634277,160.8544341,-0.4536423087,-0.8040114045,0.8483438876,160,-0.02151065482,0.1604532578,7.598701,160.4446059,-1.725099087,4.462403297,-0.4308929,160,0.1614591487,0.1604847064,0.1199972332,160.4776968,0,0.258433044,-0.3486012403,160,-0.800483644,0,0.1717055866,171.5970562,0,-5.442222747,160,0,3.475290537
0.281433,0.07709859302,-1.195754572,-1.113958738,-6.343606151,-0.02128351247,0.1608374847,7.637634277,160.868929,-0.4536423087,-0.8040114045,0.117681072,160,-0.02151065482,0.1604532578,7.598701,160.401688,-1.725099087,4.462403297,-1.155527094,160,0.1608781523,0.1604551727,0.1214425862,160.4384701,0,0.2583346367,-1.073703942,160,-0.800483644,1,0.1714200941,171.3252093,0,-6.296272133,160,0,3.295049667
0.281425,0.7265514244,-0.551728214,-0.4695115813,-5.584822906,-0.02128351247,0.1608374847,7.637634277,160.8576685,-0.4536423087,-0.8040114045,0.7671485918,160,-0.02151065482,0.1604532578,7.598701,160.4414478,-1.725099087,4.462403297,-0.5114522175,160,0.1614591487,0.1604847064,0.1199972332,160.4749499,0,0.258433044,-0.4292104414,160,-0.800483644,0,0.1717055866,171.5687494,0,-5.537300595,160,0,3.475290537
0.281435,-0.08521572515,-1.356627817,-1.274942604,-6.532817082,-0.02128351247,0.1608374847,7.637634277,160.8676854,-0.4536423087,-0.8040114045,-0.04463962355,160,-0.02151065482,0.1604532578,7.598701,160.3877242,-1.725099087,4.462403297,-1.316415144,160,0.1608781523,0.1604551727,0.1214425862,160.4253236,0,0.2583346367,-1.234702072,160,-0.800483644,1,0.1714200941,171.2595871,0,-6.48553328,160,0,3.295049667
0.2814205,1.091932602,-0.1891612048,-0.1067231752,-5.156729135,-0.02128351247,0.1608374847,7.637634277,160.8399419,-0.4536423087,-0.8040114045,1.132530489,160,-0.02151065482,0.1604532578,7.598701,160.4525123,-1.725099087,4.462403297,-0.1488659223,160,0.1614591487,0.1604847064,0.1199972332,160.4841622,0,0.258433044,-0.0664039419,160,-0.800483644,0,0.1717055866,171.692415,0,-5.109112365,160,0,3.475290537
0.2814315,0.1988502411,-1.07506159,-0.9931842099,-6.201567098,-0.02128351247,0.1608374847,7.637634277,160.8687965,-0.4536423087,-0.8040114045,0.2394367904,160,-0.02151065482,0.1604532578,7.598701,160.4111051,-1.725099087,4.462403297,-1.034823704,160,0.1608781523,0.1604551727,0.1214425862,160.4472734,0,0.2583346367,-0.9529194145,160,-0.800483644,1,0.1714200941,171.3731839,0,-6.154196242,160,0,3.295049667
0.281421,1.051334584,-0.2294550271,-0.1470410516,-5.204338035,-0.02128351247,0.1608374847,7.637634277,160.842295,-0.4536423087,-0.8040114045,1.091932599,160,-0.02151065482,0.1604532578,7.598701,160.4516634,-1.725099087,4.462403297,-0.1891612058,160,0.1614591487,0.1604847064,0.1199972332,160.4835193,0,0.258433044,-0.1067231779,160,-0.800483644,0,0.1717055866,171.6791237,0,-5.156729138,160,0,3.475290537
0.2814325,0.1176810732,-1.15552709,-1.073703938,-6.296272131,-0.02128351247,0.1608374847,7.637634277,160.8689863,-0.4536423087,-0.8040114045,0.1582649745,160,-0.02151065482,0.1604532578,7.598701,160.4049276,-1.725099087,4.462403297,-1.115296076,160,0.1608781523,0.1604551727,0.1214425862,160.4415052,0,0.2583346367,-1.033445741,160,-0.800483644,1,0.1714200941,171.3413192,0,-6.248925757,160,0,3.295049667
0.2814375,-0.2880684495,-1.557631818,-1.476087922,-6.76904329,-0.02128351247,0.1608374847,7.637634277,160.8638484,-0.4536423087,-0.8040114045,-0.2475018377,160,-0.02151065482,0.1604532578,7.598701,160.3680076,-1.725099087,4.462403297,-1.517439159,160,0.1608781523,0.1604551727,0.1214425862,160.406627,0,0.2583346367,-1.435866729,160,-0.800483644,1,0.1714200941,171.1749003,0,-6.721824022,160,0,3.295049667
0.2814385,-0.369195307,-1.638004463,-1.556518039,-6.863442333,-0.02128351247,0.1608374847,7.637634277,160.8616037,-0.4536423087,-0.8040114045,-0.3286329644,160,-0.02151065482,0.1604532578,7.598701,160.3594175,-1.725099087,4.462403297,-1.597820276,160,0.1608781523,0.1604551727,0.1214425862,160.3984445,0,0.2583346367,-1.516305048,160,-0.800483644,1,0.1714200941,171.1401992,0,-6.816249421,160,0,3.295049667
0.27802,1.868980077,-0.2412335031,-1.706389075,17.47445942,0.4543966905,0.1607860938,15.59921265,160.7860965,0.3041156232,-0.7954869866,1.909568965,160,0.4534058533,0.1605136823,15.57648182,160.5136833,-1.79910028,5.272288322,-0.2008992439,160,0.1597869712,0.1604222142,0.1203057766,160.4222162,0,0.2574850023,-1.77311319,160,-0.7948867679,1,0.1642316185,164.2316204,0,17.51788513,160,0,2.220961332
0.2780305,1.016381255,-1.087693719,-0.3056853075,16.55644076,0.4543966905,0.1607860938,15.59921265,160.8554753,0.3041156232,-0.7954869866,1.056986864,160,0.4534058533,0.1605136823,15.57648182,160.4724326,-1.79910028,5.272288322,-1.047415381,160,0.1599994102,0.1604141922,0.2481079102,160.4137934,0,0.2556591332,-0.3723632744,160,-0.7948867679,1,0.1650774308,165.1185761,0,16.60041956,160,0,2.518164635
0.2780385,0.3667277082,-1.731636048,0.7608599274,15.84931472,0.4543966905,0.1607860938,15.59921265,160.8783259,0.3041156232,-0.7954869866,0.4073263504,160,0.4534058533,0.1605136823,15.57648182,160.4112342,-1.79910028,5.272288322,-1.691420518,160,0.1599994102,0.1604141922,0.2481079102,160.4073763,0,0.2556591332,0.6942175332,160,-0.7948867679,1,0.1650774308,165.7618616,0,15.89369822,160,0,2.518164635
0.278032,0.894564262,-1.208507928,-0.1056647356,16.42434956,0.4543966905,0.1607860938,15.59921265,160.8617394,0.3041156232,-0.7954869866,0.9351698829,160,0.4534058533,0.1605136823,15.57648182,160.4629203,-1.79910028,5.272288322,-1.168240061,160,0.1599994102,0.1604141922,0.2481079102,160.4125902,0,0.2556591332,-0.1723360299,160,-0.7948867679,1,0.1650774308,165.2413453,0,16.46840569,160,0,2.518164635
0.2780335,0.7727484482,-1.32928952,0.09433583083,16.29202769,0.4543966905,0.1607860938,15.59921265,160.8670897,0.3041156232,-0.7954869866,0.8133534735,160,0.4534058533,0.1605136823,15.57648182,160.4525019,-1.79910028,5.272288322,-1.289032728,160,0.1599994102,0.1604141922,0.2481079102,160.411387,0,0.2556591332,0.02767123419,160,-0.7948867679,1,0.1650774308,165.3631227,0,16.33616048,160,0,2.518164635
0.2780365,0.5291276659,-1.570747621,0.4942769553,16.0267,0.4543966905,0.1607860938,15.59921265,160.8750495,0.3041156232,-0.7954869866,0.569729675,160,0.4534058533,0.1605136823,15.57648182,160.4289483,-1.79910028,5.272288322,-1.530514783,160,0.1599994102,0.1604141922,0.2481079102,160.4089806,0,0.2556591332,0.4276256789,160,-0.7948867679,1,0.1650774308,165.6036949,0,16.07098411,160,0,2.518164635
0.2780225,1.66601635,-0.4428751085,-1.372799643,17.2569489,0.4543966905,0.1607860938,15.59921265,160.8066368,0.3041156232,-0.7954869866,1.706611599,160,0.4534058533,0.1605136823,15.57648182,160.5078547,-1.79910028,5.272288322,-0.4025511195,160,0.1597869712,0.1604222142,0.1203057766,160.4202107,0,0.2574850023,-1.439513198,160,-0.7948867679,1,0.1642316185,164.4471271,0,17.300504,160,0,2.220961332
0.278025,1.463024117,-0.6444584665,-1.039265261,17.03876937,0.4543966905,0.1607860938,15.59921265,160.8246904,0.3041156232,-0.7954869866,1.503624468,160,0.4534058533,0.1605136823,15.57648182,160.4995563,-1.79910028,5.272288322,-0.6041468978,160,0.1597869712,0.1604222142,0.1203057766,160.4182053,0,0.2574850023,-1.105967669,160,-0.7948867679,1,0.1642316185,164.6599642,0,17.0824589,160,0,2.220961332
0.2780315,0.9351698855,-1.16824006,-0.1723360366,16.46840569,0.4543966905,0.1607860938,15.59921265,160.8597529,0.3041156232,-0.7954869866,0.9757755706,160,0.4534058533,0.1605136823,15.57648182,160.4661917,-1.79910028,5.272288322,-1.127968634,160,0.1599994102,0.1604141922,0.2481079102,160.4129912,0,0.2556591332,-0.2390095517,160,-0.7948867679,1,0.1650774308,165.2005324,0,16.51243611,160,0,2.518164635
0.278028,1.219407233,-0.8862691343,-0.6390973893,16.77607475,0.4543966905,0.1607860938,15.59921265,160.8430049,0.3041156232,-0.7954869866,1.260011466,160,0.4534058533,0.1605136823,15.57648182,160.4862726,-1.79910028,5.272288322,-0.8459746894,160,0.1597869712,0.1604222142,0.1203057766,160.4157988,0,0.2574850023,-0.7057864764,160,-0.7948867679,1,0.1642316185,164.9117612,0,16.81992317,160,0,2.220961332
0.278027,1.300615225,-0.8056772151,-0.7724777854,16.8637453,0.4543966905,0.1607860938,15.59921265,160.8373061,0.3041156232,-0.7954869866,1.341218436,160,0.4534058533,0.1605136823,15.57648182,160.4911035,-1.79910028,5.272288322,-0.7653767931,160,0.1597869712,0.1604222142,0.1203057766,160.4166009,0,0.2574850023,-0.8391712925,160,-0.7948867679,1,0.1642316185,164.8282669,0,16.90754106,160,0,2.220961332
0.27803,1.056986865,-1.04741538,-0.3723632774,16.60041956,0.4543966905,0.1607860938,15.59921265,160.8531843,0.3041156232,-0.7954869866,1.097592332,160,0.4534058533,0.1605136823,15.57648182,160.475402,-1.79910028,5.272288322,-1.007133687,160,0.1599994102,0.1604141922,0.2481079102,160.4141945,0,0.2556591332,-0.4390434754,160,-0.7948867679,1,0.1650774308,165.0774329,0,16.64437243,160,0,2.518164635
0.2780325,0.8539587694,-1.248772173,-0.03899565739,16.3802678,0.4543966905,0.1607860938,15.59921265,160.8636243,0.3041156232,-0.7954869866,0.8945642591,160,0.4534058533,0.1605136823,15.57648182,160.4595481,-1.79910028,5.272288322,-1.208507928,160,0.1599994102,0.1604141922,0.2481079102,160.4121891,0,0.2556591332,-0.1056646965,160,-0.7948867679,1,0.1650774308,165.2820481,0,16.42434955,160,0,2.518164635
0.278038,0.4073263509,-1.691420515,0.6942175174,15.89369822,0.4543966905,0.1607860938,15.59921265,160.877659,0.3041156232,-0.7954869866,0.4479259346,160,0.4534058533,0.1605136823,15.57648182,160.4158135,-1.79910028,5.272288322,-1.651200559,160,0.1599994102,0.1604141922,0.2481079102,160.4077774,0,0.2556591332,0.6275729163,160,-0.7948867679,1,0.1650774308,165.7224863,0,15.93805698,160,0,2.518164635
0.278033,0.8133534756,-1.289032726,0.02767119806,16.33616048,0.4543966905,0.1607860938,15.59921265,160.8654078,0.3041156232,-0.7954869866,0.8539587668,160,0.4534058533,0.1605136823,15.57648182,160.4560754,-1.79910028,5.272288322,-1.248772175,160,0.1599994102,0.1604141922,0.2481079102,160.411788,0,0.2556591332,-0.03899563694,160,-0.7948867679,1,0.1650774308,165.3226406,0,16.38026779,160,0,2.518164635
0.2780395,0.2855335218,-1.812053564,0.894138082,15.76047383,0.4543966905,0.1607860938,15.59921265,160.879355,0.3041156232,-0.7954869866,0.3261300741,160,0.4534058533,0.1605136823,15.57648182,160.4017739,-1.79910028,5.272288322,-1.771847089,160,0.1599994102,0.1604141922,0.2481079102,160.4065742,0,0.2556591332,0.8275001164,160,-0.7948867679,1,0.1650774308,165.8402791,0,15.80490656,160,0,2.518164635
0.278023,1.625419943,-0.4831967487,-1.306088319,17.21336677,0.4543966905,0.1607860938,15.59921265,160.8104505,0.3041156232,-0.7954869866,1.666016349,160,0.4534058533,0.1605136823,15.57648182,160.5063966,-1.79910028,5.272288322,-0.442875109,160,0.1597869712,0.1604222142,0.1203057766,160.4198096,0,0.2574850023,-1.37279963,160,-0.7948867679,1,0.1642316185,164.4899128,0,17.2569489,160,0,2.220961332
0.278035,0.6509356405,-1.450036687,0.2943163938,16.15947716,0.4543966905,0.1607860938,15.59921265,160.8715264,0.3041156232,-0.7954869866,0.6915394586,160,0.4534058533,0.1605136823,15.57648182,160.4411778,-1.79910028,5.272288322,-1.409791572,160,0.1599994102,0.1604141922,0.2481079102,160.4101838,0,0.2556591332,0.2276584326,160,-0.7948867679,1,0.1650774308,165.4839065,0,16.20368595,160,0,2.518164635
0.278031,0.9757755723,-1.127968635,-0.2390095606,16.51243611,0.4543966905,0.1607860938,15.59921265,160.8576649,0.3041156232,-0.7954869866,1.016381255,160,0.4534058533,0.1605136823,15.57648182,160.4693625,-1.79910028,5.272288322,-1.087693722,160,0.1599994102,0.1604141922,0.2481079102,160.4133923,0,0.2556591332,-0.3056852904,160,-0.7948867679,1,0.1650774308,165.1596093,0,16.55644076,160,0,2.518164635
0.2780295,1.097592336,-1.007133685,-0.4390434705,16.64437243,0.4543966905,0.1607860938,15.59921265,160.8507917,0.3041156232,-0.7954869866,1.138197597,160,0.4534058533,0.1605136823,15.57648182,160.4782707,-1.79910028,5.272288322,-0.966848706,160,0.1597869712,0.1604222142,0.1203057766,160.4145955,0,0.2574850023,-0.5057258647,160,-0.7948867679,1,0.1642316185,165.0361797,0,16.6882993,160,0,2.220961332
0.278039,0.3261300759,-1.771847087,0.8275001156,15.80490657,0.4543966905,0.1607860938,15.59921265,160.8788912,0.3041156232,-0.7954869866,0.3667277078,160,0.4534058533,0.1605136823,15.57648182,160.4065543,-1.79910028,5.272288322,-1.731636051,160,0.1599994102,0.1604141922,0.2481079102,160.4069753,0,0.2556591332,0.7608599333,160,-0.7948867679,1,0.1650774308,165.8011259,0,15.84931472,160,0,2.518164635
0.2780215,1.747205631,-0.3622248451,-1.506228965,17.34403199,0.4543966905,0.1607860938,15.59921265,160.7987048,0.3041156232,-0.7954869866,1.787798368,160,0.4534058533,0.1605136823,15.57648182,160.5104684,-1.79910028,5.272288322,-0.3218963585,160,0.1597869712,0.1604222142,0.1203057766,160.4210129,0,0.2574850023,-1.572946957,160,-0.7948867679,1,0.1642316185,164.3612291,0,17.38753279,160,0,2.220961332
0.278024,1.544223934,-0.5638327104,-1.172672342,17.1261217,0.4543966905,0.1607860938,15.59921265,160.8177734,0.3041156232,-0.7954869866,1.584822446,160,0.4534058533,0.1605136823,15.57648182,160.503178,-1.79910028,5.272288322,-0.5235159719,160,0.1597869712,0.1604222142,0.1203057766,160.4190074,0,0.2574850023,-1.239379202,160,-0.7948867679,1,0.1642316185,164.5751568,0,17.16975767,160,0,2.220961332
0.278029,1.138197599,-0.9668487015,-0.5057258868,16.6882993,0.4543966905,0.1607860938,15.59921265,160.8482976,0.3041156232,-0.7954869866,1.178802584,160,0.4534058533,0.1605136823,15.57648182,160.4810387,-1.79910028,5.272288322,-0.9265604959,160,0.1597869712,0.1604222142,0.1203057766,160.4149966,0,0.2574850023,-0.5724105279,160,-0.7948867679,1,0.1642316185,164.9948167,0,16.7322001,160,0,2.220961332
0.2780205,1.82838975,-0.2815657186,-1.639667185,17.43100635,0.4543966905,0.1607860938,15.59921265,160.7903923,0.3041156232,-0.7954869866,1.868980075,160,0.4534058533,0.1605136823,15.57648182,160.5127041,-1.79910028,5.272288322,-0.2412335043,160,0.1597869712,0.1604222142,0.1203057766,160.4218151,0,0.2574850023,-1.706389071,160,-0.7948867679,1,0.1642316185,164.274923,0,17.47445942,160,0,2.220961332
0.2780255,1.42242295,-0.6847673497,-0.9725650566,16.99505316,0.4543966905,0.1607860938,15.59921265,160.8279966,0.3041156232,-0.7954869866,1.463024116,160,0.4534058533,0.1605136823,15.57648182,160.4975942,-1.79910028,5.272288322,-0.644458467,160,0.1597869712,0.1604222142,0.1203057766,160.4178042,0,0.2574850023,-1.039265271,160,-0.7948867679,1,0.1642316185,164.702204,0,17.03876936,160,0,2.220961332
0.2780275,1.260011468,-0.8459746852,-0.7057864756,16.81992317,0.4543966905,0.1607860938,15.59921265,160.8402063,0.3041156232,-0.7954869866,1.300615224,160,0.4534058533,0.1605136823,15.57648182,160.4887384,-1.79910028,5.272288322,-0.8056772174,160,0.1597869712,0.1604222142,0.1203057766,160.4161998,0,0.2574850023,-0.7724777618,160,-0.7948867679,1,0.1642316185,164.8700689,0,16.8637453,160,0,2.220961332
0.2780375,0.4479259366,-1.651200555,0.6275728854,15.93805698,0.4543966905,0.1607860938,15.59921265,160.8768907,0.3041156232,-0.7954869866,0.4885263962,160,0.4534058533,0.1605136823,15.57648182,160.4202924,-1.79910028,5.272288322,-1.610976234,160,0.1599994102,0.1604141922,0.2481079102,160.4081784,0,0.2556591332,0.5609260256,160,-0.7948867679,1,0.1650774308,165.6830001,0,15.98239093,160,0,2.518164635
0.2780355,0.6103323551,-1.49027778,0.3609721366,16.11524319,0.4543966905,0.1607860938,15.59921265,160.8728023,0.3041156232,-0.7954869866,0.6509356396,160,0.4534058533,0.1605136823,15.57648182,160.4372019,-1.79910028,5.272288322,-1.450036692,160,0.1599994102,0.1604141922,0.2481079102,160.4097827,0,0.2556591332,0.2943164077,160,-0.7948867679,1,0.1650774308,165.5239466,0,16.15947716,160,0,2.518164635
0.278026,1.381821034,-0.7250734803,-0.9058670759,16.95131037,0.4543966905,0.1607860938,15.59921265,160.8312013,0.3041156232,-0.7954869866,1.422422947,160,0.4534058533,0.1605136823,15.57648182,160.4955314,-1.79910028,5.272288322,-0.6847673504,160,0.1597869712,0.1604222142,0.1203057766,160.4174031,0,0.2574850023,-0.972565033,160,-0.7948867679,1,0.1642316185,164.7443344,0,16.99505316,160,0,2.220961332
0.278036,0.5697296744,-1.530514781,0.4276256571,16.07098411,0.4543966905,0.1607860938,15.59921265,160.8739767,0.3041156232,-0.7954869866,0.6103323535,160,0.4534058533,0.1605136823,15.57648182,160.4331254,-1.79910028,5.272288322,-1.490277782,160,0.1599994102,0.1604141922,0.2481079102,160.4093816,0,0.2556591332,0.3609721375,160,-0.7948867679,1,0.1650774308,165.5638761,0,16.11524319,160,0,2.518164635
0.2780265,1.341218436,-0.7653767911,-0.8391713188,16.90754106,0.4543966905,0.1607860938,15.59921265,160.8343044,0.3041156232,-0.7954869866,1.381821033,160,0.4534058533,0.1605136823,15.57648182,160.4933678,-1.79910028,5.272288322,-0.7250734839,160,0.1597869712,0.1604222142,0.1203057766,160.417002,0,0.2574850023,-0.9058670685,160,-0.7948867679,1,0.1642316185,164.7863554,0,16.95131037,160,0,2.220961332
0.2780285,1.178802588,-0.9265604954,-0.5724105264,16.7322001,0.4543966905,0.1607860938,15.59921265,160.845702,0.3041156232,-0.7954869866,1.219407231,160,0.4534058533,0.1605136823,15.57648182,160.483706,-1.79910028,5.272288322,-0.8862691381,160,0.1597869712,0.1604222142,0.1203057766,160.4153977,0,0.2574850023,-0.6390973795,160,-0.7948867679,1,0.1642316185,164.9533438,0,16.77607474,160,0,2.220961332
0.2780345,0.6915394629,-1.409791568,0.2276584286,16.20368595,0.4543966905,0.1607860938,15.59921265,160.870149,0.3041156232,-0.7954869866,0.7321437536,160,0.4534058533,0.1605136823,15.57648182,160.4450532,-1.79910028,5.272288322,-1.369542492,160,0.1599994102,0.1604141922,0.2481079102,160.4105848,0,0.2556591332,0.1609982405,160,-0.7948867679,1,0.1650774308,165.4437557,0,16.24786948,160,0,2.518164635
0.278037,0.4885263974,-1.610976235,0.5609260314,15.98239093,0.4543966905,0.1607860938,15.59921265,160.8760209,0.3041156232,-0.7954869866,0.5291276644,160,0.4534058533,0.1605136823,15.57648182,160.4246706,-1.79910028,5.272288322,-1.570747624,160,0.1599994102,0.1604141922,0.2481079102,160.4085795,0,0.2556591332,0.4942769749,160,-0.7948867679,1,0.1650774308,165.6434029,0,16.0267,160,0,2.518164635
0.2780245,1.503624468,-0.6041468977,-1.10596769,17.0824589,0.4543966905,0.1607860938,15.59921265,160.8212827,0.3041156232,-0.7954869866,1.544223931,160,0.4534058533,0.1605136823,15.57648182,160.5014175,-1.79910028,5.272288322,-0.5638327139,160,0.1597869712,0.1604222142,0.1203057766,160.4186063,0,0.2574850023,-1.172672341,160,-0.7948867679,1,0.1642316185,164.6176151,0,17.12612169,160,0,2.220961332
0.278021,1.78779837,-0.3218963562,-1.572946963,17.3875328,0.4543966905,0.1607860938,15.59921265,160.7945866,0.3041156232,-0.7954869866,1.828389749,160,0.4534058533,0.1605136823,15.57648182,160.5116241,-1.79910028,5.272288322,-0.2815657218,160,0.1597869712,0.1604222142,0.1203057766,160.421414,0,0.2574850023,-1.639667147,160,-0.7948867679,1,0.1642316185,164.3181168,0,17.43100635,160,0,2.220961332
0.2780235,1.584822449,-0.5235159717,-1.239379218,17.16975768,0.4543966905,0.1607860938,15.59921265,160.8141627,0.3041156232,-0.7954869866,1.625419941,160,0.4534058533,0.1605136823,15.57648182,160.5048377,-1.79910028,5.272288322,-0.4831967502,160,0.1597869712,0.1604222142,0.1203057766,160.4194085,0,0.2574850023,-1.306088308,160,-0.7948867679,1,0.1642316185,164.5325893,0,17.21336677,160,0,2.220961332
0.278022,1.706611602,-0.4025511183,-1.439513192,17.300504,0.4543966905,0.1607860938,15.59921265,160.8027215,0.3041156232,-0.7954869866,1.747205626,160,0.4534058533,0.1605136823,15.57648182,160.509212,-1.79910028,5.272288322,-0.3622248457,160,0.1597869712,0.1604222142,0.1203057766,160.4206118,0,0.2574850023,-1.506228955,160,-0.7948867679,1,0.1642316185,164.4042326,0,17.34403198,160,0,2.220961332
0.278034,0.7321437547,-1.36954249,0.160998241,16.24786948,0.4543966905,0.1607860938,15.59921265,160.8686701,0.3041156232,-0.7954869866,0.7727484466,160,0.4534058533,0.1605136823,15.57648182,160.4488279,-1.79910028,5.272288322,-1.329289525,160,0.1599994102,0.1604141922,0.2481079102,160.4109859,0,0.2556591332,0.09433583159,160,-0.7948867679,1,0.1650774308,165.4034944,0,16.29202768,160,0,2.518164635
0.281466,-1.20258517,0.4255769575,1.896169801,-9.43639991,-0.1405031286,0.1607152775,5.42138195,160.7104588,0.5967068076,-0.7839462161,-1.269293023,160,-0.1375298357,0.1603297415,5.502929688,160.3461022,-0.6718784571,2.234836102,0.4658227901,160,0.1602579866,0.1603693756,0.1602172852,160.3645659,0,0.2561153471,1.829565264,160,-0.7870880961,0,0.1702804155,170.0019068,0,-9.390053805,160,0,2.663816452
0.2814695,-0.7356923234,0.1438850782,2.36233953,-9.760326827,-0.1405031286,0.1607152775,5.42138195,160.7076461,0.5967068076,-0.7839462161,-0.8023846192,160,-0.1375298357,0.1603297415,5.502929688,160.3489828,-0.6718784571,2.234836102,0.184123202,160,0.1602579866,0.1603693756,0.1602172852,160.3617593,0,0.2561153471,2.295750534,160,-0.7870880961,0,0.1702804155,169.8317703,0,-9.714105218,160,0,2.663816452
0.2814705,-0.6023154918,0.06341375134,2.281694549,-9.852706581,-0.1405031286,0.1607152775,5.42138195,160.7068425,0.5967068076,-0.7839462161,-0.6690027874,160,-0.1375298357,0.1603297415,5.502929688,160.3488752,-0.6718784571,2.234836102,0.1036486772,160,0.1604172375,0.1603613562,0.1605224609,160.3667877,0,0.2564127743,2.322018148,160,-0.7870880961,0,0.1698070022,169.7820907,0,-9.806525807,160,0,2.424611092
0.2814715,-0.4689464419,-0.01705224791,2.201041966,-9.945022405,-0.1405031286,0.1607152775,5.42138195,160.7060388,0.5967068076,-0.7839462161,-0.5356298516,160,-0.1375298357,0.1603297415,5.502929688,160.3483653,-0.6718784571,2.234836102,0.02317996461,160,0.1604172375,0.1603613562,0.1605224609,160.377369,0,0.2564127743,2.241369319,160,-0.7870880961,0,0.1698070022,169.7319495,0,-9.898873657,160,0,2.424611092
0.2814755,0.06444083428,-0.3388454047,1.87835476,-10.31354376,-0.1405031286,0.1607152775,5.42138195,160.7028244,0.5967068076,-0.7839462161,-0.002224794571,160,-0.1375298357,0.1603297415,5.502929688,160.3424034,-0.6718784571,2.234836102,-0.2986281622,160,0.1604172375,0.1603613562,0.1605224609,160.4157616,0,0.2564127743,1.918696679,160,-0.7870880961,0,0.1698070022,169.5268904,0,-10.26754431,160,0,2.424611092
0.281479,0.5310380111,-0.620301516,1.595922574,-10.63500352,-0.1405031286,0.1607152775,5.42138195,160.7000119,0.5967068076,-0.7839462161,0.4643879663,160,-0.1375298357,0.1603297415,5.502929688,160.3319082,-0.6718784571,2.234836102,-0.5801008918,160,0.1604172375,0.1603613562,0.1605224609,160.4440599,0,0.2564127743,1.636273705,160,-0.7870880961,0,0.1698070022,169.3414277,0,-10.5891387,160,0,2.424611092
0.281474,-0.1355627225,-0.2181874256,1.999375699,-10.1754887,-0.1405031286,0.1607152775,5.42138195,160.7040298,0.5967068076,-0.7839462161,-0.2022349861,160,-0.1375298357,0.1603297415,5.502929688,160.3453933,-0.6718784571,2.234836102,-0.1779640684,160,0.1604172375,0.1603613562,0.1605224609,160.4021207,0,0.2564127743,2.039712658,160,-0.7870880961,0,0.1698070022,169.604651,0,-10.12943269,160,0,2.424611092
0.2814675,-1.002474893,0.3048451269,2.09597015,-9.575332596,-0.1405031286,0.1607152775,5.42138195,160.7092533,0.5967068076,-0.7839462161,-1.069176079,160,-0.1375298357,0.1603297415,5.502929688,160.3479404,-0.6718784571,2.234836102,0.3450880541,160,0.1602579866,0.1603693756,0.1602172852,160.3633631,0,0.2561153471,2.029372268,160,-0.7870880961,0,0.1702804155,169.9296852,0,-9.529039385,160,0,2.663816452
0.281476,0.1311042411,-0.3790604746,1.838011321,-10.35952421,-0.1405031286,0.1607152775,5.42138195,160.7024226,0.5967068076,-0.7839462161,0.06444085443,160,-0.1375298357,0.1603297415,5.502929688,160.3412057,-0.6718784571,2.234836102,-0.3388454068,160,0.1604172375,0.1603613562,0.1605224609,160.4201068,0,0.2564127743,1.878354759,160,-0.7870880961,0,0.1698070022,169.5007402,0,-10.31354376,160,0,2.424611092
0.2814795,0.5976858615,-0.6604995019,1.555570392,-10.6808488,-0.1405031286,0.1607152775,5.42138195,160.6996101,0.5967068076,-0.7839462161,0.5310380118,160,-0.1375298357,0.1603297415,5.502929688,160.3300068,-0.6718784571,2.234836102,-0.6203015168,160,0.1604172375,0.1603613562,0.1605224609,160.4476989,0,0.2564127743,1.595922573,160,-0.7870880961,0,0.1698070022,169.3144742,0,-10.63500352,160,0,2.424611092
0.2814655,-1.269293044,0.46582279,1.829565243,-9.390053801,-0.1405031286,0.1607152775,5.42138195,160.7108606,0.5967068076,-0.7839462161,-1.336003152,160,-0.1375298357,0.1603297415,5.502929688,160.3452882,-0.6718784571,2.234836102,0.5060694512,160,0.1602579866,0.1603693756,0.1602172852,160.3649669,0,0.2561153471,1.762958476,160,-0.7870880961,0,0.1702804155,170.0257491,0,-9.343690213,160,0,2.663816452
0.281477,0.2644243873,-0.4594838282,1.757320158,-10.45142778,-0.1405031286,0.1607152775,5.42138195,160.701619,0.5967068076,-0.7839462161,0.1977654165,160,-0.1375298357,0.1603297415,5.502929688,160.3385086,-0.6718784571,2.234836102,-0.4192733059,160,0.1604172375,0.1603613562,0.1605224609,160.4284947,0,0.2564127743,1.797666428,160,-0.7870880961,0,0.1698070022,169.4480952,0,-10.40548557,160,0,2.424611092
0.2814645,-1.402715464,0.5463168861,1.696349466,-9.297309224,-0.1405031286,0.1607152775,5.42138195,160.7116642,0.5967068076,-0.7839462161,-1.469430003,160,-0.1375298357,0.1603297415,5.502929688,160.3433584,-0.6718784571,2.234836102,0.5865650117,160,0.1602579866,0.1603693756,0.1602172852,160.3657688,0,0.2561153471,1.629738279,160,-0.7870880961,0,0.1702804155,170.0730859,0,-9.25091091,160,0,2.663816452
0.2814775,0.3310811266,-0.499691978,1.716972568,-10.49735075,-0.1405031286,0.1607152775,5.42138195,160.7012172,0.5967068076,-0.7839462161,0.2644243864,160,-0.1375298357,0.1603297415,5.502929688,160.3370092,-0.6718784571,2.234836102,-0.4594838323,160,0.1604172375,0.1603613562,0.1605224609,160.4325373,0,0.2564127743,1.757320156,160,-0.7870880961,0,0.1698070022,169.4216004,0,-10.45142778,160,0,2.424611092
0.2814615,-1.803036108,0.7878137955,1.296648833,-9.018662133,-0.1405031286,0.1607152775,5.42138195,160.7140751,0.5967068076,-0.7839462161,-1.869763992,160,-0.1375298357,0.1603297415,5.502929688,160.3351541,-0.6718784571,2.234836102,0.8280647066,160,0.1602579866,0.1603693756,0.1602172852,160.3681746,0,0.2561153471,1.23002431,160,-0.7870880961,0,0.1702804155,170.2123121,0,-8.972161478,160,0,2.663816452
0.281463,-1.602865776,0.6670631024,1.496509145,-9.158062608,-0.1405031286,0.1607152775,5.42138195,160.7128697,0.5967068076,-0.7839462161,-1.669586965,160,-0.1375298357,0.1603297415,5.502929688,160.3397091,-0.6718784571,2.234836102,0.7073129247,160,0.1602579866,0.1603693756,0.1602172852,160.3669717,0,0.2561153471,1.429891256,160,-0.7870880961,0,0.1702804155,170.1432214,0,-9.11161278,160,0,2.663816452
0.2814785,0.4643879385,-0.5801008888,1.636273709,-10.5891387,-0.1405031286,0.1607152775,5.42138195,160.7004137,0.5967068076,-0.7839462161,0.3977356471,160,-0.1375298357,0.1603297415,5.502929688,160.333709,-0.6718784571,2.234836102,-0.5398976874,160,0.1604172375,0.1603613562,0.1605224609,160.4403199,0,0.2564127743,1.676623729,160,-0.7870880961,0,0.1698070022,169.3682666,0,-10.54325442,160,0,2.424611092
0.281464,-1.46943001,0.5865650156,1.629738247,-9.250910908,-0.1405031286,0.1607152775,5.42138195,160.712066,0.5967068076,-0.7839462161,-1.536146783,160,-0.1375298357,0.1603297415,5.502929688,160.3422426,-0.6718784571,2.234836102,0.626813776,160,0.1602579866,0.1603693756,0.1602172852,160.3661698,0,0.2561153471,1.56312484,160,-0.7870880961,0,0.1702804155,170.0965804,0,-9.204495345,160,0,2.663816452
0.2814635,-1.536146781,0.6268137767,1.563124806,-9.204495344,-0.1405031286,0.1607152775,5.42138195,160.7124679,0.5967068076,-0.7839462161,-1.602865751,160,-0.1375298357,0.1603297415,5.502929688,160.3410261,-0.6718784571,2.234836102,0.6670631016,160,0.1602579866,0.1603693756,0.1602172852,160.3665707,0,0.2561153471,1.496509157,160,-0.7870880961,0,0.1702804155,170.1199589,0,-9.158062607,160,0,2.663816452
0.2814685,-0.8690791609,0.2243626326,2.22915928,-9.667865588,-0.1405031286,0.1607152775,5.42138195,160.7084497,0.5967068076,-0.7839462161,-0.935775887,160,-0.1375298357,0.1603297415,5.502929688,160.3486628,-0.6718784571,2.234836102,0.2646032939,160,0.1602579866,0.1603693756,0.1602172852,160.3625612,0,0.2561153471,2.162565835,160,-0.7870880961,0,0.1702804155,169.880959,0,-9.621608026,160,0,2.663816452
0.281469,-0.8023846303,0.1841232044,2.295750515,-9.714105215,-0.1405031286,0.1607152775,5.42138195,160.7080479,0.5967068076,-0.7839462161,-0.8690791446,160,-0.1375298357,0.1603297415,5.502929688,160.3488731,-0.6718784571,2.234836102,0.2243626334,160,0.1602579866,0.1603693756,0.1602172852,160.3621603,0,0.2561153471,2.229159293,160,-0.7870880961,0,0.1702804155,169.8564224,0,-9.667865591,160,0,2.663816452
0.2814725,-0.3355862849,-0.09751169902,2.120381158,-10.03726464,-0.1405031286,0.1607152775,5.42138195,160.7052352,0.5967068076,-0.7839462161,-0.4022652433,160,-0.1375298357,0.1603297415,5.502929688,160.3474782,-0.6718784571,2.234836102,-0.05728282915,160,0.1604172375,0.1603613562,0.1605224609,160.3875722,0,0.2564127743,2.160712555,160,-0.7870880961,0,0.1698070022,169.6813758,0,-9.991152762,160,0,2.424611092
0.2814625,-1.669586995,0.7073129254,1.429891262,-9.111612776,-0.1405031286,0.1607152775,5.42138195,160.7132715,0.5967068076,-0.7839462161,-1.736310423,160,-0.1375298357,0.1603297415,5.502929688,160.3382914,-0.6718784571,2.234836102,0.7475631776,160,0.1602579866,0.1603693756,0.1602172852,160.3673726,0,0.2561153471,1.363271167,160,-0.7870880961,0,0.1702804155,170.1663678,0,-9.065145925,160,0,2.663816452
0.281472,-0.4022652518,-0.05728282548,2.160712557,-9.991152761,-0.1405031286,0.1607152775,5.42138195,160.705637,0.5967068076,-0.7839462161,-0.468946439,160,-0.1375298357,0.1603297415,5.502929688,160.3479721,-0.6718784571,2.234836102,-0.01705224761,160,0.1604172375,0.1603613562,0.1605224609,160.382521,0,0.2564127743,2.201041962,160,-0.7870880961,0,0.1698070022,169.7067203,0,-9.945022406,160,0,2.424611092
0.2814765,0.1977654254,-0.4192733048,1.797666431,-10.40548557,-0.1405031286,0.1607152775,5.42138195,160.7020208,0.5967068076,-0.7839462161,0.1311042581,160,-0.1375298357,0.1603297415,5.502929688,160.3399074,-0.6718784571,2.234836102,-0.3790604737,160,0.1604172375,0.1603613562,0.1605224609,160.4243512,0,0.2564127743,1.838011318,160,-0.7870880961,0,0.1698070022,169.4744751,0,-10.35952421,160,0,2.424611092
0.2814665,-1.13587952,0.3853320248,1.962772138,-9.482728463,-0.1405031286,0.1607152775,5.42138195,160.7100569,0.5967068076,-0.7839462161,-1.202585139,160,-0.1375298357,0.1603297415,5.502929688,160.3468155,-0.6718784571,2.234836102,0.4255769568,160,0.1602579866,0.1603693756,0.1602172852,160.364165,0,0.2561153471,1.896169806,160,-0.7870880961,0,0.1702804155,169.9779487,0,-9.436399914,160,0,2.663816452
0.281473,-0.2689095411,-0.1377388015,2.080047837,-10.08335798,-0.1405031286,0.1607152775,5.42138195,160.7048334,0.5967068076,-0.7839462161,-0.3355862646,160,-0.1375298357,0.1603297415,5.502929688,160.3468838,-0.6718784571,2.234836102,-0.09751170182,160,0.1604172375,0.1603613562,0.1605224609,160.3925226,0,0.2564127743,2.120381158,160,-0.7870880961,0,0.1698070022,169.655916,0,-10.03726465,160,0,2.424611092
0.28146,-2.003225907,0.9085671309,1.096769086,-8.879114034,-0.1405031286,0.1607152775,5.42138195,160.7152806,0.5967068076,-0.7839462161,-2.069959919,160,-0.1375298357,0.1603297415,5.502929688,160.3297437,-0.6718784571,2.234836102,0.9488185526,160,0.1602579866,0.1603693756,0.1602172852,160.3693774,0,0.2561153471,1.030138435,160,-0.7870880961,0,0.1702804155,170.280415,0,-8.832567364,160,0,2.663816452
0.28147,-0.6690027959,0.10364868,2.322018152,-9.806525807,-0.1405031286,0.1607152775,5.42138195,160.7072443,0.5967068076,-0.7839462161,-0.7356923106,160,-0.1375298357,0.1603297415,5.502929688,160.3489919,-0.6718784571,2.234836102,0.1438850745,160,0.1604172375,0.1603613562,0.1605224609,160.3613584,0,0.2564127743,2.362339529,160,-0.7870880961,0,0.1698070022,169.8070027,0,-9.760326829,160,0,2.424611092
0.2814735,-0.2022350203,-0.1779640661,2.039712662,-10.12943269,-0.1405031286,0.1607152775,5.42138195,160.7044316,0.5967068076,-0.7839462161,-0.2689095311,160,-0.1375298357,0.1603297415,5.502929688,160.3461889,-0.6718784571,2.234836102,-0.1377388053,160,0.1604172375,0.1603613562,0.1605224609,160.3973721,0,0.2564127743,2.080047835,160,-0.7870880961,0,0.1698070022,169.6303411,0,-10.08335798,160,0,2.424611092
0.281461,-1.869764002,0.8280647084,1.230024287,-8.972161476,-0.1405031286,0.1607152775,5.42138195,160.714477,0.5967068076,-0.7839462161,-1.936494101,160,-0.1375298357,0.1603297415,5.502929688,160.3334345,-0.6718784571,2.234836102,0.8683158477,160,0.1602579866,0.1603693756,0.1602172852,160.3685755,0,0.2561153471,1.163397513,160,-0.7870880961,0,0.1702804155,170.23511,0,-8.925644035,160,0,2.663816452
0.2814605,-1.93649412,0.8683158505,1.16339752,-8.925644031,-0.1405031286,0.1607152775,5.42138195,160.7148788,0.5967068076,-0.7839462161,-2.003225887,160,-0.1375298357,0.1603297415,5.502929688,160.3316394,-0.6718784571,2.234836102,0.9085671273,160,0.1602579866,0.1603693756,0.1602172852,160.3689765,0,0.2561153471,1.096769097,160,-0.7870880961,0,0.1702804155,170.2578206,0,-8.879114038,160,0,2.663816452
0.281465,-1.336003142,0.5060694552,1.762958465,-9.343690214,-0.1405031286,0.1607152775,5.42138195,160.7112624,0.5967068076,-0.7839462161,-1.402715441,160,-0.1375298357,0.1603297415,5.502929688,160.3443736,-0.6718784571,2.234836102,0.5463168833,160,0.1602579866,0.1603693756,0.1602172852,160.3653679,0,0.2561153471,1.696349472,160,-0.7870880961,0,0.1702804155,170.0494754,0,-9.297309226,160,0,2.663816452
0.281468,-0.9357759151,0.2646032958,2.162565825,-9.621608023,-0.1405031286,0.1607152775,5.42138195,160.7088515,0.5967068076,-0.7839462161,-1.002474875,160,-0.1375298357,0.1603297415,5.502929688,160.3483519,-0.6718784571,2.234836102,0.3048451269,160,0.1602579866,0.1603693756,0.1602172852,160.3629622,0,0.2561153471,2.09597016,160,-0.7870880961,0,0.1702804155,169.9053799,0,-9.575332598,160,0,2.663816452
0.2814745,-0.06889264744,-0.2584088132,1.959037016,-10.22152593,-0.1405031286,0.1607152775,5.42138195,160.703628,0.5967068076,-0.7839462161,-0.1355626864,160,-0.1375298357,0.1603297415,5.502929688,160.3444972,-0.6718784571,2.234836102,-0.2181874272,160,0.1604172375,0.1603613562,0.1605224609,160.4067685,0,0.2564127743,1.999375694,160,-0.7870880961,0,0.1698070022,169.5788459,0,-10.1754887,160,0,2.424611092
0.281471,-0.5356298552,0.0231799667,2.24136932,-9.898873653,-0.1405031286,0.1607152775,5.42138195,160.7064406,0.5967068076,-0.7839462161,-0.602315481,160,-0.1375298357,0.1603297415,5.502929688,160.348658,-0.6718784571,2.234836102,0.06341375069,160,0.1604172375,0.1603613562,0.1605224609,160.3721161,0,0.2564127743,2.281694545,160,-0.7870880961,0,0.1698070022,169.7570634,0,-9.852706583,160,0,2.424611092
0.281467,-1.069176095,0.3450880589,2.029372254,-9.529039384,-0.1405031286,0.1607152775,5.42138195,160.7096551,0.5967068076,-0.7839462161,-1.135879529,160,-0.1375298357,0.1603297415,5.502929688,160.3474282,-0.6718784571,2.234836102,0.3853320223,160,0.1602579866,0.1603693756,0.1602172852,160.363764,0,0.2561153471,1.962772131,160,-0.7870880961,0,0.1702804155,169.9538748,0,-9.482728466,160,0,2.663816452
0.281478,0.3977356437,-0.5398976871,1.676623729,-10.54325441,-0.1405031286,0.1607152775,5.42138195,160.7008155,0.5967068076,-0.7839462161,0.3310811394,160,-0.1375298357,0.1603297415,5.502929688,160.3354094,-0.6718784571,2.234836102,-0.499691982,160,0.1604172375,0.1603613562,0.1605224609,160.436479,0,0.2564127743,1.716972566,160,-0.7870880961,0,0.1698070022,169.3949909,0,-10.49735075,160,0,2.424611092
0.281462,-1.736310439,0.7475631788,1.363271158,-9.065145925,-0.1405031286,0.1607152775,5.42138195,160.7136733,0.5967068076,-0.7839462161,-1.803036099,160,-0.1375298357,0.1603297415,5.502929688,160.336773,-0.6718784571,2.234836102,0.7878137929,160,0.1602579866,0.1603693756,0.1602172852,160.3677736,0,0.2561153471,1.296648833,160,-0.7870880961,0,0.1702804155,170.189398,0,-9.018662137,160,0,2.663816452
0.281475,-0.002224795226,-0.2986281619,1.918696681,-10.26754431,-0.1405031286,0.1607152775,5.42138195,160.7032262,0.5967068076,-0.7839462161,-0.06889263204,160,-0.1375298357,0.1603297415,5.502929688,160.3435006,-0.6718784571,2.234836102,-0.2584088143,160,0.1604172375,0.1603613562,0.1605224609,160.4113155,0,0.2564127743,1.959037014,160,-0.7870880961,0,0.1698070022,169.5529256,0,-10.22152593,160,0,2.424611092
0.246393,0.5737621542,-0.7842895788,1.083387182,19.77841259,0.1206586583,0.1608861133,9.863740921,160.9498918,0.04815668985,-0.7864267826,0.6144155833,160,0.1190334833,0.160625369,9.829690933,160.600659,-1.309780836,3.665864944,-0.7439153862,160,0.1613677201,0.1604507709,0.2307806015,160.467037,0,0.2564453483,1.123736119,160,-0.7857673764,0,0.1614297176,161.7264779,0,19.82024006,160,0,1.184916139
0.246398,0.167275742,-1.187859777,0.6798982951,19.35842811,0.1206586583,0.1608861133,9.863740921,160.9561465,0.04815668985,-0.7864267826,0.2079194488,160,0.1190334833,0.160625369,9.829690933,160.5730003,-1.309780836,3.665864944,-1.147517818,160,0.1613677201,0.1604507709,0.2307806015,160.4860745,0,0.2564453483,0.7202461347,160,-0.7857673764,0,0.1614297176,162.2126947,0,19.40056538,160,0,1.184916139
0.2463875,1.020971682,-0.3400275916,1.527200086,20.23677777,0.1206586583,0.1608861133,9.863740921,160.9312726,0.04815668985,-0.7864267826,1.06162798,160,0.1190334833,0.160625369,9.829690933,160.6194256,-1.309780836,3.665864944,-0.2996257074,160,0.1602783552,0.1603703819,0.1602172852,160.4344446,0,0.2561464608,1.567542459,160,-0.7857673764,0,0.1604135882,161.1795553,0,20.27825628,160,0,0.7910665274
0.246385,1.224251046,-0.1379976888,1.728901291,20.44384819,0.1206586583,0.1608861133,9.863740921,160.9187435,0.04815668985,-0.7864267826,1.264905936,160,0.1190334833,0.160625369,9.829690933,160.6239162,-1.309780836,3.665864944,-0.0975859038,160,0.1602783552,0.1603703819,0.1602172852,160.4155952,0,0.2561464608,1.76923799,160,-0.7857673764,0,0.1604135882,160.9267965,0,20.48516527,160,0,0.7910665274
0.2463805,1.590121955,0.2257667207,2.091877848,20.81452619,0.1206586583,0.1608861133,9.863740921,160.8898132,0.04815668985,-0.7864267826,1.630770317,160,0.1190334833,0.160625369,9.829690933,160.6256593,-1.309780836,3.665864944,0.2661917868,160,0.1602783552,0.1603703819,0.1602172852,160.3753383,0,0.2561464608,2.132200585,160,-0.7857673764,0,0.1604135882,160.4653502,0,20.85555657,160,0,0.7910665274
0.246395,0.4111557878,-0.9457564702,0.9219901761,19.61079041,0.1206586583,0.1608861133,9.863740921,160.9536132,0.04815668985,-0.7864267826,0.4518061374,160,0.1190334833,0.160625369,9.829690933,160.5908063,-1.309780836,3.665864944,-0.9053943657,160,0.1613677201,0.1604507709,0.2307806015,160.4758625,0,0.2564453483,0.9623394774,160,-0.7857673764,0,0.1614297176,161.9222248,0,19.65274266,160,0,1.184916139
0.246396,0.3298579637,-1.026471047,0.8412918607,19.52679295,0.1206586583,0.1608861133,9.863740921,160.9548641,0.04815668985,-0.7864267826,0.3705063705,160,0.1190334833,0.160625369,9.829690933,160.5852745,-1.309780836,3.665864944,-0.9861153885,160,0.1613677201,0.1604507709,0.2307806015,160.47967,0,0.2564453483,0.8816409434,160,-0.7857673764,0,0.1614297176,162.0194688,0,19.56880715,160,0,1.184916139
0.2463825,1.427519992,0.06407834008,1.930570766,20.65010794,0.1206586583,0.1608861133,9.863740921,160.9036733,0.04815668985,-0.7864267826,1.468171781,160,0.1190334833,0.160625369,9.829690933,160.625881,-1.309780836,3.665864944,0.1044983371,160,0.1602783552,0.1603703819,0.1602172852,160.3942246,0,0.2561464608,1.970900112,160,-0.7857673764,0,0.1604135882,160.6714532,0,20.69126184,160,0,0.7910665274
0.246392,0.6550696127,-0.703538339,1.164084797,19.86203616,0.1206586583,0.1608861133,9.863740921,160.9474213,0.04815668985,-0.7864267826,0.6957241716,160,0.1190334833,0.160625369,9.829690933,160.6049798,-1.309780836,3.665864944,-0.6631585059,160,0.1613677201,0.1604507709,0.2307806015,160.462019,0,0.2564453483,1.204433147,160,-0.7857673764,0,0.1614297176,161.6279763,0,19.90380082,160,0,1.184916139
0.2463915,0.6957241738,-0.6631585058,1.204433147,19.90380082,0.1206586583,0.1608861133,9.863740921,160.9460335,0.04815668985,-0.7864267826,0.7363791994,160,0.1190334833,0.160625369,9.829690933,160.6069887,-1.309780836,3.665864944,-0.6227759535,160,0.1613677201,0.1604507709,0.2307806015,160.4593587,0,0.2564453483,1.2447811,160,-0.7857673764,0,0.1614297176,161.5785686,0,19.94553397,160,0,1.184916139
0.2463935,0.5331093922,-0.8246608509,1.043038052,19.73655382,0.1206586583,0.1608861133,9.863740921,160.9509746,0.04815668985,-0.7864267826,0.5737621542,160,0.1190334833,0.160625369,9.829690933,160.5983472,-1.309780836,3.665864944,-0.7842895826,160,0.1613677201,0.1604507709,0.2307806015,160.4693947,0,0.2564453483,1.083387179,160,-0.7857673764,0,0.1614297176,161.7755718,0,19.77841259,160,0,1.184916139
0.246399,0.08599242767,-1.268532857,0.5992041207,19.27406188,0.1206586583,0.1608861133,9.863740921,160.956178,0.04815668985,-0.7864267826,0.1266333776,160,0.1190334833,0.160625369,9.829690933,160.5662581,-1.309780836,3.665864944,-1.228198151,160,0.1613677201,0.1604507709,0.2307806015,160.4886714,0,0.2564453483,0.6395509331,160,-0.7857673764,0,0.1614297176,162.3086754,0,19.31626025,160,0,1.184916139
0.246388,0.9803153044,-0.380427297,1.486856777,20.19526717,0.1206586583,0.1608861133,9.863740921,160.9334735,0.04815668985,-0.7864267826,1.020971681,160,0.1190334833,0.160625369,9.829690933,160.6182244,-1.309780836,3.665864944,-0.3400275936,160,0.1602783552,0.1603703819,0.1602172852,160.4379119,0,0.2561464608,1.527200084,160,-0.7857673764,0,0.1604135882,161.229796,0,20.23677777,160,0,0.7910665274
0.246389,0.8990025869,-0.4612198944,1.40616763,20.11215005,0.1206586583,0.1608861133,9.863740921,160.9375703,0.04815668985,-0.7864267826,0.9396589142,160,0.1190334833,0.160625369,9.829690933,160.6155191,-1.309780836,3.665864944,-0.4208247546,160,0.1602783552,0.1603703819,0.1602172852,160.4445439,0,0.2561464608,1.446512599,160,-0.7857673764,0,0.1604135882,161.3299659,0,20.15372458,160,0,0.7910665274
0.246391,0.736379199,-0.6227759532,1.244781102,19.94553397,0.1206586583,0.1608861133,9.863740921,160.9445442,0.04815668985,-0.7864267826,0.777034618,160,0.1190334833,0.160625369,9.829690933,160.6088968,-1.309780836,3.665864944,-0.5823907507,160,0.1613677201,0.1604507709,0.2307806015,160.4565975,0,0.2564453483,1.285128594,160,-0.7857673764,0,0.1614297176,161.5290566,0,19.98723554,160,0,1.184916139
0.246394,0.4924573653,-0.865029135,1.002688796,19.69466382,0.1206586583,0.1608861133,9.863740921,160.9519558,0.04815668985,-0.7864267826,0.5331093895,160,0.1190334833,0.160625369,9.829690933,160.5959345,-1.309780836,3.665864944,-0.8246608552,160,0.1613677201,0.1604507709,0.2307806015,160.4716515,0,0.2564453483,1.043038051,160,-0.7857673764,0,0.1614297176,161.824561,0,19.73655381,160,0,1.184916139
0.2463815,1.508822756,0.1449197826,2.011227787,20.7323829,0.1206586583,0.1608861133,9.863740921,160.8969338,0.04815668985,-0.7864267826,1.549472834,160,0.1190334833,0.160625369,9.829690933,160.6259597,-1.309780836,3.665864944,0.1853425964,160,0.1602783552,0.1603703819,0.1602172852,160.3849705,0,0.2561464608,2.051553718,160,-0.7857673764,0,0.1604135882,160.5685945,0,20.77347104,160,0,0.7910665274
0.2463865,1.102284136,-0.2592217039,1.607883837,20.31970265,0.1206586583,0.1608861133,9.863740921,160.9265659,0.04815668985,-0.7864267826,1.142940075,160,0.1190334833,0.160625369,9.829690933,160.6215249,-1.309780836,3.665864944,-0.2188156571,160,0.1602783552,0.1603703819,0.1602172852,160.4272075,0,0.2561464608,1.648224142,160,-0.7857673764,0,0.1604135882,161.0787626,0,20.3611168,160,0,0.7910665274
0.2463945,0.4518061413,-0.9053943638,0.9623394815,19.65274266,0.1206586583,0.1608861133,9.863740921,160.9528353,0.04815668985,-0.7864267826,0.4924573638,160,0.1190334833,0.160625369,9.829690933,160.5934208,-1.309780836,3.665864944,-0.8650291363,160,0.1613677201,0.1604507709,0.2307806015,160.4738075,0,0.2564453483,1.002688794,160,-0.7857673764,0,0.1614297176,161.8734454,0,19.69466381,160,0,1.184916139
0.246387,1.061627982,-0.2996257048,1.567542462,20.27825628,0.1206586583,0.1608861133,9.863740921,160.9289701,0.04815668985,-0.7864267826,1.102284134,160,0.1190334833,0.160625369,9.829690933,160.6205258,-1.309780836,3.665864944,-0.2592217037,160,0.1602783552,0.1603703819,0.1602172852,160.4308765,0,0.2561464608,1.607883835,160,-0.7857673764,0,0.1604135882,161.1292108,0,20.31970265,160,0,0.7910665274
0.2463885,0.9396589168,-0.4208247536,1.446512603,20.15372458,0.1206586583,0.1608861133,9.863740921,160.9355727,0.04815668985,-0.7864267826,0.9803153027,160,0.1190334833,0.160625369,9.829690933,160.6169223,-1.309780836,3.665864944,-0.3804272986,160,0.1602783552,0.1603703819,0.1602172852,160.4412784,0,0.2561464608,1.486856778,160,-0.7857673764,0,0.1604135882,161.2799329,0,20.19526717,160,0,0.7910665274
0.24639,0.8176903711,-0.5420029591,1.325475559,20.02890546,0.1206586583,0.1608861133,9.863740921,160.9412605,0.04815668985,-0.7864267826,0.8583463824,160,0.1190334833,0.160625369,9.829690933,160.6124099,-1.309780836,3.665864944,-0.5016126536,160,0.1613677201,0.1604507709,0.2307806015,160.4507724,0,0.2564453483,1.365821923,160,-0.7857673764,0,0.1614297176,161.4297196,0,20.07054364,160,0,1.184916139
0.2463965,0.2892106284,-1.066823383,0.8009429853,19.48474787,0.1206586583,0.1608861133,9.863740921,160.9553372,0.04815668985,-0.7864267826,0.3298579614,160,0.1190334833,0.160625369,9.829690933,160.5823572,-1.309780836,3.665864944,-1.026471047,160,0.1613677201,0.1604507709,0.2307806015,160.4814224,0,0.2564453483,0.8412918611,160,-0.7857673764,0,0.1614297176,162.0679332,0,19.52679295,160,0,1.184916139
0.2463995,0.04535295659,-1.30886384,0.5588579209,19.23183306,0.1206586583,0.1608861133,9.863740921,160.9560414,0.04815668985,-0.7864267826,0.08599242562,160,0.1190334833,0.160625369,9.829690933,160.5627357,-1.309780836,3.665864944,-1.268532859,160,0.1613677201,0.1604507709,0.2307806015,160.4898186,0,0.2564453483,0.5992041174,160,-0.7857673764,0,0.1614297176,162.3565075,0,19.27406188,160,0,1.184916139
0.24638,1.630770321,0.2661917893,2.132200585,20.85555657,0.1206586583,0.1608861133,9.863740921,160.8861131,0.04815668985,-0.7864267826,1.671417625,160,0.1190334833,0.160625369,9.829690933,160.6253702,-1.309780836,3.665864944,0.3066180589,160,0.1602783552,0.1603703819,0.1602172852,160.3703836,0,0.2561464608,2.17252142,160,-0.7857673764,0,0.1604135882,160.4135869,0,20.89655386,160,0,0.7910665274
0.246386,1.142940076,-0.218815656,1.648224146,20.36111681,0.1206586583,0.1608861133,9.863740921,160.9240601,0.04815668985,-0.7864267826,1.183595732,160,0.1190334833,0.160625369,9.829690933,160.622423,-1.309780836,3.665864944,-0.1784076318,160,0.1602783552,0.1603703819,0.1602172852,160.4234376,0,0.2561464608,1.688563316,160,-0.7857673764,0,0.1604135882,161.0282107,0,20.40249867,160,0,0.7910665274
0.2463835,1.346214206,-0.01675706825,1.849907322,20.56770188,0.1206586583,0.1608861133,9.863740921,160.9100063,0.04815668985,-0.7864267826,1.386867442,160,0.1190334833,0.160625369,9.829690933,160.6253982,-1.309780836,3.665864944,0.02365984386,160,0.1602783552,0.1603703819,0.1602172852,160.4030754,0,0.2561464608,1.890239812,160,-0.7857673764,0,0.1604135882,160.7739,0,20.60892126,160,0,0.7910665274
0.2463845,1.26490594,-0.09758590393,1.769237994,20.48516527,0.1206586583,0.1608861133,9.863740921,160.9159327,0.04815668985,-0.7864267826,1.30556035,160,0.1190334833,0.160625369,9.829690933,160.6245112,-1.309780836,3.665864944,-0.0571723433,160,0.1602783552,0.1603703819,0.1602172852,160.4115228,0,0.2561464608,1.809573359,160,-0.7857673764,0,0.1604135882,160.8759343,0,20.52644986,160,0,0.7910665274
0.246381,1.549472835,0.1853425983,2.051553721,20.77347104,0.1206586583,0.1608861133,9.863740921,160.8934116,0.04815668985,-0.7864267826,1.590121951,160,0.1190334833,0.160625369,9.829690933,160.6258474,-1.309780836,3.665864944,0.2257667191,160,0.1602783552,0.1603703819,0.1602172852,160.3801922,0,0.2561464608,2.091877846,160,-0.7857673764,0,0.1604135882,160.5170109,0,20.81452619,160,0,0.7910665274
0.246397,0.2485644345,-1.107172329,0.7605943877,19.44267199,0.1206586583,0.1608861133,9.863740921,160.9557086,0.04815668985,-0.7864267826,0.2892106288,160,0.1190334833,0.160625369,9.829690933,160.5793391,-1.309780836,3.665864944,-1.066823383,160,0.1613677201,0.1604507709,0.2307806015,160.483074,0,0.2564453483,0.8009429813,160,-0.7857673764,0,0.1614297176,162.1162923,0,19.48474787,160,0,1.184916139
0.2463855,1.183595736,-0.1784076286,1.688563319,20.40249867,0.1206586583,0.1608861133,9.863740921,160.9214526,0.04815668985,-0.7864267826,1.224251044,160,0.1190334833,0.160625369,9.829690933,160.6232201,-1.309780836,3.665864944,-0.1379976915,160,0.1602783552,0.1603703819,0.1602172852,160.4195668,0,0.2561464608,1.728901292,160,-0.7857673764,0,0.1604135882,160.9775553,0,20.44384818,160,0,0.7910665274
0.2463975,0.2079194498,-1.147517816,0.7202461352,19.40056538,0.1206586583,0.1608861133,9.863740921,160.9559783,0.04815668985,-0.7864267826,0.248564433,160,0.1190334833,0.160625369,9.829690933,160.5762202,-1.309780836,3.665864944,-1.107172331,160,0.1613677201,0.1604507709,0.2307806015,160.4846247,0,0.2564453483,0.7605943857,160,-0.7857673764,0,0.1614297176,162.1645462,0,19.44267199,160,0,1.184916139
0.2463925,0.6144155836,-0.7439153858,1.12373612,19.82024006,0.1206586583,0.1608861133,9.863740921,160.9487073,0.04815668985,-0.7864267826,0.6550696092,160,0.1190334833,0.160625369,9.829690933,160.6028698,-1.309780836,3.665864944,-0.7035383405,160,0.1613677201,0.1604507709,0.2307806015,160.4645785,0,0.2564453483,1.164084797,160,-0.7857673764,0,0.1614297176,161.6772794,0,19.86203616,160,0,1.184916139
0.246383,1.386867443,0.02365984799,1.890239813,20.60892126,0.1206586583,0.1608861133,9.863740921,160.9068907,0.04815668985,-0.7864267826,1.42751999,160,0.1190334833,0.160625369,9.829690933,160.6256902,-1.309780836,3.665864944,0.06407833908,160,0.1602783552,0.1603703819,0.1602172852,160.3987004,0,0.2561464608,1.930570765,160,-0.7857673764,0,0.1604135882,160.7227281,0,20.65010794,160,0,0.7910665274
0.2463905,0.7770346207,-0.5823907486,1.285128595,19.98723554,0.1206586583,0.1608861133,9.863740921,160.9429532,0.04815668985,-0.7864267826,0.817690367,160,0.1190334833,0.160625369,9.829690933,160.6107038,-1.309780836,3.665864944,-0.5420029616,160,0.1613677201,0.1604507709,0.2307806015,160.4537354,0,0.2564453483,1.325475559,160,-0.7857673764,0,0.1614297176,161.4794402,0,20.02890545,160,0,1.184916139
0.2463955,0.3705063727,-0.986115387,0.8816409467,19.56880715,0.1206586583,0.1608861133,9.863740921,160.9542895,0.04815668985,-0.7864267826,0.411155785,160,0.1190334833,0.160625369,9.829690933,160.5880908,-1.309780836,3.665864944,-0.9457564722,160,0.1613677201,0.1604507709,0.2307806015,160.4778167,0,0.2564453483,0.9219901749,160,-0.7857673764,0,0.1614297176,161.9708993,0,19.61079041,160,0,1.184916139
0.246382,1.468171786,0.1044983407,1.970900113,20.69126184,0.1206586583,0.1608861133,9.863740921,160.9003544,0.04815668985,-0.7864267826,1.508822752,160,0.1190334833,0.160625369,9.829690933,160.6259709,-1.309780836,3.665864944,0.1449197811,160,0.1602783552,0.1603703819,0.1602172852,160.389648,0,0.2561464608,2.011227785,160,-0.7857673764,0,0.1604135882,160.6200753,0,20.73238289,160,0,0.7910665274
0.2463895,0.8583463824,-0.5016126519,1.365821926,20.07054365,0.1206586583,0.1608861133,9.863740921,160.9394662,0.04815668985,-0.7864267826,0.8990025862,160,0.1190334833,0.160625369,9.829690933,160.614015,-1.309780836,3.665864944,-0.4612198943,160,0.1602783552,0.1603703819,0.1602172852,160.4477086,0,0.2561464608,1.406167627,160,-0.7857673764,0,0.1604135882,161.3798948,0,20.11215004,160,0,0.7910665274
0.2463985,0.1266333787,-1.228198147,0.6395509345,19.31626026,0.1206586583,0.1608861133,9.863740921,160.9562131,0.04815668985,-0.7864267826,0.1672757399,160,0.1190334833,0.160625369,9.829690933,160.5696796,-1.309780836,3.665864944,-1.187859777,160,0.1613677201,0.1604507709,0.2307806015,160.4874234,0,0.2564453483,0.6798982959,160,-0.7857673764,0,0.1614297176,162.2607378,0,19.35842811,160,0,1.184916139
0.246384,1.305560349,-0.05717234132,1.80957336,20.52644986,0.1206586583,0.1608861133,9.863740921,160.9130204,0.04815668985,-0.7864267826,1.346214205,160,0.1190334833,0.160625369,9.829690933,160.6250053,-1.309780836,3.665864944,-0.0167570704,160,0.1602783552,0.1603703819,0.1602172852,160.4073495,0,0.2561464608,1.849907321,160,-0.7857673764,0,0.1604135882,160.8249687,0,20.56770188,160,0,0.7910665274
0.222227,0.1290394154,1.927097789,0.7090076315,-10.44566814,0.08661589205,0.1605401172,9.288330078,160.5502711,-0.8820350766,-0.7864709496,0.1694112264,160,0.08594414763,0.1598944728,9.242858887,159.9674857,0.9280201197,0.2401578426,1.96714252,160,0.1601476908,0.1603884519,0.2407836914,160.3828401,0,0.2558794916,0.6423634886,160,-0.7830420732,1,0.1697970973,169.4383886,0,-10.39973221,160,0,2.424940348
0.2222395,-0.879626655,0.9256299284,2.374389171,-11.58762231,0.08661589205,0.1605401172,9.288330078,160.519295,-0.8820350766,-0.7864709496,-0.8393099655,160,0.08594414763,0.1598944728,9.242858887,160.0491377,0.9280201197,0.2401578426,0.9656948698,160,0.1603395145,0.1603804316,0.1605224609,160.3728155,0,0.2562363148,2.307800571,160,-0.7830420732,0,0.1692777865,168.7420686,0,-11.54218962,160,0,2.172144413
0.2222295,-0.07279732796,1.726851318,1.042194998,-10.67505794,0.08661589205,0.1605401172,9.288330078,160.5491201,-0.8820350766,-0.7864709496,-0.03243318147,160,0.08594414763,0.1598944728,9.242858887,159.9888236,0.9280201197,0.2401578426,1.766903431,160,0.1601476908,0.1603884519,0.2407836914,160.3808351,0,0.2558794916,0.9755619885,160,-0.7830420732,1,0.1697970973,169.3048398,0,-10.62921888,160,0,2.424940348
0.2222355,-0.5570125837,1.246145532,1.841618098,-11.22357609,0.08661589205,0.1605401172,9.288330078,160.536066,-0.8820350766,-0.7864709496,-0.5166736905,160,0.08594414763,0.1598944728,9.242858887,160.0298198,0.9280201197,0.2401578426,1.286208548,160,0.1603395145,0.1603804316,0.1605224609,160.3760233,0,0.2562363148,1.775011725,160,-0.7830420732,0,0.1692777865,168.97265,0,-11.17797724,160,0,2.172144413
0.222234,-0.4359885374,1.366332892,1.641792307,-11.08671831,0.08661589205,0.1605401172,9.288330078,160.5406914,-0.8820350766,-0.7864709496,-0.3956424237,160,0.08594414763,0.1598944728,9.242858887,160.0209229,0.9280201197,0.2401578426,1.40639408,160,0.1603395145,0.1603804316,0.1605224609,160.3772263,0,0.2562363148,1.575179255,160,-0.7830420732,0,0.1692777865,169.0572392,0,-11.04105839,160,0,2.172144413
0.2222285,0.007932635921,1.806954202,0.9089267168,-10.58336029,0.08661589205,0.1605401172,9.288330078,160.5498833,-0.8820350766,-0.7864709496,0.04830005196,160,0.08594414763,0.1598944728,9.242858887,159.9805888,0.9280201197,0.2401578426,1.84700356,160,0.1601476908,0.1603884519,0.2407836914,160.3816371,0,0.2558794916,0.8422892392,160,-0.7830420732,1,0.1697970973,169.3586033,0,-10.53748226,160,0,2.424940348
0.22223,-0.1131597415,1.686797929,1.108825807,-10.7208774,0.08661589205,0.1605401172,9.288330078,160.5485872,-0.8820350766,-0.7864709496,-0.07279733083,160,0.08594414763,0.1598944728,9.242858887,159.9927908,0.9280201197,0.2401578426,1.726851316,160,0.1603395145,0.1603804316,0.1605224609,160.3804342,0,0.2562363148,1.042195009,160,-0.7830420732,0,0.1692777865,169.2777862,0,-10.67505794,160,0,2.172144413
0.222236,-0.5973489403,1.206082041,1.908222254,-11.26915443,0.08661589205,0.1605401172,9.288330078,160.5343225,-0.8820350766,-0.7864709496,-0.5570125872,160,0.08594414763,0.1598944728,9.242858887,160.0325851,0.9280201197,0.2401578426,1.24614553,160,0.1603395145,0.1603804316,0.1605224609,160.3756223,0,0.2562363148,1.841618115,160,-0.7830420732,0,0.1692777865,168.9442256,0,-11.22357609,160,0,2.172144413
0.222237,-0.6780137626,1.125953902,2.041423903,-11.36024929,0.08661589205,0.1605401172,9.288330078,160.530533,-0.8820350766,-0.7864709496,-0.6376826889,160,0.08594414763,0.1598944728,9.242858887,160.0378153,0.9280201197,0.2401578426,1.166018141,160,0.1603395145,0.1603804316,0.1605224609,160.3748204,0,0.2562363148,1.974824187,160,-0.7830420732,0,0.1692777865,168.8870352,0,-11.31471219,160,0,2.172144413
0.222231,-0.1938790957,1.606687589,1.242080759,-10.8124572,0.08661589205,0.1605401172,9.288330078,160.5472186,-0.8820350766,-0.7864709496,-0.1535203538,160,0.08594414763,0.1598944728,9.242858887,160.0004247,0.9280201197,0.2401578426,1.646743328,160,0.1603395145,0.1603804316,0.1605224609,160.3796322,0,0.2562363148,1.175454429,160,-0.7830420732,0,0.1692777865,169.2233355,0,-10.76667718,160,0,2.172144413
0.2222305,-0.1535203532,1.64674333,1.175454394,-10.76667718,0.08661589205,0.1605401172,9.288330078,160.5479533,-0.8820350766,-0.7864709496,-0.1131597429,160,0.08594414763,0.1598944728,9.242858887,159.9966578,0.9280201197,0.2401578426,1.686797926,160,0.1603395145,0.1603804316,0.1605224609,160.3800332,0,0.2562363148,1.108825813,160,-0.7830420732,0,0.1692777865,169.250618,0,-10.72087739,160,0,2.172144413
0.2222315,-0.234235902,1.566630772,1.308704904,-10.8582174,0.08661589205,0.1605401172,9.288330078,160.5463829,-0.8820350766,-0.7864709496,-0.1938790994,160,0.08594414763,0.1598944728,9.242858887,160.0040914,0.9280201197,0.2401578426,1.60668759,160,0.1603395145,0.1603804316,0.1605224609,160.3792312,0,0.2562363148,1.242080771,160,-0.7830420732,0,0.1692777865,169.1959385,0,-10.81245721,160,0,2.172144413
0.222238,-0.758667616,1.045824667,2.174616671,-11.45126122,0.08661589205,0.1605401172,9.288330078,160.5263402,-0.8820350766,-0.7864709496,-0.7183420969,160,0.08594414763,0.1598944728,9.242858887,160.0426448,0.9280201197,0.2401578426,1.085889387,160,0.1603395145,0.1603804316,0.1605224609,160.3740184,0,0.2562363148,2.108021391,160,-0.7830420732,0,0.1692777865,168.8293896,0,-11.40576567,160,0,2.172144413
0.222225,0.2905343873,2.087266387,0.4424177438,-10.26180983,0.08661589205,0.1605401172,9.288330078,160.5493752,-0.8820350766,-0.7864709496,0.3309111207,160,0.08594414763,0.1598944728,9.242858887,159.9486132,0.9280201197,0.2401578426,2.127304008,160,0.1601476908,0.1603884519,0.2407836914,160.3844441,0,0.2558794916,0.3757647278,160,-0.7830420732,1,0.1697970973,169.5431615,0,-10.21579777,160,0,2.424940348
0.222226,0.2097843732,2.007185575,0.5757171318,-10.35377713,0.08661589205,0.1605401172,9.288330078,160.550025,-0.8820350766,-0.7864709496,0.2501587808,160,0.08594414763,0.1598944728,9.242858887,159.9582497,0.9280201197,0.2401578426,2.047226886,160,0.1601476908,0.1603884519,0.2407836914,160.3836421,0,0.2558794916,0.5090685704,160,-0.7830420732,1,0.1697970973,169.4910048,0,-10.30780298,160,0,2.424940348
0.222221,0.6135742442,2.407509198,-0.09086870293,-9.893189953,0.08661589205,0.1605401172,9.288330078,160.5427378,-0.8820350766,-0.7864709496,0.6539575921,160,0.08594414763,0.1598944728,9.242858887,159.9060635,0.9280201197,0.2401578426,2.447529397,160,0.1601476908,0.1603884519,0.2407836914,160.3876522,0,0.2558794916,-0.1575395174,160,-0.7830420732,1,0.1697970973,169.747185,0,-9.847029272,160,0,2.424940348
0.2222205,0.653957594,2.447529398,-0.1575395106,-9.847029272,0.08661589205,0.1605401172,9.288330078,160.5414791,-0.8820350766,-0.7864709496,0.6943413524,160,0.08594414763,0.1598944728,9.242858887,159.9003194,0.9280201197,0.2401578426,2.487547757,160,0.1601476908,0.1603884519,0.2407836914,160.3880532,0,0.2558794916,-0.2242119592,160,-0.7830420732,1,0.1697970973,169.7721981,0,-9.800854901,160,0,2.424940348
0.2222225,0.4924280124,2.287434394,0.1091303836,-10.03156183,0.08661589205,0.1605401172,9.288330078,160.545984,-0.8820350766,-0.7864709496,0.5328093842,160,0.08594414763,0.1598944728,9.242858887,159.9227702,0.9280201197,0.2401578426,2.327461626,160,0.1601476908,0.1603884519,0.2407836914,160.3864491,0,0.2558794916,0.04246626872,160,-0.7830420732,1,0.1697970973,169.6715401,0,-9.985456309,160,0,2.424940348
0.2222335,-0.3956424204,1.406394085,1.575179269,-11.04105839,0.08661589205,0.1605401172,9.288330078,160.5420314,-0.8820350766,-0.7864709496,-0.3552940306,160,0.08594414763,0.1598944728,9.242858887,160.0177569,0.9280201197,0.2401578426,1.446454537,160,0.1603395145,0.1603804316,0.1605224609,160.3776272,0,0.2562363148,1.508564026,160,-0.7830420732,0,0.1692777865,169.0852075,0,-10.99537827,160,0,2.172144413
0.2222245,0.3309111222,2.12730401,0.3757647165,-10.21579776,0.08661589205,0.1605401172,9.288330078,160.5488989,-0.8820350766,-0.7864709496,0.3712889161,160,0.08594414763,0.1598944728,9.242858887,159.9436448,0.9280201197,0.2401578426,2.167339687,160,0.1601476908,0.1603884519,0.2407836914,160.3848451,0,0.2558794916,0.3091094811,160,-0.7830420732,1,0.1697970973,169.5690674,0,-10.16976686,160,0,2.424940348
0.222233,-0.3552940311,1.446454536,1.508564009,-10.99537827,0.08661589205,0.1605401172,9.288330078,160.5432706,-0.8820350766,-0.7864709496,-0.3149434384,160,0.08594414763,0.1598944728,9.242858887,160.0144907,0.9280201197,0.2401578426,1.486514179,160,0.1603395145,0.1603804316,0.1605224609,160.3780282,0,0.2562363148,1.441946551,160,-0.7830420732,0,0.1692777865,169.1130616,0,-10.94967801,160,0,2.172144413
0.2222265,0.1694112287,1.967142521,0.6423634926,-10.39973221,0.08661589205,0.1605401172,9.288330078,160.5501986,-0.8820350766,-0.7864709496,0.2097843712,160,0.08594414763,0.1598944728,9.242858887,159.9629177,0.9280201197,0.2401578426,2.007185575,160,0.1601476908,0.1603884519,0.2407836914,160.3832411,0,0.2558794916,0.5757171664,160,-0.7830420732,1,0.1697970973,169.4647541,0,-10.35377712,160,0,2.424940348
0.2222255,0.2501587818,2.047226886,0.5090685488,-10.30780297,0.08661589205,0.1605401172,9.288330078,160.5497506,-0.8820350766,-0.7864709496,0.2905343841,160,0.08594414763,0.1598944728,9.242858887,159.9534815,0.9280201197,0.2401578426,2.087266385,160,0.1601476908,0.1603884519,0.2407836914,160.3840431,0,0.2558794916,0.4424177575,160,-0.7830420732,1,0.1697970973,169.5171407,0,-10.26180983,160,0,2.424940348
0.22222,0.6943413536,2.487547757,-0.2242119855,-9.800854897,0.08661589205,0.1605401172,9.288330078,160.5401194,-0.8820350766,-0.7864709496,0.734725603,160,0.08594414763,0.1598944728,9.242858887,159.8944754,0.9280201197,0.2401578426,2.527563623,160,0.1601476908,0.1603884519,0.2407836914,160.3884542,0,0.2558794916,-0.2908866747,160,-0.7830420732,1,0.1697970973,169.7970959,0,-9.754662329,160,0,2.424940348
0.222222,0.5328093862,2.327461629,0.04246624413,-9.985456307,0.08661589205,0.1605401172,9.288330078,160.5450029,-0.8820350766,-0.7864709496,0.5731914818,160,0.08594414763,0.1598944728,9.242858887,159.9173014,0.9280201197,0.2401578426,2.367486584,160,0.1601476908,0.1603884519,0.2407836914,160.3868501,0,0.2558794916,-0.02420009082,160,-0.7830420732,1,0.1697970973,169.6968704,0,-9.939332326,160,0,2.424940348
0.2222385,-0.7989902616,1.005759806,2.241209724,-11.4967359,0.08661589205,0.1605401172,9.288330078,160.5240926,-0.8820350766,-0.7864709496,-0.7586676176,160,0.08594414763,0.1598944728,9.242858887,160.0449093,0.9280201197,0.2401578426,1.045824664,160,0.1603395145,0.1603804316,0.1605224609,160.3736174,0,0.2562363148,2.174616668,160,-0.7830420732,0,0.1692777865,168.8003962,0,-11.45126122,160,0,2.172144413
0.222229,-0.03243317975,1.766903432,0.9755619684,-10.62921888,0.08661589205,0.1605401172,9.288330078,160.5495522,-0.8820350766,-0.7864709496,0.007932634105,160,0.08594414763,0.1598944728,9.242858887,159.9847563,0.9280201197,0.2401578426,1.806954202,160,0.1601476908,0.1603884519,0.2407836914,160.3812361,0,0.2558794916,0.9089267508,160,-0.7830420732,1,0.1697970973,169.3317788,0,-10.5833603,160,0,2.424940348
0.2222365,-0.637682689,1.166018142,1.974824189,-11.31471219,0.08661589205,0.1605401172,9.288330078,160.5324782,-0.8820350766,-0.7864709496,-0.5973489436,160,0.08594414763,0.1598944728,9.242858887,160.0352503,0.9280201197,0.2401578426,1.20608204,160,0.1603395145,0.1603804316,0.1605224609,160.3752214,0,0.2562363148,1.908222288,160,-0.7830420732,0,0.1692777865,168.9156873,0,-11.26915443,160,0,2.172144413
0.222232,-0.2745907048,1.526572946,1.375326827,-10.90395769,0.08661589205,0.1605401172,9.288330078,160.5454464,-0.8820350766,-0.7864709496,-0.2342359053,160,0.08594414763,0.1598944728,9.242858887,160.007658,0.9280201197,0.2401578426,1.566630772,160,0.1603395145,0.1603804316,0.1605224609,160.3788302,0,0.2562363148,1.308704924,160,-0.7830420732,0,0.1692777865,169.1684271,0,-10.8582174,160,0,2.172144413
0.222239,-0.8393099636,0.9656948706,2.307800558,-11.54218962,0.08661589205,0.1605401172,9.288330078,160.5217442,-0.8820350766,-0.7864709496,-0.7989902642,160,0.08594414763,0.1598944728,9.242858887,160.0470736,0.9280201197,0.2401578426,1.005759803,160,0.1603395145,0.1603804316,0.1605224609,160.3732165,0,0.2562363148,2.241209728,160,-0.7830420732,0,0.1692777865,168.7712892,0,-11.4967359,160,0,2.172144413
0.2222235,0.4116677118,2.207373357,0.2424519949,-10.12371718,0.08661589205,0.1605401172,9.288330078,160.5476433,-0.8820350766,-0.7864709496,0.4520474306,160,0.08594414763,0.1598944728,9.242858887,159.9334077,0.9280201197,0.2401578426,2.247404947,160,0.1601476908,0.1603884519,0.2407836914,160.3856471,0,0.2558794916,0.1757923087,160,-0.7830420732,1,0.1697970973,169.620534,0,-10.07764881,160,0,2.424940348
0.222224,0.3712889195,2.167339689,0.3091094669,-10.16976685,0.08661589205,0.1605401172,9.288330078,160.5483216,-0.8820350766,-0.7864709496,0.4116677097,160,0.08594414763,0.1598944728,9.242858887,159.9385763,0.9280201197,0.2401578426,2.207373356,160,0.1601476908,0.1603884519,0.2407836914,160.3852461,0,0.2558794916,0.2424520176,160,-0.7830420732,1,0.1697970973,169.5948583,0,-10.12371718,160,0,2.424940348
0.2222325,-0.3149434369,1.486514179,1.441946528,-10.94967801,0.08661589205,0.1605401172,9.288330078,160.5444089,-0.8820350766,-0.7864709496,-0.2745907075,160,0.08594414763,0.1598944728,9.242858887,160.0111245,0.9280201197,0.2401578426,1.526572944,160,0.1603395145,0.1603804316,0.1605224609,160.3784292,0,0.2562363148,1.375326832,160,-0.7830420732,0,0.1692777865,169.1408015,0,-10.9039577,160,0,2.172144413
0.222223,0.4520474318,2.247404948,0.1757923005,-10.07764881,0.08661589205,0.1605401172,9.288330078,160.5468642,-0.8820350766,-0.7864709496,0.4924280113,160,0.08594414763,0.1598944728,9.242858887,159.928139,0.9280201197,0.2401578426,2.287434391,160,0.1601476908,0.1603884519,0.2407836914,160.3860481,0,0.2558794916,0.1091304114,160,-0.7830420732,1,0.1697970973,169.6460947,0,-10.03156183,160,0,2.424940348
0.2222345,-0.4763323151,1.326271025,1.708403125,-11.13235795,0.08661589205,0.1605401172,9.288330078,160.5392504,-0.8820350766,-0.7864709496,-0.4359885395,160,0.08594414763,0.1598944728,9.242858887,160.0239887,0.9280201197,0.2401578426,1.366332889,160,0.1603395145,0.1603804316,0.1605224609,160.3768253,0,0.2562363148,1.641792323,160,-0.7830420732,0,0.1692777865,169.0291568,0,-11.08671832,160,0,2.172144413
0.222235,-0.5166736862,1.286208549,1.775011722,-11.17797724,0.08661589205,0.1605401172,9.288330078,160.5377086,-0.8820350766,-0.7864709496,-0.4763323176,160,0.08594414763,0.1598944728,9.242858887,160.0269543,0.9280201197,0.2401578426,1.326271022,160,0.1603395145,0.1603804316,0.1605224609,160.3764243,0,0.2562363148,1.708403147,160,-0.7830420732,0,0.1692777865,169.0009604,0,-11.13235796,160,0,2.172144413
0.2222275,0.08866900075,1.887051448,0.7756495484,-10.49158485,0.08661589205,0.1605401172,9.288330078,160.5502428,-0.8820350766,-0.7864709496,0.1290394138,160,0.08594414763,0.1598944728,9.242858887,159.9719535,0.9280201197,0.2401578426,1.927097784,160,0.1601476908,0.1603884519,0.2407836914,160.3824391,0,0.2558794916,0.7090076508,160,-0.7830420732,1,0.1697970973,169.4119082,0,-10.44566814,160,0,2.424940348
0.2222375,-0.7183420939,1.085889388,2.108021397,-11.40576566,0.08661589205,0.1605401172,9.288330078,160.528487,-0.8820350766,-0.7864709496,-0.678013766,160,0.08594414763,0.1598944728,9.242858887,160.0402801,0.9280201197,0.2401578426,1.125953901,160,0.1603395145,0.1603804316,0.1605224609,160.3744194,0,0.2562363148,2.041423897,160,-0.7830420732,0,0.1692777865,168.8582693,0,-11.3602493,160,0,2.172144413
0.222228,0.04830005183,1.847003563,0.8422892435,-10.53748226,0.08661589205,0.1605401172,9.288330078,160.5501135,-0.8820350766,-0.7864709496,0.08866899748,160,0.08594414763,0.1598944728,9.242858887,159.9763212,0.9280201197,0.2401578426,1.887051447,160,0.1601476908,0.1603884519,0.2407836914,160.3820381,0,0.2558794916,0.7756495393,160,-0.7830420732,1,0.1697970973,169.3853131,0,-10.49158485,160,0,2.424940348
0.2222215,0.5731914859,2.367486586,-0.02420011803,-9.939332323,0.08661589205,0.1605401172,9.288330078,160.5439209,-0.8820350766,-0.7864709496,0.6135742439,160,0.08594414763,0.1598944728,9.242858887,159.9117325,0.9280201197,0.2401578426,2.407509193,160,0.1601476908,0.1603884519,0.2407836914,160.3872511,0,0.2558794916,-0.09086866726,160,-0.7830420732,1,0.1697970973,169.7220853,0,-9.893189954,160,0,2.424940348
0.290182,-0.3015996304,2.070829989,1.37028624,-11.82044203,0.4788506693,0.160650103,15.77967167,160.6466413,-1.700826049,-0.7720439434,-0.2611782897,160,0.4783507511,0.1605735491,15.78994751,160.5938163,0.6738419533,0.3291193247,2.111297189,160,0.1616200258,0.1604832072,0.2408467531,160.4964655,0,0.2566825747,1.410664598,160,-0.7739271522,0,0.1687212503,168.6026633,0,-11.77511025,160,0,1.905279517
0.2901855,-0.5844859652,1.787511979,1.08762272,-12.13715859,0.4788506693,0.160650103,15.77967167,160.6367836,-1.700826049,-0.7720439434,-0.5440808621,160,0.4783507511,0.1605735491,15.78994751,160.6254742,0.6738419533,0.3291193247,1.827990605,160,0.1616200258,0.1604832072,0.2408467531,160.5158697,0,0.2566825747,1.128004357,160,-0.7739271522,0,0.1687212503,168.3908757,0,-12.09197882,160,0,1.905279517
0.2901965,-1.472624226,0.8967572072,0.1992955814,-13.12541223,0.4788506693,0.160650103,15.77967167,160.5735917,-1.700826049,-0.7720439434,-1.432291604,160,0.4783507511,0.1605735491,15.78994751,160.6926825,0.6738419533,0.3291193247,0.9372501992,160,0.1620866229,0.1605335491,0.1213111877,160.5446493,0,0.2585920393,0.239666047,160,-0.7739271522,0,0.16811045,167.6893324,0,-13.08073393,160,0,1.626260161
0.290198,-1.593597431,0.7752792407,0.07819213993,-13.25930496,0.4788506693,0.160650103,15.77967167,160.5611915,-1.700826049,-0.7720439434,-1.553277208,160,0.4783507511,0.1605735491,15.78994751,160.698051,0.6738419533,0.3291193247,0.81577166,160,0.1620866229,0.1605335491,0.1213111877,160.5447884,0,0.2585920393,0.1185585603,160,-0.7739271522,0,0.16811045,167.589467,0,-13.21469782,160,0,1.626260161
0.290193,-1.190214212,1.180206962,0.4819119888,-12.81217174,0.4788506693,0.160650103,15.77967167,160.5989963,-1.700826049,-0.7720439434,-1.149854999,160,0.4783507511,0.1605735491,15.78994751,160.6766127,0.6738419533,0.3291193247,1.220698927,160,0.1620866229,0.1605335491,0.1213111877,160.5407921,0,0.2585920393,0.5222895396,160,-0.7739271522,0,0.16811045,167.9184414,0,-12.76733,160,0,1.626260161
0.2901825,-0.3420188564,2.030360951,1.329907209,-11.86575233,0.4788506693,0.160650103,15.77967167,160.6455362,-1.700826049,-0.7720439434,-0.3015996342,160,0.4783507511,0.1605735491,15.78994751,160.5986424,0.6738419533,0.3291193247,2.070829986,160,0.1616200258,0.1604832072,0.2408467531,160.4995404,0,0.2566825747,1.370286238,160,-0.7739271522,0,0.1687212503,168.5727473,0,-11.82044204,160,0,1.905279517
0.290187,-0.7056854764,1.666068197,0.9664768834,-12.27256552,0.4788506693,0.160650103,15.77967167,160.6310436,-1.700826049,-0.7720439434,-0.66528834,160,0.4783507511,0.1605735491,15.78994751,160.6375239,0.6738419533,0.3291193247,1.706550705,160,0.1616200258,0.1604832072,0.2408467531,160.5226714,0,0.2566825747,1.006858913,160,-0.7739271522,0,0.1687212503,168.298415,0,-12.22745202,160,0,1.905279517
0.290192,-1.109492258,1.261190477,0.5626678382,-12.7224652,0.4788506693,0.160650103,15.77967167,160.6053469,-1.700826049,-0.7720439434,-1.069126057,160,0.4783507511,0.1605735491,15.78994751,160.6711102,0.6738419533,0.3291193247,1.301681539,160,0.1620866229,0.1605335491,0.1213111877,160.5387815,0,0.2585920393,0.6030468107,160,-0.7739271522,0,0.16811045,167.9828936,0,-12.67757742,160,0,1.626260161
0.290194,-1.270921779,1.099222051,0.4011593819,-12.90178577,0.4788506693,0.160650103,15.77967167,160.5922422,-1.700826049,-0.7720439434,-1.230569829,160,0.4783507511,0.1605735491,15.78994751,160.6817103,0.6738419533,0.3291193247,1.139714644,160,0.1620866229,0.1605335491,0.1213111877,160.5423988,0,0.2585920393,0.4415352457,160,-0.7739271522,0,0.16811045,167.8535411,0,-12.85699036,160,0,1.626260161
0.290196,-1.432291601,0.9372501993,0.2396660477,-13.08073393,0.4788506693,0.160650103,15.77967167,160.5775235,-1.700826049,-0.7720439434,-1.391954982,160,0.4783507511,0.1605735491,15.78994751,160.6906906,0.6738419533,0.3291193247,0.9777432446,160,0.1620866229,0.1605335491,0.1213111877,160.5444011,0,0.2585920393,0.2800377246,160,-0.7739271522,0,0.16811045,167.7223976,0,-13.03603206,160,0,1.626260161
0.2901975,-1.553277207,0.8157716604,0.1185585603,-13.21469782,0.4788506693,0.160650103,15.77967167,160.5654257,-1.700826049,-0.7720439434,-1.512952785,160,0.4783507511,0.1605735491,15.78994751,160.6963628,0.6738419533,0.3291193247,0.8562643359,160,0.1620866229,0.1605335491,0.1213111877,160.544843,0,0.2585920393,0.1589263938,160,-0.7739271522,0,0.16811045,167.622867,0,-13.17006688,160,0,1.626260161
0.2901805,-0.180329513,2.192225827,1.491419045,-11.68438248,0.4788506693,0.160650103,15.77967167,160.6493756,-1.700826049,-0.7720439434,-0.1399026814,160,0.4783507511,0.1605735491,15.78994751,160.5787562,0.6738419533,0.3291193247,2.232687645,160,0.1616200258,0.1604832072,0.2408467531,160.4866603,0,0.2566825747,1.531795224,160,-0.7739271522,0,0.1687212503,168.6917596,0,-11.63899196,160,0,1.905279517
0.290181,-0.2207548913,2.151762495,1.451042225,-11.72975703,0.4788506693,0.160650103,15.77967167,160.6485484,-1.700826049,-0.7720439434,-0.1803295149,160,0.4783507511,0.1605735491,15.78994751,160.5838605,0.6738419533,0.3291193247,2.192225825,160,0.1616200258,0.1604832072,0.2408467531,160.4900128,0,0.2566825747,1.491419042,160,-0.7739271522,0,0.1687212503,168.6621553,0,-11.68438248,160,0,1.905279517
0.2901995,-1.714532225,0.6538042061,-0.0428979537,-13.39298291,0.4788506693,0.160650103,15.77967167,160.547884,-1.700826049,-0.7720439434,-1.674225008,160,0.4783507511,0.1605735491,15.78994751,160.7025084,0.6738419533,0.3291193247,0.6942954442,160,0.1620866229,0.1605335491,0.1213111877,160.5440193,0,0.2585920393,-0.002536186372,160,-0.7739271522,0,0.16811045,167.4885984,0,-13.34844758,160,0,1.626260161
0.290184,-0.4632631532,1.908943505,1.208766768,-12.00155352,0.4788506693,0.160650103,15.77967167,160.6416145,-1.700826049,-0.7720439434,-0.422850686,160,0.4783507511,0.1605735491,15.78994751,160.6125137,0.6738419533,0.3291193247,1.949417637,160,0.1616200258,0.1604832072,0.2408467531,160.5081593,0,0.2566825747,1.249147406,160,-0.7739271522,0,0.1687212503,168.4823203,0,-11.95630816,160,0,1.905279517
0.2901935,-1.230569828,1.139714647,0.4415352464,-12.85699036,0.4788506693,0.160650103,15.77967167,160.5956697,-1.700826049,-0.7720439434,-1.190214213,160,0.4783507511,0.1605735491,15.78994751,160.6792121,0.6738419533,0.3291193247,1.180206958,160,0.1620866229,0.1605335491,0.1213111877,160.5416459,0,0.2585920393,0.4819119894,160,-0.7739271522,0,0.16811045,167.8860472,0,-12.81217174,160,0,1.626260161
0.2901985,-1.633913386,0.7347871468,0.03782720266,-13.30388824,0.4788506693,0.160650103,15.77967167,160.5568564,-1.700826049,-0.7720439434,-1.593597432,160,0.4783507511,0.1605735491,15.78994751,160.699638,0.6738419533,0.3291193247,0.7752792364,160,0.1620866229,0.1605335491,0.1213111877,160.544633,0,0.2585920393,0.07819213721,160,-0.7739271522,0,0.16811045,167.5559555,0,-13.25930496,160,0,1.626260161
0.2901945,-1.311269999,1.058729241,0.3607844625,-12.94655791,0.4788506693,0.160650103,15.77967167,160.5887138,-1.700826049,-0.7720439434,-1.270921778,160,0.4783507511,0.1605735491,15.78994751,160.6841072,0.6738419533,0.3291193247,1.099222047,160,0.1620866229,0.1605335491,0.1213111877,160.5430508,0,0.2585920393,0.4011593795,160,-0.7739271522,0,0.16811045,167.820923,0,-12.90178577,160,0,1.626260161
0.290197,-1.512952783,0.8562643384,0.1589263965,-13.17006688,0.4788506693,0.160650103,15.77967167,160.5695591,-1.700826049,-0.7720439434,-1.472624227,160,0.4783507511,0.1605735491,15.78994751,160.6945733,0.6738419533,0.3291193247,0.8967572072,160,0.1620866229,0.1605335491,0.1213111877,160.5447966,0,0.2585920393,0.1992955774,160,-0.7739271522,0,0.16811045,167.6561555,0,-13.12541223,160,0,1.626260161
0.2901925,-1.149855,1.220698928,0.5222895419,-12.76733,0.4788506693,0.160650103,15.77967167,160.6022221,-1.700826049,-0.7720439434,-1.10949226,160,0.4783507511,0.1605735491,15.78994751,160.6739121,0.6738419533,0.3291193247,1.261190476,160,0.1620866229,0.1605335491,0.1213111877,160.5398372,0,0.2585920393,0.5626678359,160,-0.7739271522,0,0.16811045,167.9507235,0,-12.7224652,160,0,1.626260161