   Time             I(L7)             i_out_M_BB1       udc_BB1           i_pred_BB1        iL_BB1            Uref_BB1          pwmBB1            i_ref_BB1       
  1.000000000E-05   9.986172812E-04   0.000000000E+00   1.000000000E+02   0.000000000E+00   0.000000000E+00   2.400000000E+02   1.000000000E+00   0.000000000E+00 
  2.000000000E-05   1.333664768E+00   1.998001714E+00   9.990010774E+01   0.000000000E+00   9.986180771E-04   2.400000000E+02   1.000000000E+00   9.986180885E-06 
  3.000000000E-05   2.665442723E+00   1.996005210E+00   9.980028203E+01   0.000000000E+00   1.333664770E+00   2.400000000E+02   1.000000000E+00   1.335642021E-02 
  4.000000000E-05   3.996554902E+00   1.994010688E+00   9.970055608E+01   0.000000000E+00   2.665442722E+00   2.400000000E+02   1.000000000E+00   5.308036506E-02 
  5.000000000E-05   5.326779774E+00   1.992017665E+00   9.960090487E+01   0.000000000E+00   3.996554909E+00   2.400000000E+02   1.000000000E+00   1.186387315E-01 
  6.000000000E-05   6.656117929E+00   1.990026632E+00   9.950135326E+01   0.000000000E+00   5.326779778E+00   2.400000000E+02   1.000000000E+00   2.094992995E-01 
  7.000000000E-05   7.984569959E+00   1.988037589E+00   9.940190116E+01   0.000000000E+00   6.656117932E+00   2.400000000E+02   1.000000000E+00   3.251383007E-01 
  8.000000000E-05   9.312136456E+00   1.986050535E+00   9.930254846E+01   0.000000000E+00   7.984569969E+00   2.400000000E+02   1.000000000E+00   4.650424123E-01 
  9.000000000E-05   1.063881801E+01   1.984065470E+00   9.920329507E+01   0.000000000E+00   9.312136456E+00   2.400000000E+02   1.000000000E+00   6.287086010E-01 
  1.000000000E-04   1.196461521E+01   1.982082388E+00   9.910414087E+01   0.000000000E+00   1.063881801E+01   2.400000000E+02   1.000000000E+00   8.156439662E-01 
  1.100000000E-04   1.328952864E+01   1.980101281E+00   9.900508579E+01   0.000000000E+00   1.196461520E+01   2.400000000E+02   1.000000000E+00   1.025365472E+00 
  1.200000000E-04   1.461355890E+01   1.978122157E+00   9.890612971E+01   0.000000000E+00   1.328952865E+01   2.400000000E+02   1.000000000E+00   1.257399559E+00 
  1.300000000E-04   1.593670657E+01   1.976145022E+00   9.880727253E+01   0.000000000E+00   1.461355890E+01   2.400000000E+02   1.000000000E+00   1.511282444E+00 
  1.400000000E-04   1.725897224E+01   1.974169855E+00   9.870851417E+01   0.000000000E+00   1.593670657E+01   2.400000000E+02   1.000000000E+00   1.786559463E+00 
  1.500000000E-04   1.858035650E+01   1.972196664E+00   9.860985451E+01   0.000000000E+00   1.725897224E+01   2.400000000E+02   1.000000000E+00   2.082785130E+00 
  1.600000000E-04   1.990085994E+01   1.970225441E+00   9.851129347E+01   0.000000000E+00   1.858035650E+01   2.400000000E+02   1.000000000E+00   2.399522781E+00 
  1.700000000E-04   2.122048315E+01   1.968256193E+00   9.841283093E+01   0.000000000E+00   1.990085994E+01   2.400000000E+02   1.000000000E+00   2.736344576E+00 
  1.800000000E-04   2.253922670E+01   1.966288906E+00   9.831446682E+01   0.000000000E+00   2.122048315E+01   2.400000000E+02   0.000000000E+00   3.092831135E+00 
  1.900000000E-04   2.253770077E+01   1.964323594E+00   9.821620101E+01   0.000000000E+00   2.253922671E+01   2.400000000E+02   0.000000000E+00   3.468571663E+00 
  2.000000000E-04   2.252249217E+01   1.984882772E+00   9.924416021E+01   0.000000000E+00   2.253770077E+01   2.400000000E+02   0.000000000E+00   3.849969387E+00 
  2.100000000E-04   2.249704428E+01   2.005409623E+00   1.002705031E+02   0.000000000E+00   2.252249217E+01   2.400000000E+02   0.000000000E+00   4.223571777E+00 
  2.200000000E-04   2.245797274E+01   2.025903719E+00   1.012952082E+02   0.000000000E+00   2.249704428E+01   2.400000000E+02   0.000000000E+00   4.589295864E+00 
  2.300000000E-04   2.240532629E+01   2.046345088E+00   1.023172769E+02   0.000000000E+00   2.245797274E+01   2.400000000E+02   0.000000000E+00   4.947060108E+00 
  2.400000000E-04   2.233916263E+01   2.066720199E+00   1.033360322E+02   0.000000000E+00   2.240532629E+01   2.400000000E+02   0.000000000E+00   5.296751976E+00 
  2.500000000E-04   2.225954837E+01   2.087015552E+00   1.043508005E+02   0.000000000E+00   2.233916263E+01   2.400000000E+02   0.000000000E+00   5.638261795E+00 
  2.600000000E-04   2.216655899E+01   2.107217782E+00   1.053609119E+02   0.000000000E+00   2.225954837E+01   2.400000000E+02   0.000000000E+00   5.971483707E+00 
  2.700000000E-04   2.206027876E+01   2.127313550E+00   1.063657008E+02   0.000000000E+00   2.216655899E+01   2.400000000E+02   0.000000000E+00   6.296315193E+00 
  2.800000000E-04   2.194080065E+01   2.147289649E+00   1.073645061E+02   0.000000000E+00   2.206027876E+01   2.400000000E+02   0.000000000E+00   6.612657070E+00 
  2.900000000E-04   2.180822630E+01   2.167132962E+00   1.083566720E+02   0.000000000E+00   2.194080065E+01   2.400000000E+02   0.000000000E+00   6.920414925E+00 
  3.000000000E-04   2.166266590E+01   2.186830486E+00   1.093415481E+02   0.000000000E+00   2.180822630E+01   2.400000000E+02   0.000000000E+00   7.219496727E+00 
  3.100000000E-04   2.150423810E+01   2.206369317E+00   1.103184898E+02   0.000000000E+00   2.166266589E+01   2.400000000E+02   0.000000000E+00   7.509815693E+00 
  3.200000000E-04   2.133306996E+01   2.225736701E+00   1.112868592E+02   0.000000000E+00   2.150423810E+01   2.400000000E+02   0.000000000E+00   7.791288376E+00 
  3.300000000E-04   2.114929681E+01   2.244920005E+00   1.122460249E+02   0.000000000E+00   2.133306997E+01   2.400000000E+02   0.000000000E+00   8.063836098E+00 
  3.400000000E-04   2.095306214E+01   2.263906765E+00   1.131953629E+02   0.000000000E+00   2.114929681E+01   2.400000000E+02   0.000000000E+00   8.327383041E+00 
  3.500000000E-04   2.074451753E+01   2.282684633E+00   1.141342565E+02   0.000000000E+00   2.095306213E+01   2.400000000E+02   0.000000000E+00   8.581858635E+00 
  3.600000000E-04   2.052382251E+01   2.301241445E+00   1.150620973E+02   0.000000000E+00   2.074451752E+01   2.400000000E+02   0.000000000E+00   8.827197075E+00 
  3.700000000E-04   2.029114443E+01   2.319565191E+00   1.159782850E+02   0.000000000E+00   2.052382251E+01   2.400000000E+02   0.000000000E+00   9.063336372E+00 
  3.800000000E-04   2.004665838E+01   2.337644055E+00   1.168822284E+02   0.000000000E+00   2.029114443E+01   2.400000000E+02   0.000000000E+00   9.290219307E+00 
  3.900000000E-04   1.979054701E+01   2.355466385E+00   1.177733451E+02   0.000000000E+00   2.004665838E+01   2.400000000E+02   0.000000000E+00   9.507793427E+00 
  4.000000000E-04   1.952300041E+01   2.373020735E+00   1.186510625E+02   0.000000000E+00   1.979054701E+01   2.400000000E+02   1.000000000E+00   9.716009140E+00 
  4.100000000E-04   2.084265554E+01   2.390295833E+00   1.195148177E+02   0.000000000E+00   1.952300040E+01   2.400000000E+02   1.000000000E+00   9.914824486E+00 
  4.200000000E-04   2.216143114E+01   2.387907315E+00   1.193953918E+02   0.000000000E+00   2.084265554E+01   2.400000000E+02   0.000000000E+00   1.012018490E+01 
  4.300000000E-04   2.187999121E+01   2.385521199E+00   1.192760854E+02   0.000000000E+00   2.216143115E+01   2.400000000E+02   0.000000000E+00   1.034782219E+01 
  4.400000000E-04   2.158586597E+01   2.405072117E+00   1.202536321E+02   0.000000000E+00   2.187999121E+01   2.400000000E+02   0.000000000E+00   1.058127975E+01 
  4.500000000E-04   2.128236446E+01   2.424312761E+00   1.212156646E+02   0.000000000E+00   2.158586597E+01   2.400000000E+02   0.000000000E+00   1.080431271E+01 
  4.600000000E-04   2.096651209E+01   2.443313051E+00   1.221656791E+02   0.000000000E+00   2.128236446E+01   2.400000000E+02   0.000000000E+00   1.101690865E+01 
  4.700000000E-04   2.063854000E+01   2.461984820E+00   1.230992679E+02   0.000000000E+00   2.096651208E+01   2.400000000E+02   0.000000000E+00   1.121905899E+01 
  4.800000000E-04   2.029868701E+01   2.480316176E+00   1.240158361E+02   0.000000000E+00   2.063853999E+01   2.400000000E+02   0.000000000E+00   1.141072845E+01 
  4.900000000E-04   1.994719947E+01   2.498295473E+00   1.249148009E+02   0.000000000E+00   2.029868700E+01   2.400000000E+02   0.000000000E+00   1.159188652E+01 
  5.000000000E-04   1.958433109E+01   2.515911298E+00   1.257955922E+02   0.000000000E+00   1.994719947E+01   2.400000000E+02   1.000000000E+00   1.176250744E+01 
  5.100000000E-04   2.090394534E+01   2.533152518E+00   1.266576533E+02   0.000000000E+00   1.958433108E+01   2.400000000E+02   1.000000000E+00   1.192257214E+01 
  5.200000000E-04   2.222268010E+01   2.530621231E+00   1.265310899E+02   0.000000000E+00   2.090394534E+01   2.400000000E+02   0.000000000E+00   1.208900356E+01 
  5.300000000E-04   2.184627154E+01   2.528092494E+00   1.264046531E+02   0.000000000E+00   2.222268010E+01   2.400000000E+02   0.000000000E+00   1.227849007E+01 
  5.400000000E-04   2.145738984E+01   2.547490986E+00   1.273745772E+02   0.000000000E+00   2.184627154E+01   2.400000000E+02   0.000000000E+00   1.247360992E+01 
  5.500000000E-04   2.105933020E+01   2.566484589E+00   1.283242576E+02   0.000000000E+00   2.145738983E+01   2.400000000E+02   0.000000000E+00   1.265717411E+01 
  5.600000000E-04   2.064922586E+01   2.585167110E+00   1.292583836E+02   0.000000000E+00   2.105933020E+01   2.400000000E+02   0.000000000E+00   1.282919788E+01 
  5.700000000E-04   2.022737025E+01   2.603427070E+00   1.301713820E+02   0.000000000E+00   2.064922585E+01   2.400000000E+02   0.000000000E+00   1.298969936E+01 
  5.800000000E-04   1.979406419E+01   2.621253010E+00   1.310626793E+02   0.000000000E+00   2.022737025E+01   2.400000000E+02   0.000000000E+00   1.313867092E+01 
  5.900000000E-04   1.934961562E+01   2.638633767E+00   1.319317173E+02   0.000000000E+00   1.979406419E+01   2.400000000E+02   1.000000000E+00   1.327611160E+01 
  6.000000000E-04   2.066938631E+01   2.655558497E+00   1.327779538E+02   0.000000000E+00   1.934961562E+01   2.400000000E+02   1.000000000E+00   1.340202618E+01 
  6.100000000E-04   2.198827739E+01   2.652904911E+00   1.326452748E+02   0.000000000E+00   2.066938631E+01   2.400000000E+02   0.000000000E+00   1.353417587E+01 
  6.200000000E-04   2.153082985E+01   2.650253975E+00   1.325127283E+02   0.000000000E+00   2.198827740E+01   2.400000000E+02   0.000000000E+00   1.369006920E+01 
  6.300000000E-04   2.106128122E+01   2.669235407E+00   1.334617995E+02   0.000000000E+00   2.153082985E+01   2.400000000E+02   0.000000000E+00   1.385145855E+01 
  6.400000000E-04   2.058286686E+01   2.687731666E+00   1.343866126E+02   0.000000000E+00   2.106128122E+01   2.400000000E+02   0.000000000E+00   1.400035095E+01 
  6.500000000E-04   2.009285923E+01   2.705856929E+00   1.352928760E+02   0.000000000E+00   2.058286686E+01   2.400000000E+02   0.000000000E+00   1.413678551E+01 
  6.600000000E-04   1.959160430E+01   2.723480108E+00   1.361740350E+02   0.000000000E+00   2.009285922E+01   2.400000000E+02   0.000000000E+00   1.426080704E+01 
  6.700000000E-04   1.907945498E+01   2.740590283E+00   1.370295442E+02   0.000000000E+00   1.959160430E+01   2.400000000E+02   1.000000000E+00   1.437243557E+01 
  6.800000000E-04   2.039940572E+01   2.757176908E+00   1.378588758E+02   0.000000000E+00   1.907945498E+01   2.400000000E+02   1.000000000E+00   1.447169781E+01 
  6.900000000E-04   2.171847674E+01   2.754421800E+00   1.377211196E+02   0.000000000E+00   2.039940572E+01   2.400000000E+02   0.000000000E+00   1.457705212E+01 
  7.000000000E-04   2.119384030E+01   2.751669427E+00   1.375835010E+02   0.000000000E+00   2.171847675E+01   2.400000000E+02   0.000000000E+00   1.470668983E+01 
  7.100000000E-04   2.065746152E+01   2.770229521E+00   1.385115064E+02   0.000000000E+00   2.119384030E+01   2.400000000E+02   0.000000000E+00   1.484167957E+01 
  7.200000000E-04   2.011251347E+01   2.788238007E+00   1.394119311E+02   0.000000000E+00   2.065746151E+01   2.400000000E+02   0.000000000E+00   1.496335888E+01 
  7.300000000E-04   1.955639652E+01   2.805825950E+00   1.402913281E+02   0.000000000E+00   2.011251348E+01   2.400000000E+02   0.000000000E+00   1.507179165E+01 
  7.400000000E-04   1.898949999E+01   2.822846049E+00   1.411423334E+02   0.000000000E+00   1.955639651E+01   2.400000000E+02   1.000000000E+00   1.516704464E+01 
  7.500000000E-04   2.030951068E+01   2.839287909E+00   1.419644268E+02   0.000000000E+00   1.898949999E+01   2.400000000E+02   1.000000000E+00   1.524916267E+01 
  7.600000000E-04   2.162864162E+01   2.836450747E+00   1.418225680E+02   0.000000000E+00   2.030951069E+01   2.400000000E+02   0.000000000E+00   1.533716965E+01 
  7.700000000E-04   2.104956495E+01   2.833616406E+00   1.416808511E+02   0.000000000E+00   2.162864163E+01   2.400000000E+02   0.000000000E+00   1.544980812E+01 
  7.800000000E-04   2.045895083E+01   2.851964041E+00   1.425982331E+02   0.000000000E+00   2.104956495E+01   2.400000000E+02   0.000000000E+00   1.556759357E+01 
  7.900000000E-04   1.985994344E+01   2.869706016E+00   1.434853325E+02   0.000000000E+00   2.045895082E+01   2.400000000E+02   0.000000000E+00   1.567132664E+01 
  8.000000000E-04   1.925002554E+01   2.886987104E+00   1.443493868E+02   0.000000000E+00   1.985994344E+01   2.400000000E+02   1.000000000E+00   1.576108932E+01 
  8.100000000E-04   2.056986260E+01   2.903646752E+00   1.451823695E+02   0.000000000E+00   1.925002554E+01   2.400000000E+02   1.000000000E+00   1.583696747E+01 
  8.200000000E-04   2.188882002E+01   2.900745272E+00   1.450372953E+02   0.000000000E+00   2.056986261E+01   2.400000000E+02   0.000000000E+00   1.591842651E+01 
  8.300000000E-04   2.126668763E+01   2.897846699E+00   1.448923660E+02   0.000000000E+00   2.188882002E+01   2.400000000E+02   0.000000000E+00   1.602464485E+01 
  8.400000000E-04   2.063295911E+01   2.916357857E+00   1.458179247E+02   0.000000000E+00   2.126668762E+01   2.400000000E+02   0.000000000E+00   1.613570786E+01 
  8.500000000E-04   1.999081136E+01   2.934220142E+00   1.467110393E+02   0.000000000E+00   2.063295911E+01   2.400000000E+02   0.000000000E+00   1.623199081E+01 
  8.600000000E-04   1.933773768E+01   2.951589110E+00   1.475794876E+02   0.000000000E+00   1.999081135E+01   2.400000000E+02   1.000000000E+00   1.631358910E+01 
  8.700000000E-04   2.065751628E+01   2.968293423E+00   1.484147035E+02   0.000000000E+00   1.933773768E+01   2.400000000E+02   1.000000000E+00   1.638060188E+01 
  8.800000000E-04   2.197641528E+01   2.965327340E+00   1.482663993E+02   0.000000000E+00   2.065751630E+01   2.400000000E+02   0.000000000E+00   1.645294189E+01 
  8.900000000E-04   2.131123712E+01   2.962364221E+00   1.481182434E+02   0.000000000E+00   2.197641528E+01   2.400000000E+02   0.000000000E+00   1.655022240E+01 
  9.000000000E-04   2.063451913E+01   2.980866185E+00   1.490433418E+02   0.000000000E+00   2.131123711E+01   2.400000000E+02   0.000000000E+00   1.665209389E+01 
  9.100000000E-04   1.994944198E+01   2.998676301E+00   1.499338480E+02   0.000000000E+00   2.063451912E+01   2.400000000E+02   0.000000000E+00   1.673851013E+01 
  9.200000000E-04   1.925353796E+01   3.015960942E+00   1.507980803E+02   0.000000000E+00   1.994944198E+01   2.400000000E+02   1.000000000E+00   1.680957985E+01 
  9.300000000E-04   2.057337268E+01   3.032538167E+00   1.516269416E+02   0.000000000E+00   1.925353796E+01   2.400000000E+02   1.000000000E+00   1.686541748E+01 
  9.400000000E-04   2.189232776E+01   3.029507909E+00   1.514754275E+02   0.000000000E+00   2.057337269E+01   2.400000000E+02   0.000000000E+00   1.692637825E+01 
  9.500000000E-04   2.118457092E+01   3.026480627E+00   1.513240649E+02   0.000000000E+00   2.189232777E+01   2.400000000E+02   0.000000000E+00   1.701250839E+01 
  9.600000000E-04   2.046544371E+01   3.044802583E+00   1.522401626E+02   0.000000000E+00   2.118457092E+01   2.400000000E+02   0.000000000E+00   1.710302734E+01 
  9.700000000E-04   1.973810188E+01   3.062390441E+00   1.531195559E+02   0.000000000E+00   2.046544370E+01   2.400000000E+02   0.000000000E+00   1.717746735E+01 
  9.800000000E-04   1.900014447E+01   3.079421298E+00   1.539710985E+02   0.000000000E+00   1.973810188E+01   2.400000000E+02   1.000000000E+00   1.723595428E+01 
  9.900000000E-04   2.032014807E+01   3.095702830E+00   1.547851757E+02   0.000000000E+00   1.900014446E+01   2.400000000E+02   1.000000000E+00   1.727861786E+01 
  1.000000000E-03   2.163927191E+01   3.092609433E+00   1.546305058E+02   0.000000000E+00   2.032014807E+01   2.400000000E+02   0.000000000E+00   1.732624817E+01 
  1.010000000E-03   2.088985082E+01   3.089519126E+00   1.544759905E+02   0.000000000E+00   2.163927192E+01   2.400000000E+02   0.000000000E+00   1.739931679E+01 
  1.020000000E-03   2.012933896E+01   3.107493988E+00   1.553747331E+02   0.000000000E+00   2.088985082E+01   2.400000000E+02   0.000000000E+00   1.747662163E+01 
  1.030000000E-03   1.936083908E+01   3.124693656E+00   1.562347174E+02   0.000000000E+00   2.012933896E+01   2.400000000E+02   0.000000000E+00   1.753728104E+01 
  1.040000000E-03   1.858204365E+01   3.141305726E+00   1.570653210E+02   0.000000000E+00   1.936083908E+01   2.400000000E+02   1.000000000E+00   1.758143806E+01 
  1.050000000E-03   1.990232591E+01   3.157127935E+00   1.578564315E+02   0.000000000E+00   1.858204365E+01   2.400000000E+02   1.000000000E+00   1.760923767E+01 
  1.060000000E-03   2.122172822E+01   3.153973168E+00   1.576986926E+02   0.000000000E+00   1.990232592E+01   2.400000000E+02   1.000000000E+00   1.764189720E+01 
  1.070000000E-03   2.254047095E+01   3.150821541E+00   1.575411114E+02   0.000000000E+00   2.122172823E+01   2.400000000E+02   0.000000000E+00   1.770030022E+01 
  1.080000000E-03   2.175129200E+01   3.147672274E+00   1.573836482E+02   0.000000000E+00   2.254047095E+01   2.400000000E+02   0.000000000E+00   1.778391647E+01 
  1.090000000E-03   2.095052771E+01   3.166459770E+00   1.583230232E+02   0.000000000E+00   2.175129200E+01   2.400000000E+02   0.000000000E+00   1.787115669E+01 
  1.100000000E-03   2.014142184E+01   3.184431186E+00   1.592215942E+02   0.000000000E+00   2.095052771E+01   2.400000000E+02   0.000000000E+00   1.794075203E+01 
  1.110000000E-03   1.932156765E+01   3.201784025E+00   1.600892367E+02   0.000000000E+00   2.014142184E+01   2.400000000E+02   0.000000000E+00   1.799285698E+01 
  1.120000000E-03   1.849152960E+01   3.218305466E+00   1.609153084E+02   0.000000000E+00   1.932156764E+01   2.400000000E+02   1.000000000E+00   1.802762985E+01 
  1.130000000E-03   1.981187218E+01   3.233985851E+00   1.616993278E+02   0.000000000E+00   1.849152959E+01   2.400000000E+02   1.000000000E+00   1.804520798E+01 
  1.140000000E-03   2.113133478E+01   3.230754288E+00   1.615377489E+02   0.000000000E+00   1.981187218E+01   2.400000000E+02   1.000000000E+00   1.806733704E+01 
  1.150000000E-03   2.245013776E+01   3.227525923E+00   1.613763314E+02   0.000000000E+00   2.113133479E+01   2.400000000E+02   0.000000000E+00   1.811542320E+01 
  1.160000000E-03   2.161005975E+01   3.224300002E+00   1.612150350E+02   0.000000000E+00   2.245013776E+01   2.400000000E+02   0.000000000E+00   1.818892860E+01 
  1.170000000E-03   2.075859216E+01   3.242882499E+00   1.621441601E+02   0.000000000E+00   2.161005974E+01   2.400000000E+02   0.000000000E+00   1.826575279E+01 
  1.180000000E-03   1.989895071E+01   3.260598405E+00   1.630299557E+02   0.000000000E+00   2.075859215E+01   2.400000000E+02   0.000000000E+00   1.832412338E+01 
  1.190000000E-03   1.902880674E+01   3.277658024E+00   1.638829370E+02   0.000000000E+00   1.989895070E+01   2.400000000E+02   1.000000000E+00   1.836421585E+01 
  1.200000000E-03   2.034879123E+01   3.293836137E+00   1.646918428E+02   0.000000000E+00   1.902880673E+01   2.400000000E+02   1.000000000E+00   1.838620949E+01 
  1.210000000E-03   2.166789599E+01   3.290544768E+00   1.645272736E+02   0.000000000E+00   2.034879124E+01   2.400000000E+02   0.000000000E+00   1.841226196E+01 
  1.220000000E-03   2.078682499E+01   3.287256661E+00   1.643628689E+02   0.000000000E+00   2.166789599E+01   2.400000000E+02   0.000000000E+00   1.846418381E+01 
  1.230000000E-03   1.989499482E+01   3.304963833E+00   1.652482276E+02   0.000000000E+00   2.078682498E+01   2.400000000E+02   0.000000000E+00   1.851944733E+01 
  1.240000000E-03   1.899547967E+01   3.321764794E+00   1.660882760E+02   0.000000000E+00   1.989499482E+01   2.400000000E+02   1.000000000E+00   1.855587578E+01 
  1.250000000E-03   2.031548638E+01   3.337880194E+00   1.668940459E+02   0.000000000E+00   1.899547966E+01   2.400000000E+02   1.000000000E+00   1.857366371E+01 
  1.260000000E-03   2.163461333E+01   3.334544786E+00   1.667272761E+02   0.000000000E+00   2.031548638E+01   2.400000000E+02   0.000000000E+00   1.859530067E+01 
  1.270000000E-03   2.072432342E+01   3.331212739E+00   1.665606730E+02   0.000000000E+00   2.163461333E+01   2.400000000E+02   0.000000000E+00   1.864289474E+01 
  1.280000000E-03   1.980337435E+01   3.348820819E+00   1.674410774E+02   0.000000000E+00   2.072432341E+01   2.400000000E+02   0.000000000E+00   1.869362640E+01 
  1.290000000E-03   1.887482730E+01   3.365493669E+00   1.682747203E+02   0.000000000E+00   1.980337434E+01   2.400000000E+02   1.000000000E+00   1.872503090E+01 
  1.300000000E-03   2.019491442E+01   3.381459273E+00   1.690730006E+02   0.000000000E+00   1.887482730E+01   2.400000000E+02   1.000000000E+00   1.873731232E+01 
  1.310000000E-03   2.151412173E+01   3.378080322E+00   1.689040536E+02   0.000000000E+00   2.019491443E+01   2.400000000E+02   0.000000000E+00   1.875326347E+01 
  1.320000000E-03   2.057502342E+01   3.374704761E+00   1.687352753E+02   0.000000000E+00   2.151412174E+01   2.400000000E+02   0.000000000E+00   1.879528809E+01 
  1.330000000E-03   1.962542298E+01   3.392127390E+00   1.696064066E+02   0.000000000E+00   2.057502342E+01   2.400000000E+02   0.000000000E+00   1.884027290E+01 
  1.340000000E-03   1.866835408E+01   3.408586295E+00   1.704293521E+02   0.000000000E+00   1.962542297E+01   2.400000000E+02   1.000000000E+00   1.886547279E+01 
  1.350000000E-03   1.998857881E+01   3.424316709E+00   1.712158731E+02   0.000000000E+00   1.866835408E+01   2.400000000E+02   1.000000000E+00   1.887110138E+01 
  1.360000000E-03   2.130792364E+01   3.420894942E+00   1.710447847E+02   0.000000000E+00   1.998857881E+01   2.400000000E+02   1.000000000E+00   1.888024902E+01 
  1.370000000E-03   2.262660891E+01   3.417476606E+00   1.708738673E+02   0.000000000E+00   2.130792365E+01   2.400000000E+02   0.000000000E+00   1.891560936E+01 
  1.380000000E-03   2.166001805E+01   3.414060814E+00   1.707030780E+02   0.000000000E+00   2.262660891E+01   2.400000000E+02   0.000000000E+00   1.897664261E+01 
  1.390000000E-03   2.068225703E+01   3.432535195E+00   1.716267975E+02   0.000000000E+00   2.166001804E+01   2.400000000E+02   0.000000000E+00   1.903997612E+01 
  1.400000000E-03   1.969653908E+01   3.450016848E+00   1.725008799E+02   0.000000000E+00   2.068225703E+01   2.400000000E+02   0.000000000E+00   1.908259964E+01 
  1.410000000E-03   1.870066347E+01   3.466747835E+00   1.733374298E+02   0.000000000E+00   1.969653907E+01   2.400000000E+02   1.000000000E+00   1.910473633E+01 
  1.420000000E-03   2.002086667E+01   3.482471811E+00   1.741236285E+02   0.000000000E+00   1.870066347E+01   2.400000000E+02   1.000000000E+00   1.910661316E+01 
  1.430000000E-03   2.134018998E+01   3.478991943E+00   1.739496346E+02   0.000000000E+00   2.002086667E+01   2.400000000E+02   0.000000000E+00   1.911169624E+01 
  1.440000000E-03   2.033419350E+01   3.475515541E+00   1.737758145E+02   0.000000000E+00   2.134018997E+01   2.400000000E+02   0.000000000E+00   1.914307213E+01 
  1.450000000E-03   1.931798899E+01   3.492613466E+00   1.746307111E+02   0.000000000E+00   2.033419349E+01   2.400000000E+02   0.000000000E+00   1.917695427E+01 
  1.460000000E-03   1.829456398E+01   3.508681367E+00   1.754341066E+02   0.000000000E+00   1.931798898E+01   2.400000000E+02   1.000000000E+00   1.918993759E+01 
  1.470000000E-03   1.961503783E+01   3.523971294E+00   1.761986032E+02   0.000000000E+00   1.829456397E+01   2.400000000E+02   1.000000000E+00   1.918226433E+01 
  1.480000000E-03   2.093463162E+01   3.520449951E+00   1.760225358E+02   0.000000000E+00   1.961503783E+01   2.400000000E+02   1.000000000E+00   1.917771530E+01 
  1.490000000E-03   2.225356572E+01   3.516932111E+00   1.758466444E+02   0.000000000E+00   2.093463162E+01   2.400000000E+02   0.000000000E+00   1.919965744E+01 
  1.500000000E-03   2.122127701E+01   3.513416928E+00   1.756708848E+02   0.000000000E+00   2.225356572E+01   2.400000000E+02   0.000000000E+00   1.924754715E+01 
  1.510000000E-03   2.017824170E+01   3.531370005E+00   1.765685387E+02   0.000000000E+00   2.122127700E+01   2.400000000E+02   0.000000000E+00   1.929734421E+01 
  1.520000000E-03   1.912759382E+01   3.548265525E+00   1.774133149E+02   0.000000000E+00   2.017824170E+01   2.400000000E+02   0.000000000E+00   1.932539177E+01 
  1.530000000E-03   1.806727570E+01   3.564362103E+00   1.782181442E+02   0.000000000E+00   1.912759382E+01   2.400000000E+02   1.000000000E+00   1.933194160E+01 
  1.540000000E-03   1.938790103E+01   3.579387645E+00   1.789694213E+02   0.000000000E+00   1.806727569E+01   2.400000000E+02   1.000000000E+00   1.931725121E+01 
  1.550000000E-03   2.070764620E+01   3.575810922E+00   1.787905852E+02   0.000000000E+00   1.938790103E+01   2.400000000E+02   1.000000000E+00   1.930545807E+01 
  1.560000000E-03   2.202673161E+01   3.572237773E+00   1.786119277E+02   0.000000000E+00   2.070764621E+01   2.400000000E+02   0.000000000E+00   1.932030487E+01 
  1.570000000E-03   2.095793195E+01   3.568667310E+00   1.784334042E+02   0.000000000E+00   2.202673161E+01   2.400000000E+02   0.000000000E+00   1.936124229E+01 
  1.580000000E-03   1.987863410E+01   3.586311124E+00   1.793155955E+02   0.000000000E+00   2.095793194E+01   2.400000000E+02   0.000000000E+00   1.940386391E+01 
  1.590000000E-03   1.879192477E+01   3.602861398E+00   1.801431095E+02   0.000000000E+00   1.987863409E+01   2.400000000E+02   1.000000000E+00   1.942415237E+01 
  1.600000000E-03   2.011206714E+01   3.618585936E+00   1.809293364E+02   0.000000000E+00   1.879192477E+01   2.400000000E+02   1.000000000E+00   1.942237473E+01 
  1.610000000E-03   2.143132967E+01   3.614970055E+00   1.807485418E+02   0.000000000E+00   2.011206715E+01   2.400000000E+02   0.000000000E+00   1.942296791E+01 
  1.620000000E-03   2.033480869E+01   3.611357769E+00   1.805679279E+02   0.000000000E+00   2.143132967E+01   2.400000000E+02   0.000000000E+00   1.944994164E+01 
  1.630000000E-03   1.922826008E+01   3.628343173E+00   1.814171981E+02   0.000000000E+00   2.033480869E+01   2.400000000E+02   0.000000000E+00   1.947860336E+01 
  1.640000000E-03   1.811466370E+01   3.644208334E+00   1.822104566E+02   0.000000000E+00   1.922826007E+01   2.400000000E+02   1.000000000E+00   1.948466110E+01 
  1.650000000E-03   1.943525746E+01   3.659228057E+00   1.829614429E+02   0.000000000E+00   1.811466370E+01   2.400000000E+02   1.000000000E+00   1.946839714E+01 
  1.660000000E-03   2.075497106E+01   3.655571561E+00   1.827786177E+02   0.000000000E+00   1.943525747E+01   2.400000000E+02   1.000000000E+00   1.945452881E+01 
  1.670000000E-03   2.207402492E+01   3.651918703E+00   1.825959752E+02   0.000000000E+00   2.075497106E+01   2.400000000E+02   0.000000000E+00   1.946734047E+01 
  1.680000000E-03   2.095218653E+01   3.648268589E+00   1.824134696E+02   0.000000000E+00   2.207402493E+01   2.400000000E+02   0.000000000E+00   1.950628281E+01 
  1.690000000E-03   1.981995973E+01   3.665840367E+00   1.832920587E+02   0.000000000E+00   2.095218653E+01   2.400000000E+02   0.000000000E+00   1.954641914E+01 
  1.700000000E-03   1.868042569E+01   3.682265763E+00   1.841133283E+02   0.000000000E+00   1.981995972E+01   2.400000000E+02   1.000000000E+00   1.956321144E+01 
  1.710000000E-03   2.000064237E+01   3.697825889E+00   1.848913347E+02   0.000000000E+00   1.868042568E+01   2.400000000E+02   1.000000000E+00   1.955695152E+01 
  1.720000000E-03   2.131997916E+01   3.694130825E+00   1.847065811E+02   0.000000000E+00   2.000064238E+01   2.400000000E+02   0.000000000E+00   1.955262375E+01 
  1.730000000E-03   2.017095023E+01   3.690439428E+00   1.845220121E+02   0.000000000E+00   2.131997917E+01   2.400000000E+02   0.000000000E+00   1.957477760E+01 
  1.740000000E-03   1.901210773E+01   3.707195177E+00   1.853597994E+02   0.000000000E+00   2.017095022E+01   2.400000000E+02   0.000000000E+00   1.959819221E+01 
  1.750000000E-03   1.784639954E+01   3.722778601E+00   1.861389710E+02   0.000000000E+00   1.901210773E+01   2.400000000E+02   1.000000000E+00   1.959805870E+01 
  1.760000000E-03   1.916717209E+01   3.737477705E+00   1.868739264E+02   0.000000000E+00   1.784639954E+01   2.400000000E+02   1.000000000E+00   1.957468224E+01 
  1.770000000E-03   2.048706437E+01   3.733743014E+00   1.866871916E+02   0.000000000E+00   1.916717208E+01   2.400000000E+02   1.000000000E+00   1.955332375E+01 
  1.780000000E-03   2.180629681E+01   3.730012054E+00   1.865006435E+02   0.000000000E+00   2.048706438E+01   2.400000000E+02   0.000000000E+00   1.955879974E+01 
  1.790000000E-03   2.063284253E+01   3.726283893E+00   1.863142351E+02   0.000000000E+00   2.180629683E+01   2.400000000E+02   0.000000000E+00   1.959055710E+01 
  1.800000000E-03   1.944931572E+01   3.743471474E+00   1.871736148E+02   0.000000000E+00   2.063284253E+01   2.400000000E+02   0.000000000E+00   1.962313652E+01 
  1.810000000E-03   1.825873957E+01   3.759461713E+00   1.879731270E+02   0.000000000E+00   1.944931571E+01   2.400000000E+02   1.000000000E+00   1.963149452E+01 
  1.820000000E-03   1.957923730E+01   3.774548723E+00   1.887274772E+02   0.000000000E+00   1.825873957E+01   2.400000000E+02   1.000000000E+00   1.961594582E+01 
  1.830000000E-03   2.089885495E+01   3.770776971E+00   1.885388902E+02   0.000000000E+00   1.957923730E+01   2.400000000E+02   1.000000000E+00   1.960200691E+01 
  1.840000000E-03   2.221781290E+01   3.767009005E+00   1.883504917E+02   0.000000000E+00   2.089885496E+01   2.400000000E+02   0.000000000E+00   1.961474800E+01 
  1.850000000E-03   2.101927795E+01   3.763243868E+00   1.881622345E+02   0.000000000E+00   2.221781290E+01   2.400000000E+02   0.000000000E+00   1.965361977E+01 
  1.860000000E-03   1.981046307E+01   3.780786948E+00   1.890393887E+02   0.000000000E+00   2.101927794E+01   2.400000000E+02   0.000000000E+00   1.969291878E+01 
  1.870000000E-03   1.859445412E+01   3.797107105E+00   1.898553967E+02   0.000000000E+00   1.981046307E+01   2.400000000E+02   1.000000000E+00   1.970735741E+01 
  1.880000000E-03   1.991472810E+01   3.812504730E+00   1.906252784E+02   0.000000000E+00   1.859445412E+01   2.400000000E+02   1.000000000E+00   1.969725990E+01 
  1.890000000E-03   2.123412215E+01   3.808695070E+00   1.904347951E+02   0.000000000E+00   1.991472810E+01   2.400000000E+02   1.000000000E+00   1.968840599E+01 
  1.900000000E-03   2.255285661E+01   3.804889204E+00   1.902445021E+02   0.000000000E+00   2.123412216E+01   2.400000000E+02   0.000000000E+00   1.970612717E+01 
  1.910000000E-03   2.132874282E+01   3.801086223E+00   1.900543518E+02   0.000000000E+00   2.255285662E+01   2.400000000E+02   0.000000000E+00   1.974987411E+01 
  1.920000000E-03   2.009419400E+01   3.818907096E+00   1.909453968E+02   0.000000000E+00   2.132874282E+01   2.400000000E+02   0.000000000E+00   1.979369354E+01 
  1.930000000E-03   1.885234567E+01   3.835479113E+00   1.917739980E+02   0.000000000E+00   2.009419399E+01   2.400000000E+02   0.000000000E+00   1.981204987E+01 
  1.940000000E-03   1.760132899E+01   3.851109071E+00   1.925554958E+02   0.000000000E+00   1.885234566E+01   2.400000000E+02   1.000000000E+00   1.980527496E+01 
  1.950000000E-03   1.892226487E+01   3.865477602E+00   1.932739221E+02   0.000000000E+00   1.760132898E+01   2.400000000E+02   1.000000000E+00   1.977370644E+01 
  1.960000000E-03   2.024232037E+01   3.861614999E+00   1.930807921E+02   0.000000000E+00   1.892226487E+01   2.400000000E+02   1.000000000E+00   1.974346733E+01 
  1.970000000E-03   2.156171596E+01   3.857756255E+00   1.928878551E+02   0.000000000E+00   2.024232039E+01   2.400000000E+02   0.000000000E+00   1.974024391E+01 
  1.980000000E-03   2.030360362E+01   3.853900424E+00   1.926950627E+02   0.000000000E+00   2.156171597E+01   2.400000000E+02   0.000000000E+00   1.976347923E+01 
  1.990000000E-03   1.903580721E+01   3.870652613E+00   1.935326727E+02   0.000000000E+00   2.030360361E+01   2.400000000E+02   0.000000000E+00   1.978686333E+01 
  2.000000000E-03   1.776128747E+01   3.886123579E+00   1.943062217E+02   0.000000000E+00   1.903580720E+01   2.400000000E+02   1.000000000E+00   1.978452110E+01 
  2.010000000E-03   1.908211675E+01   3.900628734E+00   1.950314792E+02   0.000000000E+00   1.776128747E+01   2.400000000E+02   1.000000000E+00   1.975680161E+01 
  2.020000000E-03   2.040206571E+01   3.896731016E+00   1.948365930E+02   0.000000000E+00   1.908211675E+01   2.400000000E+02   1.000000000E+00   1.973009872E+01 
  2.030000000E-03   2.172135482E+01   3.892837171E+00   1.946419015E+02   0.000000000E+00   2.040206572E+01   2.400000000E+02   0.000000000E+00   1.973033905E+01 
  2.040000000E-03   2.043972944E+01   3.888946267E+00   1.944473560E+02   0.000000000E+00   2.172135483E+01   2.400000000E+02   0.000000000E+00   1.975696564E+01 
  2.050000000E-03   1.914837628E+01   3.905805343E+00   1.952903099E+02   0.000000000E+00   2.043972944E+01   2.400000000E+02   0.000000000E+00   1.978343773E+01 
  2.060000000E-03   1.785027684E+01   3.921359564E+00   1.960680211E+02   0.000000000E+00   1.914837627E+01   2.400000000E+02   1.000000000E+00   1.978364944E+01 
  2.070000000E-03   1.917104681E+01   3.935930216E+00   1.967965542E+02   0.000000000E+00   1.785027683E+01   2.400000000E+02   1.000000000E+00   1.975796318E+01 
  2.080000000E-03   2.049093650E+01   3.931997227E+00   1.965999042E+02   0.000000000E+00   1.917104682E+01   2.400000000E+02   1.000000000E+00   1.973301697E+01 
  2.090000000E-03   2.181016637E+01   3.928068168E+00   1.964034507E+02   0.000000000E+00   2.049093651E+01   2.400000000E+02   0.000000000E+00   1.973497581E+01 
  2.100000000E-03   2.050501074E+01   3.924142035E+00   1.962071445E+02   0.000000000E+00   2.181016637E+01   2.400000000E+02   0.000000000E+00   1.976328659E+01 
  2.110000000E-03   1.919013083E+01   3.941037043E+00   1.970518954E+02   0.000000000E+00   2.050501072E+01   2.400000000E+02   0.000000000E+00   1.979117203E+01 
  2.120000000E-03   1.786851707E+01   3.956603656E+00   1.978302262E+02   0.000000000E+00   1.919013083E+01   2.400000000E+02   1.000000000E+00   1.979229927E+01 
  2.130000000E-03   1.918927488E+01   3.971169072E+00   1.985584971E+02   0.000000000E+00   1.786851706E+01   2.400000000E+02   1.000000000E+00   1.976704025E+01 
  2.140000000E-03   2.050915243E+01   3.967200868E+00   1.983600865E+02   0.000000000E+00   1.918927488E+01   2.400000000E+02   1.000000000E+00   1.974227715E+01 
  2.150000000E-03   2.182837015E+01   3.963236608E+00   1.981618741E+02   0.000000000E+00   2.050915244E+01   2.400000000E+02   0.000000000E+00   1.974441528E+01 
  2.160000000E-03   2.049980814E+01   3.959275347E+00   1.979638103E+02   0.000000000E+00   2.182837015E+01   2.400000000E+02   0.000000000E+00   1.977290154E+01 
  2.170000000E-03   1.916157206E+01   3.976135893E+00   1.988068382E+02   0.000000000E+00   2.049980813E+01   2.400000000E+02   0.000000000E+00   1.980072594E+01 
  2.180000000E-03   1.781664947E+01   3.991644732E+00   1.995822799E+02   0.000000000E+00   1.916157206E+01   2.400000000E+02   1.000000000E+00   1.980132484E+01 
  2.190000000E-03   1.913744185E+01   4.006134915E+00   2.003067900E+02   0.000000000E+00   1.781664947E+01   2.400000000E+02   1.000000000E+00   1.977507973E+01 
  2.200000000E-03   2.045735394E+01   4.002131774E+00   2.001066324E+02   0.000000000E+00   1.913744185E+01   2.400000000E+02   1.000000000E+00   1.974911880E+01 
  2.210000000E-03   2.177660619E+01   3.998132627E+00   1.999066748E+02   0.000000000E+00   2.045735395E+01   2.400000000E+02   0.000000000E+00   1.975008392E+01 
  2.220000000E-03   2.042490052E+01   3.994136463E+00   1.997068670E+02   0.000000000E+00   2.177660620E+01   2.400000000E+02   0.000000000E+00   1.977742195E+01 
  2.230000000E-03   1.906361692E+01   4.010893107E+00   2.005446993E+02   0.000000000E+00   2.042490051E+01   2.400000000E+02   0.000000000E+00   1.980388832E+01 
  2.240000000E-03   1.769572840E+01   4.026275079E+00   2.013137979E+02   0.000000000E+00   1.906361692E+01   2.400000000E+02   1.000000000E+00   1.980269623E+01 
  2.250000000E-03   1.901660137E+01   4.040621278E+00   2.020311081E+02   0.000000000E+00   1.769572839E+01   2.400000000E+02   1.000000000E+00   1.977423668E+01 
  2.260000000E-03   2.033659400E+01   4.036583675E+00   2.018292274E+02   0.000000000E+00   1.901660137E+01   2.400000000E+02   1.000000000E+00   1.974587440E+01 
  2.270000000E-03   2.165592675E+01   4.032550095E+00   2.016275485E+02   0.000000000E+00   2.033659401E+01   2.400000000E+02   0.000000000E+00   1.974448967E+01 
  2.280000000E-03   2.028147594E+01   4.028519541E+00   2.014260208E+02   0.000000000E+00   2.165592676E+01   2.400000000E+02   0.000000000E+00   1.976952553E+01 
  2.290000000E-03   1.889758819E+01   4.045104177E+00   2.022552529E+02   0.000000000E+00   2.028147593E+01   2.400000000E+02   0.000000000E+00   1.979350853E+01 
  2.300000000E-03   1.750721054E+01   4.060291673E+00   2.030146288E+02   0.000000000E+00   1.889758819E+01   2.400000000E+02   1.000000000E+00   1.978942871E+01 
  2.310000000E-03   1.882820915E+01   4.074426698E+00   2.037213798E+02   0.000000000E+00   1.750721053E+01   2.400000000E+02   1.000000000E+00   1.975768852E+01 
  2.320000000E-03   2.014832734E+01   4.070355317E+00   2.035178101E+02   0.000000000E+00   1.882820915E+01   2.400000000E+02   1.000000000E+00   1.972588921E+01 
  2.330000000E-03   2.146778558E+01   4.066288000E+00   2.033144439E+02   0.000000000E+00   2.014832734E+01   2.400000000E+02   0.000000000E+00   1.972113609E+01 
  2.340000000E-03   2.007112014E+01   4.062223724E+00   2.031112301E+02   0.000000000E+00   2.146778559E+01   2.400000000E+02   0.000000000E+00   1.974287415E+01 
  2.350000000E-03   1.866520231E+01   4.078570015E+00   2.039285452E+02   0.000000000E+00   2.007112013E+01   2.400000000E+02   0.000000000E+00   1.976340485E+01 
  2.360000000E-03   1.725294191E+01   4.093497367E+00   2.046749129E+02   0.000000000E+00   1.866520229E+01   2.400000000E+02   1.000000000E+00   1.975550079E+01 
  2.370000000E-03   1.857410999E+01   4.107355977E+00   2.053678442E+02   0.000000000E+00   1.725294192E+01   2.400000000E+02   1.000000000E+00   1.971957207E+01 
  2.380000000E-03   1.989439753E+01   4.103251698E+00   2.051626293E+02   0.000000000E+00   1.857411000E+01   2.400000000E+02   1.000000000E+00   1.968345070E+01 
  2.390000000E-03   2.121402504E+01   4.099151496E+00   2.049576194E+02   0.000000000E+00   1.989439752E+01   2.400000000E+02   1.000000000E+00   1.967446709E+01 
  2.400000000E-03   2.253277290E+01   4.095054365E+00   2.047527633E+02   0.000000000E+00   2.121402505E+01   2.400000000E+02   0.000000000E+00   1.969206238E+01 
  2.410000000E-03   2.111573803E+01   4.090961340E+00   2.045481119E+02   0.000000000E+00   2.253277290E+01   2.400000000E+02   0.000000000E+00   1.973568916E+01 
  2.420000000E-03   1.968879541E+01   4.108327886E+00   2.054164393E+02   0.000000000E+00   2.111573802E+01   2.400000000E+02   0.000000000E+00   1.977746010E+01 
  2.430000000E-03   1.825502827E+01   4.124253621E+00   2.062127262E+02   0.000000000E+00   1.968879540E+01   2.400000000E+02   1.000000000E+00   1.978995705E+01 
  2.440000000E-03   1.957552847E+01   4.139093832E+00   2.069547371E+02   0.000000000E+00   1.825502825E+01   2.400000000E+02   1.000000000E+00   1.977359581E+01 
  2.450000000E-03   2.089514859E+01   4.134957834E+00   2.067479364E+02   0.000000000E+00   1.957552847E+01   2.400000000E+02   1.000000000E+00   1.975642967E+01 
  2.460000000E-03   2.221410901E+01   4.130825957E+00   2.065413425E+02   0.000000000E+00   2.089514859E+01   2.400000000E+02   0.000000000E+00   1.976600838E+01 
  2.470000000E-03   2.077365935E+01   4.126697178E+00   2.063349034E+02   0.000000000E+00   2.221410901E+01   2.400000000E+02   0.000000000E+00   1.980178070E+01 
  2.480000000E-03   1.932357665E+01   4.143692010E+00   2.071846458E+02   0.000000000E+00   2.077365936E+01   2.400000000E+02   0.000000000E+00   1.983562279E+01 
  2.490000000E-03   1.786688476E+01   4.159223224E+00   2.079612066E+02   0.000000000E+00   1.932357665E+01   2.400000000E+02   1.000000000E+00   1.983988190E+01 
  2.500000000E-03   1.918764366E+01   4.173651988E+00   2.086826452E+02   0.000000000E+00   1.786688475E+01   2.400000000E+02   1.000000000E+00   1.981498909E+01 
  2.510000000E-03   2.050752229E+01   4.169481457E+00   2.084741180E+02   0.000000000E+00   1.918764366E+01   2.400000000E+02   1.000000000E+00   1.978923416E+01 
  2.520000000E-03   2.182674110E+01   4.165315076E+00   2.082657991E+02   0.000000000E+00   2.050752229E+01   2.400000000E+02   0.000000000E+00   1.979040146E+01 
  2.530000000E-03   2.036380950E+01   4.161151821E+00   2.080576364E+02   0.000000000E+00   2.182674110E+01   2.400000000E+02   0.000000000E+00   1.981793594E+01 
  2.540000000E-03   1.889156285E+01   4.177708291E+00   2.088854601E+02   0.000000000E+00   2.036380950E+01   2.400000000E+02   0.000000000E+00   1.984348297E+01 
  2.550000000E-03   1.741295435E+01   4.192779343E+00   2.096390126E+02   0.000000000E+00   1.889156285E+01   2.400000000E+02   1.000000000E+00   1.983916664E+01 
  2.560000000E-03   1.873401578E+01   4.206731816E+00   2.103366367E+02   0.000000000E+00   1.741295435E+01   2.400000000E+02   1.000000000E+00   1.980542755E+01 
  2.570000000E-03   2.005419675E+01   4.202528217E+00   2.101264567E+02   0.000000000E+00   1.873401578E+01   2.400000000E+02   1.000000000E+00   1.977078819E+01 
  2.580000000E-03   2.137371774E+01   4.198328810E+00   2.099164867E+02   0.000000000E+00   2.005419677E+01   2.400000000E+02   0.000000000E+00   1.976325417E+01 
  2.590000000E-03   1.988936178E+01   4.194132572E+00   2.097066741E+02   0.000000000E+00   2.137371774E+01   2.400000000E+02   0.000000000E+00   1.978226852E+01 
  2.600000000E-03   1.839604969E+01   4.210187313E+00   2.105094118E+02   0.000000000E+00   1.988936177E+01   2.400000000E+02   1.000000000E+00   1.979925346E+01 
  2.610000000E-03   1.971645590E+01   4.224735989E+00   2.112368464E+02   0.000000000E+00   1.839604968E+01   2.400000000E+02   1.000000000E+00   1.978612328E+01 
  2.620000000E-03   2.103598210E+01   4.220514427E+00   2.110257669E+02   0.000000000E+00   1.971645592E+01   2.400000000E+02   1.000000000E+00   1.977152634E+01 
  2.630000000E-03   2.235484864E+01   4.216297043E+00   2.108148983E+02   0.000000000E+00   2.103598210E+01   2.400000000E+02   0.000000000E+00   1.978362083E+01 
  2.640000000E-03   2.085740118E+01   4.212082843E+00   2.106041877E+02   0.000000000E+00   2.235484864E+01   2.400000000E+02   0.000000000E+00   1.982185745E+01 
  2.650000000E-03   1.935037873E+01   4.229090266E+00   2.114545597E+02   0.000000000E+00   2.085740117E+01   2.400000000E+02   0.000000000E+00   1.985754204E+01 
  2.660000000E-03   1.783681429E+01   4.244577141E+00   2.122289036E+02   0.000000000E+00   1.935037874E+01   2.400000000E+02   1.000000000E+00   1.986246872E+01 
  2.670000000E-03   1.915759322E+01   4.258918977E+00   2.129459950E+02   0.000000000E+00   1.783681428E+01   2.400000000E+02   1.000000000E+00   1.983709145E+01 
  2.680000000E-03   2.047749189E+01   4.254663224E+00   2.127332076E+02   0.000000000E+00   1.915759323E+01   2.400000000E+02   1.000000000E+00   1.981029320E+01 
  2.690000000E-03   2.179673071E+01   4.250411720E+00   2.125206328E+02   0.000000000E+00   2.047749189E+01   2.400000000E+02   0.000000000E+00   1.981043816E+01 
  2.700000000E-03   2.027724932E+01   4.246163414E+00   2.123082173E+02   0.000000000E+00   2.179673072E+01   2.400000000E+02   0.000000000E+00   1.983697128E+01 
  2.710000000E-03   1.874862350E+01   4.262562570E+00   2.131281745E+02   0.000000000E+00   2.027724931E+01   2.400000000E+02   0.000000000E+00   1.986097145E+01 
  2.720000000E-03   1.721378710E+01   4.277420061E+00   2.138710493E+02   0.000000000E+00   1.874862350E+01   2.400000000E+02   1.000000000E+00   1.985401154E+01 
  2.730000000E-03   1.853498127E+01   4.291116966E+00   2.145558951E+02   0.000000000E+00   1.721378709E+01   2.400000000E+02   1.000000000E+00   1.981655502E+01 
  2.740000000E-03   1.985529490E+01   4.286829039E+00   2.143414989E+02   0.000000000E+00   1.853498128E+01   2.400000000E+02   1.000000000E+00   1.977771187E+01 
  2.750000000E-03   2.117494847E+01   4.282545419E+00   2.141273171E+02   0.000000000E+00   1.985529489E+01   2.400000000E+02   1.000000000E+00   1.976605988E+01 
  2.760000000E-03   2.249372238E+01   4.278264967E+00   2.139132957E+02   0.000000000E+00   2.117494847E+01   2.400000000E+02   0.000000000E+00   1.978104019E+01 
  2.770000000E-03   2.095490766E+01   4.273988836E+00   2.136994883E+02   0.000000000E+00   2.249372240E+01   2.400000000E+02   0.000000000E+00   1.982210541E+01 
  2.780000000E-03   1.940653560E+01   4.291042160E+00   2.145521555E+02   0.000000000E+00   2.095490765E+01   2.400000000E+02   0.000000000E+00   1.986014938E+01 
  2.790000000E-03   1.785165200E+01   4.306533569E+00   2.153267262E+02   0.000000000E+00   1.940653560E+01   2.400000000E+02   1.000000000E+00   1.986655998E+01 
  2.800000000E-03   1.917242105E+01   4.320848959E+00   2.160424952E+02   0.000000000E+00   1.785165200E+01   2.400000000E+02   1.000000000E+00   1.984181023E+01 
  2.810000000E-03   2.049230983E+01   4.316531331E+00   2.158266136E+02   0.000000000E+00   1.917242106E+01   2.400000000E+02   1.000000000E+00   1.981521416E+01 
  2.820000000E-03   2.181153878E+01   4.312218024E+00   2.156109477E+02   0.000000000E+00   2.049230984E+01   2.400000000E+02   0.000000000E+00   1.981555748E+01 
  2.830000000E-03   2.025094221E+01   4.307907929E+00   2.153954435E+02   0.000000000E+00   2.181153877E+01   2.400000000E+02   0.000000000E+00   1.984228516E+01 
  2.840000000E-03   1.868130088E+01   4.324229351E+00   2.162115145E+02   0.000000000E+00   2.025094220E+01   2.400000000E+02   0.000000000E+00   1.986606407E+01 
  2.850000000E-03   1.710554067E+01   4.338968168E+00   2.169484565E+02   0.000000000E+00   1.868130087E+01   2.400000000E+02   1.000000000E+00   1.985806465E+01 
  2.860000000E-03   1.842680699E+01   4.352515830E+00   2.176258393E+02   0.000000000E+00   1.710554068E+01   2.400000000E+02   1.000000000E+00   1.981877136E+01 
  2.870000000E-03   1.974719271E+01   4.348166570E+00   2.174083756E+02   0.000000000E+00   1.842680699E+01   2.400000000E+02   1.000000000E+00   1.977771950E+01 
  2.880000000E-03   2.106691834E+01   4.343821630E+00   2.171911291E+02   0.000000000E+00   1.974719271E+01   2.400000000E+02   1.000000000E+00   1.976390457E+01 
  2.890000000E-03   2.238576426E+01   4.339479958E+00   2.169740455E+02   0.000000000E+00   2.106691835E+01   2.400000000E+02   0.000000000E+00   1.977676773E+01 
  2.900000000E-03   2.080637064E+01   4.335142620E+00   2.167571788E+02   0.000000000E+00   2.238576427E+01   2.400000000E+02   0.000000000E+00   1.981575966E+01 
  2.910000000E-03   1.921759973E+01   4.351996552E+00   2.175998755E+02   0.000000000E+00   2.080637064E+01   2.400000000E+02   0.000000000E+00   1.985136604E+01 
  2.920000000E-03   1.762246889E+01   4.367248351E+00   2.183624649E+02   0.000000000E+00   1.921759973E+01   2.400000000E+02   1.000000000E+00   1.985457802E+01 
  2.930000000E-03   1.894339068E+01   4.381294076E+00   2.190647520E+02   0.000000000E+00   1.762246889E+01   2.400000000E+02   1.000000000E+00   1.982588768E+01 
  2.940000000E-03   2.026343211E+01   4.376916053E+00   2.188458504E+02   0.000000000E+00   1.894339069E+01   2.400000000E+02   1.000000000E+00   1.979502869E+01 
  2.950000000E-03   2.158281362E+01   4.372542392E+00   2.186271675E+02   0.000000000E+00   2.026343212E+01   2.400000000E+02   0.000000000E+00   1.979119682E+01 
  2.960000000E-03   1.998237113E+01   4.368172014E+00   2.184086485E+02   0.000000000E+00   2.158281363E+01   2.400000000E+02   0.000000000E+00   1.981383514E+01 
  2.970000000E-03   1.837314241E+01   4.384174773E+00   2.192087869E+02   0.000000000E+00   1.998237113E+01   2.400000000E+02   1.000000000E+00   1.983320999E+01 
  2.980000000E-03   1.969356390E+01   4.398555646E+00   2.199278310E+02   0.000000000E+00   1.837314241E+01   2.400000000E+02   1.000000000E+00   1.982010078E+01 
  2.990000000E-03   2.101310535E+01   4.394160371E+00   2.197080669E+02   0.000000000E+00   1.969356391E+01   2.400000000E+02   1.000000000E+00   1.980436516E+01 
  3.000000000E-03   2.233198714E+01   4.389769487E+00   2.194885225E+02   0.000000000E+00   2.101310535E+01   2.400000000E+02   0.000000000E+00   1.981534386E+01 
  3.010000000E-03   2.071921632E+01   4.385381899E+00   2.192691426E+02   0.000000000E+00   2.233198714E+01   2.400000000E+02   0.000000000E+00   1.985248756E+01 
  3.020000000E-03   1.909719295E+01   4.402106867E+00   2.201053912E+02   0.000000000E+00   2.071921631E+01   2.400000000E+02   0.000000000E+00   1.988595009E+01 
  3.030000000E-03   1.746891692E+01   4.417196550E+00   2.208598759E+02   0.000000000E+00   1.909719295E+01   2.400000000E+02   1.000000000E+00   1.988639450E+01 
  3.040000000E-03   1.878994105E+01   4.431055459E+00   2.215528212E+02   0.000000000E+00   1.746891692E+01   2.400000000E+02   1.000000000E+00   1.985432816E+01 
  3.050000000E-03   2.011008475E+01   4.426627697E+00   2.213314334E+02   0.000000000E+00   1.878994107E+01   2.400000000E+02   1.000000000E+00   1.981982994E+01 
  3.060000000E-03   2.142956848E+01   4.422204384E+00   2.211102668E+02   0.000000000E+00   2.011008476E+01   2.400000000E+02   0.000000000E+00   1.981243324E+01 
  3.070000000E-03   1.979628202E+01   4.417784339E+00   2.208892660E+02   0.000000000E+00   2.142956849E+01   2.400000000E+02   0.000000000E+00   1.983158112E+01 
  3.080000000E-03   1.815439893E+01   4.433559781E+00   2.216780377E+02   0.000000000E+00   1.979628202E+01   2.400000000E+02   1.000000000E+00   1.984720802E+01 
  3.090000000E-03   1.947496620E+01   4.447680865E+00   2.223840925E+02   0.000000000E+00   1.815439892E+01   2.400000000E+02   1.000000000E+00   1.982977104E+01 
  3.100000000E-03   2.079465334E+01   4.443236520E+00   2.221618740E+02   0.000000000E+00   1.947496621E+01   2.400000000E+02   1.000000000E+00   1.980946922E+01 
  3.110000000E-03   2.211368075E+01   4.438796594E+00   2.219398776E+02   0.000000000E+00   2.079465335E+01   2.400000000E+02   0.000000000E+00   1.981597519E+01 
  3.120000000E-03   2.046856396E+01   4.434359994E+00   2.217180476E+02   0.000000000E+00   2.211368076E+01   2.400000000E+02   0.000000000E+00   1.984873962E+01 
  3.130000000E-03   1.881442624E+01   4.450793611E+00   2.225397291E+02   0.000000000E+00   2.046856396E+01   2.400000000E+02   0.000000000E+00   1.987758636E+01 
  3.140000000E-03   1.715422267E+01   4.465560096E+00   2.232780538E+02   0.000000000E+00   1.881442623E+01   2.400000000E+02   1.000000000E+00   1.987286377E+01 
  3.150000000E-03   1.847545654E+01   4.479072089E+00   2.239536531E+02   0.000000000E+00   1.715422268E+01   2.400000000E+02   1.000000000E+00   1.983509254E+01 
  3.160000000E-03   1.979580984E+01   4.474596352E+00   2.237298663E+02   0.000000000E+00   1.847545656E+01   2.400000000E+02   1.000000000E+00   1.979468727E+01 
  3.170000000E-03   2.111550307E+01   4.470125091E+00   2.235063030E+02   0.000000000E+00   1.979580985E+01   2.400000000E+02   1.000000000E+00   1.978150558E+01 
  3.180000000E-03   2.243431660E+01   4.465657184E+00   2.232829073E+02   0.000000000E+00   2.111550307E+01   2.400000000E+02   0.000000000E+00   1.979498863E+01 
  3.190000000E-03   2.077096522E+01   4.461193726E+00   2.230597350E+02   0.000000000E+00   2.243431661E+01   2.400000000E+02   0.000000000E+00   1.983458710E+01 
  3.200000000E-03   1.909842783E+01   4.477907268E+00   2.238954128E+02   0.000000000E+00   2.077096522E+01   2.400000000E+02   0.000000000E+00   1.986994743E+01 
  3.210000000E-03   1.741970867E+01   4.492935062E+00   2.246468025E+02   0.000000000E+00   1.909842783E+01   2.400000000E+02   1.000000000E+00   1.987124252E+01 
  3.220000000E-03   1.874076560E+01   4.506694296E+00   2.253347641E+02   0.000000000E+00   1.741970866E+01   2.400000000E+02   1.000000000E+00   1.983899879E+01 
  3.230000000E-03   2.006094207E+01   4.502190961E+00   2.251095971E+02   0.000000000E+00   1.874076561E+01   2.400000000E+02   1.000000000E+00   1.980382347E+01 
  3.240000000E-03   2.138045856E+01   4.497692117E+00   2.248846551E+02   0.000000000E+00   2.006094208E+01   2.400000000E+02   0.000000000E+00   1.979576492E+01 
  3.250000000E-03   1.969703397E+01   4.493196656E+00   2.246598818E+02   0.000000000E+00   2.138045856E+01   2.400000000E+02   0.000000000E+00   1.981426430E+01 
  3.260000000E-03   1.800517904E+01   4.508810079E+00   2.254405527E+02   0.000000000E+00   1.969703398E+01   2.400000000E+02   1.000000000E+00   1.982875443E+01 
  3.270000000E-03   1.932584577E+01   4.522719337E+00   2.261360158E+02   0.000000000E+00   1.800517903E+01   2.400000000E+02   1.000000000E+00   1.980920219E+01 
  3.280000000E-03   2.064563229E+01   4.518199987E+00   2.259100482E+02   0.000000000E+00   1.932584578E+01   2.400000000E+02   1.000000000E+00   1.978632927E+01 
  3.290000000E-03   2.196475904E+01   4.513685155E+00   2.256843064E+02   0.000000000E+00   2.064563230E+01   2.400000000E+02   0.000000000E+00   1.979031754E+01 
  3.300000000E-03   2.027001890E+01   4.509173692E+00   2.254587338E+02   0.000000000E+00   2.196475904E+01   2.400000000E+02   0.000000000E+00   1.982061577E+01 
  3.310000000E-03   1.856648923E+01   4.525346540E+00   2.262673766E+02   0.000000000E+00   2.027001889E+01   2.400000000E+02   0.000000000E+00   1.984655190E+01 
  3.320000000E-03   1.685708759E+01   4.539803101E+00   2.269902049E+02   0.000000000E+00   1.856648923E+01   2.400000000E+02   1.000000000E+00   1.983798599E+01 
  3.330000000E-03   1.817851949E+01   4.552968491E+00   2.276484739E+02   0.000000000E+00   1.685708757E+01   2.400000000E+02   1.000000000E+00   1.979546165E+01 
  3.340000000E-03   1.949907069E+01   4.548418900E+00   2.274209950E+02   0.000000000E+00   1.817851950E+01   2.400000000E+02   1.000000000E+00   1.974990845E+01 
  3.350000000E-03   2.081896172E+01   4.543873871E+00   2.271937433E+02   0.000000000E+00   1.949907069E+01   2.400000000E+02   1.000000000E+00   1.973168564E+01 
  3.360000000E-03   2.213797292E+01   4.539332252E+00   2.269666620E+02   0.000000000E+00   2.081896173E+01   2.400000000E+02   0.000000000E+00   1.974023247E+01 
  3.370000000E-03   2.042597692E+01   4.534795167E+00   2.267398077E+02   0.000000000E+00   2.213797292E+01   2.400000000E+02   0.000000000E+00   1.977499771E+01 
  3.380000000E-03   1.870512195E+01   4.551102563E+00   2.275551782E+02   0.000000000E+00   2.042597693E+01   2.400000000E+02   0.000000000E+00   1.980513763E+01 
  3.390000000E-03   1.697835021E+01   4.565676264E+00   2.282838626E+02   0.000000000E+00   1.870512195E+01   2.400000000E+02   1.000000000E+00   1.980034637E+01 
  3.400000000E-03   1.829970129E+01   4.578945635E+00   2.289473327E+02   0.000000000E+00   1.697835020E+01   2.400000000E+02   1.000000000E+00   1.976117325E+01 
  3.410000000E-03   1.962017172E+01   4.574370138E+00   2.287185559E+02   0.000000000E+00   1.829970131E+01   2.400000000E+02   1.000000000E+00   1.971873093E+01 
  3.420000000E-03   2.093998203E+01   4.569799160E+00   2.284900077E+02   0.000000000E+00   1.962017173E+01   2.400000000E+02   1.000000000E+00   1.970355415E+01 
  3.430000000E-03   2.225891256E+01   4.565231620E+00   2.282616308E+02   0.000000000E+00   2.093998204E+01   2.400000000E+02   0.000000000E+00   1.971508408E+01 
  3.440000000E-03   2.052955389E+01   4.560668657E+00   2.280334821E+02   0.000000000E+00   2.225891258E+01   2.400000000E+02   0.000000000E+00   1.975277138E+01 
  3.450000000E-03   1.879130191E+01   4.577058036E+00   2.288529518E+02   0.000000000E+00   2.052955388E+01   2.400000000E+02   0.000000000E+00   1.978560066E+01 
  3.460000000E-03   1.704711470E+01   4.591696239E+00   2.295848625E+02   0.000000000E+00   1.879130190E+01   2.400000000E+02   1.000000000E+00   1.978309631E+01 
  3.470000000E-03   1.836841995E+01   4.605017082E+00   2.302509040E+02   0.000000000E+00   1.704711470E+01   2.400000000E+02   1.000000000E+00   1.974581909E+01 
  3.480000000E-03   1.968884458E+01   4.600415480E+00   2.300208245E+02   0.000000000E+00   1.836841996E+01   2.400000000E+02   1.000000000E+00   1.970505714E+01 
  3.490000000E-03   2.100860911E+01   4.595818496E+00   2.297909750E+02   0.000000000E+00   1.968884460E+01   2.400000000E+02   1.000000000E+00   1.969152832E+01 
  3.500000000E-03   2.232749390E+01   4.591224950E+00   2.295612978E+02   0.000000000E+00   2.100860912E+01   2.400000000E+02   0.000000000E+00   1.970467186E+01 
  3.510000000E-03   2.058077110E+01   4.586636010E+00   2.293318501E+02   0.000000000E+00   2.232749391E+01   2.400000000E+02   0.000000000E+00   1.974394035E+01 
  3.520000000E-03   1.882515555E+01   4.603054947E+00   2.301527982E+02   0.000000000E+00   2.058077109E+01   2.400000000E+02   0.000000000E+00   1.977814484E+01 
  3.530000000E-03   1.706361242E+01   4.617705343E+00   2.308853182E+02   0.000000000E+00   1.882515555E+01   2.400000000E+02   1.000000000E+00   1.977664185E+01 
  3.540000000E-03   1.838490668E+01   4.631025348E+00   2.315513180E+02   0.000000000E+00   1.706361240E+01   2.400000000E+02   1.000000000E+00   1.973999596E+01 
  3.550000000E-03   1.970532032E+01   4.626397754E+00   2.313199391E+02   0.000000000E+00   1.838490668E+01   2.400000000E+02   1.000000000E+00   1.969968033E+01 
  3.560000000E-03   2.102507387E+01   4.621774821E+00   2.310887915E+02   0.000000000E+00   1.970532033E+01   2.400000000E+02   1.000000000E+00   1.968658829E+01 
  3.570000000E-03   2.234394768E+01   4.617155327E+00   2.308578171E+02   0.000000000E+00   2.102507388E+01   2.400000000E+02   0.000000000E+00   1.970016098E+01 
  3.580000000E-03   2.057996337E+01   4.612540465E+00   2.306270735E+02   0.000000000E+00   2.234394768E+01   2.400000000E+02   0.000000000E+00   1.973984718E+01 
  3.590000000E-03   1.880712133E+01   4.628937049E+00   2.314469024E+02   0.000000000E+00   2.057996336E+01   2.400000000E+02   0.000000000E+00   1.977429008E+01 
  3.600000000E-03   1.702838510E+01   4.643547854E+00   2.321774433E+02   0.000000000E+00   1.880712132E+01   2.400000000E+02   1.000000000E+00   1.977267456E+01 
  3.610000000E-03   1.834970284E+01   4.656815392E+00   2.328408207E+02   0.000000000E+00   1.702838509E+01   2.400000000E+02   1.000000000E+00   1.973557663E+01 
  3.620000000E-03   1.967013995E+01   4.652162033E+00   2.326081533E+02   0.000000000E+00   1.834970286E+01   2.400000000E+02   1.000000000E+00   1.969464684E+01 
  3.630000000E-03   2.098991695E+01   4.647513350E+00   2.323757184E+02   0.000000000E+00   1.967013995E+01   2.400000000E+02   1.000000000E+00   1.968095207E+01 
  3.640000000E-03   2.230881419E+01   4.642868134E+00   2.321434577E+02   0.000000000E+00   2.098991695E+01   2.400000000E+02   0.000000000E+00   1.969393349E+01 
  3.650000000E-03   2.052777317E+01   4.638227580E+00   2.319114291E+02   0.000000000E+00   2.230881420E+01   2.400000000E+02   0.000000000E+00   1.973304176E+01 
  3.660000000E-03   1.873794327E+01   4.654550594E+00   2.327275799E+02   0.000000000E+00   2.052777317E+01   2.400000000E+02   0.000000000E+00   1.976674652E+01 
  3.670000000E-03   1.694227781E+01   4.669070904E+00   2.334535967E+02   0.000000000E+00   1.873794326E+01   2.400000000E+02   1.000000000E+00   1.976406860E+01 
  3.680000000E-03   1.826365294E+01   4.682235343E+00   2.341118184E+02   0.000000000E+00   1.694227781E+01   2.400000000E+02   1.000000000E+00   1.972558975E+01 
  3.690000000E-03   1.958414740E+01   4.677556603E+00   2.338778809E+02   0.000000000E+00   1.826365295E+01   2.400000000E+02   1.000000000E+00   1.968313789E+01 
  3.700000000E-03   2.090398172E+01   4.672882511E+00   2.336441772E+02   0.000000000E+00   1.958414740E+01   2.400000000E+02   1.000000000E+00   1.966795349E+01 
  3.710000000E-03   2.222293625E+01   4.668211943E+00   2.334106487E+02   0.000000000E+00   2.090398173E+01   2.400000000E+02   0.000000000E+00   1.967947578E+01 
  3.720000000E-03   2.042514303E+01   4.663546065E+00   2.331773535E+02   0.000000000E+00   2.222293627E+01   2.400000000E+02   0.000000000E+00   1.971715546E+01 
  3.730000000E-03   1.861866277E+01   4.679745388E+00   2.339873205E+02   0.000000000E+00   2.042514302E+01   2.400000000E+02   0.000000000E+00   1.974929237E+01 
  3.740000000E-03   1.680643016E+01   4.694125508E+00   2.347063265E+02   0.000000000E+00   1.861866276E+01   2.400000000E+02   1.000000000E+00   1.974474525E+01 
  3.750000000E-03   1.812789582E+01   4.707137393E+00   2.353569211E+02   0.000000000E+00   1.680643015E+01   2.400000000E+02   1.000000000E+00   1.970410156E+01 
  3.760000000E-03   1.944848076E+01   4.702433756E+00   2.351217395E+02   0.000000000E+00   1.812789583E+01   2.400000000E+02   1.000000000E+00   1.965936279E+01 
  3.770000000E-03   2.076840551E+01   4.697734823E+00   2.348867928E+02   0.000000000E+00   1.944848077E+01   2.400000000E+02   1.000000000E+00   1.964193916E+01 
  3.780000000E-03   2.208745042E+01   4.693039386E+00   2.346520223E+02   0.000000000E+00   2.076840552E+01   2.400000000E+02   0.000000000E+00   1.965126991E+01 
  3.790000000E-03   2.027330616E+01   4.688348696E+00   2.344174864E+02   0.000000000E+00   2.208745042E+01   2.400000000E+02   0.000000000E+00   1.968680382E+01 
  3.800000000E-03   1.845060870E+01   4.704375613E+00   2.352188318E+02   0.000000000E+00   2.027330616E+01   2.400000000E+02   0.000000000E+00   1.971667480E+01 
  3.810000000E-03   1.662226585E+01   4.718567226E+00   2.359284129E+02   0.000000000E+00   1.845060871E+01   2.400000000E+02   1.000000000E+00   1.970958138E+01 
  3.820000000E-03   1.794385426E+01   4.731378667E+00   2.365689849E+02   0.000000000E+00   1.662226585E+01   2.400000000E+02   1.000000000E+00   1.966611862E+01 
  3.830000000E-03   1.926456186E+01   4.726650815E+00   2.363325921E+02   0.000000000E+00   1.794385427E+01   2.400000000E+02   1.000000000E+00   1.961845779E+01 
  3.840000000E-03   2.058460921E+01   4.721927667E+00   2.360964356E+02   0.000000000E+00   1.926456187E+01   2.400000000E+02   1.000000000E+00   1.959817314E+01 
  3.850000000E-03   2.190377663E+01   4.717208100E+00   2.358604560E+02   0.000000000E+00   2.058460922E+01   2.400000000E+02   0.000000000E+00   1.960470200E+01 
  3.860000000E-03   2.007377557E+01   4.712493194E+00   2.356247123E+02   0.000000000E+00   2.190377664E+01   2.400000000E+02   0.000000000E+00   1.963749123E+01 
  3.870000000E-03   1.823538593E+01   4.728300553E+00   2.364150798E+02   0.000000000E+00   2.007377557E+01   2.400000000E+02   0.000000000E+00   1.966451645E+01 
  3.880000000E-03   1.639148071E+01   4.742257119E+00   2.371129079E+02   0.000000000E+00   1.823538594E+01   2.400000000E+02   1.000000000E+00   1.965431786E+01 
  3.890000000E-03   1.771322293E+01   4.754822001E+00   2.377411514E+02   0.000000000E+00   1.639148070E+01   2.400000000E+02   1.000000000E+00   1.960750008E+01 
  3.900000000E-03   1.903408424E+01   4.750070701E+00   2.375035873E+02   0.000000000E+00   1.771322295E+01   2.400000000E+02   1.000000000E+00   1.955639648E+01 
  3.910000000E-03   2.035428523E+01   4.745324190E+00   2.372662606E+02   0.000000000E+00   1.903408425E+01   2.400000000E+02   1.000000000E+00   1.953274155E+01 
  3.920000000E-03   2.167360618E+01   4.740581204E+00   2.370291118E+02   0.000000000E+00   2.035428523E+01   2.400000000E+02   0.000000000E+00   1.953597069E+01 
  3.930000000E-03   1.982833152E+01   4.735842992E+00   2.367922000E+02   0.000000000E+00   2.167360618E+01   2.400000000E+02   0.000000000E+00   1.956553078E+01 
  3.940000000E-03   1.797486232E+01   4.751385518E+00   2.375693280E+02   0.000000000E+00   1.982833152E+01   2.400000000E+02   1.000000000E+00   1.958923912E+01 
  3.950000000E-03   1.929554925E+01   4.765062428E+00   2.382531740E+02   0.000000000E+00   1.797486232E+01   2.400000000E+02   1.000000000E+00   1.957548714E+01 
  3.960000000E-03   2.061535597E+01   4.760300925E+00   2.380150982E+02   0.000000000E+00   1.929554925E+01   2.400000000E+02   1.000000000E+00   1.955668068E+01 
  3.970000000E-03   2.193450290E+01   4.755544182E+00   2.377772604E+02   0.000000000E+00   2.061535598E+01   2.400000000E+02   0.000000000E+00   1.956465530E+01 
  3.980000000E-03   2.007897456E+01   4.750790993E+00   2.375396008E+02   0.000000000E+00   2.193450290E+01   2.400000000E+02   0.000000000E+00   1.959886169E+01 
  3.990000000E-03   1.821510516E+01   4.766571621E+00   2.383286333E+02   0.000000000E+00   2.007897454E+01   2.400000000E+02   0.000000000E+00   1.962701988E+01 
  4.000000000E-03   1.634576639E+01   4.780476033E+00   2.390238540E+02   0.000000000E+00   1.821510516E+01   2.400000000E+02   1.000000000E+00   1.961742020E+01 
  4.010000000E-03   1.766753908E+01   4.792969733E+00   2.396485384E+02   0.000000000E+00   1.634576638E+01   2.400000000E+02   1.000000000E+00   1.957068062E+01 
  4.020000000E-03   1.898843083E+01   4.788180320E+00   2.394090684E+02   0.000000000E+00   1.766753908E+01   2.400000000E+02   1.000000000E+00   1.951939964E+01 
  4.030000000E-03   2.030866225E+01   4.783395696E+00   2.391698376E+02   0.000000000E+00   1.898843084E+01   2.400000000E+02   1.000000000E+00   1.949557114E+01 
  4.040000000E-03   2.162801362E+01   4.778614681E+00   2.389307861E+02   0.000000000E+00   2.030866226E+01   2.400000000E+02   0.000000000E+00   1.949863052E+01 
  4.050000000E-03   1.975750184E+01   4.773838413E+00   2.386919736E+02   0.000000000E+00   2.162801363E+01   2.400000000E+02   0.000000000E+00   1.952802467E+01 
  4.060000000E-03   1.787889314E+01   4.789278535E+00   2.394639794E+02   0.000000000E+00   1.975750183E+01   2.400000000E+02   1.000000000E+00   1.955131912E+01 
  4.070000000E-03   1.919964403E+01   4.802827959E+00   2.401414508E+02   0.000000000E+00   1.787889313E+01   2.400000000E+02   1.000000000E+00   1.953665733E+01 
  4.080000000E-03   2.051951467E+01   4.798028698E+00   2.399014882E+02   0.000000000E+00   1.919964403E+01   2.400000000E+02   0.000000000E+00   1.951671028E+01 
  4.090000000E-03   1.863738481E+01   4.793234268E+00   2.396617654E+02   0.000000000E+00   2.051951468E+01   2.400000000E+02   0.000000000E+00   1.952356720E+01 
  4.100000000E-03   1.674792758E+01   4.807538573E+00   2.403769809E+02   0.000000000E+00   1.863738481E+01   2.400000000E+02   1.000000000E+00   1.952466393E+01 
  4.110000000E-03   1.806943224E+01   4.819942291E+00   2.409971672E+02   0.000000000E+00   1.674792757E+01   2.400000000E+02   0.000000000E+00   1.948802376E+01 
  4.120000000E-03   1.617558674E+01   4.815125948E+00   2.407563495E+02   0.000000000E+00   1.806943224E+01   2.400000000E+02   0.000000000E+00   1.944643593E+01 
  4.130000000E-03   1.427607758E+01   4.826951226E+00   2.413476147E+02   0.000000000E+00   1.617558674E+01   2.400000000E+02   0.000000000E+00   1.939995766E+01 
  4.140000000E-03   1.237311871E+01   4.836867973E+00   2.418434515E+02   0.000000000E+00   1.427607756E+01   2.400000000E+02   0.000000000E+00   1.931647491E+01 
  4.150000000E-03   1.046641183E+01   4.845351427E+00   2.422676247E+02   0.000000000E+00   1.237311871E+01   2.400000000E+02   0.000000000E+00   1.919663811E+01 
  4.160000000E-03   8.557234307E+00   4.851922540E+00   2.425961799E+02   0.000000000E+00   1.046641182E+01   2.400000000E+02   0.000000000E+00   1.904110146E+01 
  4.170000000E-03   6.646863039E+00   4.856580077E+00   2.428290573E+02   0.000000000E+00   8.557234310E+00   2.400000000E+02   0.000000000E+00   1.885051537E+01 
  4.180000000E-03   4.736573595E+00   4.859324164E+00   2.429662609E+02   0.000000000E+00   6.646863042E+00   2.400000000E+02   0.000000000E+00   1.862554550E+01 
  4.190000000E-03   2.827639366E+00   4.860156110E+00   2.430078586E+02   0.000000000E+00   4.736573587E+00   2.400000000E+02   0.000000000E+00   1.836686897E+01 
  4.200000000E-03   9.213307192E-01   4.859078572E+00   2.429539818E+02   0.000000000E+00   2.827639364E+00   2.400000000E+02   0.000000000E+00   1.807517433E+01 
  4.210000000E-03  -9.810858465E-01   4.856095444E+00   2.428048255E+02   0.000000000E+00   9.213307237E-01   2.400000000E+02   0.000000000E+00   1.775115967E+01 
  4.220000000E-03  -2.878348534E+00   4.851211884E+00   2.425606477E+02   0.000000000E+00  -9.810858472E-01   2.400000000E+02   0.000000000E+00   1.739553833E+01 
  4.230000000E-03  -4.769201083E+00   4.844434329E+00   2.422217695E+02   0.000000000E+00  -2.878348539E+00   2.400000000E+02   0.000000000E+00   1.700903320E+01 
  4.240000000E-03  -6.652393599E+00   4.835770426E+00   2.417885745E+02   0.000000000E+00  -4.769201084E+00   2.400000000E+02   0.000000000E+00   1.659237671E+01 
  4.250000000E-03  -8.526683377E+00   4.825229112E+00   2.412615084E+02   0.000000000E+00  -6.652393608E+00   2.400000000E+02   0.000000000E+00   1.614631271E+01 
  4.260000000E-03  -1.039083571E+01   4.812820535E+00   2.406410790E+02   0.000000000E+00  -8.526683374E+00   2.400000000E+02   0.000000000E+00   1.567159557E+01 
  4.270000000E-03  -1.224362472E+01   4.798556049E+00   2.399278554E+02   0.000000000E+00  -1.039083573E+01   2.400000000E+02   0.000000000E+00   1.516898823E+01 
  4.280000000E-03  -1.408383413E+01   4.782448300E+00   2.391224676E+02   0.000000000E+00  -1.224362474E+01   2.400000000E+02   1.000000000E+00   1.463926411E+01 
  4.290000000E-03  -1.274178072E+01   4.764511075E+00   2.382256060E+02   0.000000000E+00  -1.408383413E+01   2.400000000E+02   1.000000000E+00   1.408320427E+01 
  4.300000000E-03  -1.140062176E+01   4.759750112E+00   2.379875578E+02   0.000000000E+00  -1.274178072E+01   2.400000000E+02   1.000000000E+00   1.353328419E+01 
  4.310000000E-03  -1.006013327E+01   4.754993881E+00   2.377497474E+02   0.000000000E+00  -1.140062174E+01   2.400000000E+02   1.000000000E+00   1.302119446E+01 
  4.320000000E-03  -8.720538331E+00   4.750241260E+00   2.375121154E+02   0.000000000E+00  -1.006013326E+01   2.400000000E+02   1.000000000E+00   1.254616261E+01 
  4.330000000E-03  -7.381836359E+00   4.745493385E+00   2.372747208E+02   0.000000000E+00  -8.720538332E+00   2.400000000E+02   1.000000000E+00   1.210743237E+01 
  4.340000000E-03  -6.044026753E+00   4.740750256E+00   2.370375636E+02   0.000000000E+00  -7.381836355E+00   2.400000000E+02   1.000000000E+00   1.170425987E+01 
  4.350000000E-03  -4.707108920E+00   4.736011846E+00   2.368006433E+02   0.000000000E+00  -6.044026748E+00   2.400000000E+02   1.000000000E+00   1.133591557E+01 
  4.360000000E-03  -3.371082264E+00   4.731278153E+00   2.365639599E+02   0.000000000E+00  -4.707108914E+00   2.400000000E+02   1.000000000E+00   1.100168610E+01 
  4.370000000E-03  -2.035946191E+00   4.726549236E+00   2.363275130E+02   0.000000000E+00  -3.371082258E+00   2.400000000E+02   1.000000000E+00   1.070087051E+01 
  4.380000000E-03  -7.017001082E-01   4.721825007E+00   2.360913025E+02   0.000000000E+00  -2.035946181E+00   2.400000000E+02   1.000000000E+00   1.043278313E+01 
  4.390000000E-03   6.316565782E-01   4.717105526E+00   2.358553280E+02   0.000000000E+00  -7.017001025E-01   2.400000000E+02   1.000000000E+00   1.019675064E+01 
  4.400000000E-03   1.964124461E+00   4.712390762E+00   2.356195895E+02   0.000000000E+00   6.316565901E-01   2.400000000E+02   1.000000000E+00   9.992115021E+00 
  4.410000000E-03   3.295704132E+00   4.707680716E+00   2.353840865E+02   0.000000000E+00   1.964124465E+00   2.400000000E+02   1.000000000E+00   9.818230629E+00 
  4.420000000E-03   4.626396184E+00   4.702975360E+00   2.351488189E+02   0.000000000E+00   3.295704147E+00   2.400000000E+02   1.000000000E+00   9.674464226E+00 
  4.430000000E-03   5.956201209E+00   4.698274722E+00   2.349137865E+02   0.000000000E+00   4.626396191E+00   2.400000000E+02   1.000000000E+00   9.560195923E+00 
  4.440000000E-03   7.285119798E+00   4.693578745E+00   2.346789890E+02   0.000000000E+00   5.956201221E+00   2.400000000E+02   1.000000000E+00   9.474818230E+00 
  4.450000000E-03   8.613152541E+00   4.688887486E+00   2.344444261E+02   0.000000000E+00   7.285119807E+00   2.400000000E+02   1.000000000E+00   9.417735100E+00 
  4.460000000E-03   9.940300030E+00   4.684200945E+00   2.342100978E+02   0.000000000E+00   8.613152545E+00   2.400000000E+02   1.000000000E+00   9.388362885E+00 
  4.470000000E-03   1.126656285E+01   4.679519066E+00   2.339760036E+02   0.000000000E+00   9.940300032E+00   2.400000000E+02   1.000000000E+00   9.386130333E+00 
  4.480000000E-03   1.259194160E+01   4.674841819E+00   2.337421434E+02   0.000000000E+00   1.126656286E+01   2.400000000E+02   1.000000000E+00   9.410476685E+00 
  4.490000000E-03   1.391643687E+01   4.670169318E+00   2.335085170E+02   0.000000000E+00   1.259194160E+01   2.400000000E+02   1.000000000E+00   9.460852623E+00 
  4.500000000E-03   1.524004923E+01   4.665501450E+00   2.332751240E+02   0.000000000E+00   1.391643687E+01   2.400000000E+02   1.000000000E+00   9.536719322E+00 
  4.510000000E-03   1.656277929E+01   4.660838243E+00   2.330419644E+02   0.000000000E+00   1.524004924E+01   2.400000000E+02   1.000000000E+00   9.637549400E+00 
  4.520000000E-03   1.788462763E+01   4.656179726E+00   2.328090378E+02   0.000000000E+00   1.656277931E+01   2.400000000E+02   1.000000000E+00   9.762826920E+00 
  4.530000000E-03   1.920559483E+01   4.651525842E+00   2.325763439E+02   0.000000000E+00   1.788462764E+01   2.400000000E+02   1.000000000E+00   9.912044525E+00 
  4.540000000E-03   2.052568150E+01   4.646876647E+00   2.323438827E+02   0.000000000E+00   1.920559484E+01   2.400000000E+02   1.000000000E+00   1.008470631E+01 
  4.550000000E-03   2.184488820E+01   4.642232057E+00   2.321116538E+02   0.000000000E+00   2.052568151E+01   2.400000000E+02   0.000000000E+00   1.028032494E+01 
  4.560000000E-03   2.006481087E+01   4.637592127E+00   2.318796571E+02   0.000000000E+00   2.184488821E+01   2.400000000E+02   0.000000000E+00   1.049842453E+01 
  4.570000000E-03   1.827625121E+01   4.653452891E+00   2.326726958E+02   0.000000000E+00   2.006481087E+01   2.400000000E+02   0.000000000E+00   1.070755291E+01 
  4.580000000E-03   1.648208501E+01   4.667512641E+00   2.333756833E+02   0.000000000E+00   1.827625120E+01   2.400000000E+02   1.000000000E+00   1.087681293E+01 
  4.590000000E-03   1.780376685E+01   4.680217927E+00   2.340109473E+02   0.000000000E+00   1.648208502E+01   2.400000000E+02   1.000000000E+00   1.100685978E+01 
  4.600000000E-03   1.912456781E+01   4.675541192E+00   2.337771106E+02   0.000000000E+00   1.780376685E+01   2.400000000E+02   1.000000000E+00   1.112958145E+01 
  4.610000000E-03   2.044470848E+01   4.670869117E+00   2.335435076E+02   0.000000000E+00   1.912456781E+01   2.400000000E+02   1.000000000E+00   1.127627277E+01 
  4.620000000E-03   2.176396916E+01   4.666200567E+00   2.333100797E+02   0.000000000E+00   2.044470850E+01   2.400000000E+02   0.000000000E+00   1.144643974E+01 
  4.630000000E-03   1.996804836E+01   4.661536707E+00   2.330768851E+02   0.000000000E+00   2.176396917E+01   2.400000000E+02   0.000000000E+00   1.163959789E+01 
  4.640000000E-03   1.816374134E+01   4.677280785E+00   2.338640906E+02   0.000000000E+00   1.996804835E+01   2.400000000E+02   1.000000000E+00   1.182412624E+01 
  4.650000000E-03   1.948430239E+01   4.691208218E+00   2.345604626E+02   0.000000000E+00   1.816374134E+01   2.400000000E+02   1.000000000E+00   1.196896172E+01 
  4.660000000E-03   2.080398330E+01   4.686520526E+00   2.343260768E+02   0.000000000E+00   1.948430238E+01   2.400000000E+02   1.000000000E+00   1.210606289E+01 
  4.670000000E-03   2.212300449E+01   4.681837481E+00   2.340919252E+02   0.000000000E+00   2.080398332E+01   2.400000000E+02   0.000000000E+00   1.226682472E+01 
  4.680000000E-03   2.031626749E+01   4.677157960E+00   2.338579492E+02   0.000000000E+00   2.212300450E+01   2.400000000E+02   0.000000000E+00   1.245075798E+01 
  4.690000000E-03   1.850093387E+01   4.693237130E+00   2.346619078E+02   0.000000000E+00   2.031626749E+01   2.400000000E+02   0.000000000E+00   1.262613583E+01 
  4.700000000E-03   1.667991927E+01   4.707488330E+00   2.353744680E+02   0.000000000E+00   1.850093385E+01   2.400000000E+02   1.000000000E+00   1.276178551E+01 
  4.710000000E-03   1.800146925E+01   4.720364814E+00   2.360182918E+02   0.000000000E+00   1.667991927E+01   2.400000000E+02   1.000000000E+00   1.285835838E+01 
  4.720000000E-03   1.932213845E+01   4.715647975E+00   2.357824493E+02   0.000000000E+00   1.800146926E+01   2.400000000E+02   1.000000000E+00   1.294800472E+01 
  4.730000000E-03   2.064214743E+01   4.710935826E+00   2.355468424E+02   0.000000000E+00   1.932213846E+01   2.400000000E+02   1.000000000E+00   1.306228065E+01 
  4.740000000E-03   2.196127649E+01   4.706227202E+00   2.353114121E+02   0.000000000E+00   2.064214743E+01   2.400000000E+02   0.000000000E+00   1.320067787E+01 
  4.750000000E-03   2.013851011E+01   4.701523324E+00   2.350762172E+02   0.000000000E+00   2.196127650E+01   2.400000000E+02   0.000000000E+00   1.336269855E+01 
  4.760000000E-03   1.830729757E+01   4.717404522E+00   2.358702770E+02   0.000000000E+00   2.013851011E+01   2.400000000E+02   0.000000000E+00   1.351644230E+01 
  4.770000000E-03   1.647052333E+01   4.731442019E+00   2.365721529E+02   0.000000000E+00   1.830729757E+01   2.400000000E+02   1.000000000E+00   1.363057137E+01 
  4.780000000E-03   1.779221288E+01   4.744093133E+00   2.372047088E+02   0.000000000E+00   1.647052333E+01   2.400000000E+02   1.000000000E+00   1.370573807E+01 
  4.790000000E-03   1.911302154E+01   4.739352590E+00   2.369676808E+02   0.000000000E+00   1.779221287E+01   2.400000000E+02   1.000000000E+00   1.377425098E+01 
  4.800000000E-03   2.043316991E+01   4.734616738E+00   2.367308896E+02   0.000000000E+00   1.911302155E+01   2.400000000E+02   1.000000000E+00   1.386781788E+01 
  4.810000000E-03   2.175243828E+01   4.729884466E+00   2.364942759E+02   0.000000000E+00   2.043316991E+01   2.400000000E+02   0.000000000E+00   1.398592377E+01 
  4.820000000E-03   1.991418448E+01   4.725156913E+00   2.362578987E+02   0.000000000E+00   2.175243827E+01   2.400000000E+02   0.000000000E+00   1.412806129E+01 
  4.830000000E-03   1.806766492E+01   4.740794211E+00   2.370397626E+02   0.000000000E+00   1.991418448E+01   2.400000000E+02   1.000000000E+00   1.426216602E+01 
  4.840000000E-03   1.938829000E+01   4.754572714E+00   2.377286878E+02   0.000000000E+00   1.806766491E+01   2.400000000E+02   1.000000000E+00   1.435674095E+01 
  4.850000000E-03   2.070803491E+01   4.749821670E+00   2.374911362E+02   0.000000000E+00   1.938829001E+01   2.400000000E+02   1.000000000E+00   1.444416523E+01 
  4.860000000E-03   2.202712006E+01   4.745075415E+00   2.372538219E+02   0.000000000E+00   2.070803492E+01   2.400000000E+02   0.000000000E+00   1.455624485E+01 
  4.870000000E-03   2.017844494E+01   4.740332656E+00   2.370166855E+02   0.000000000E+00   2.202712007E+01   2.400000000E+02   0.000000000E+00   1.469247150E+01 
  4.880000000E-03   1.832134881E+01   4.756221472E+00   2.378111250E+02   0.000000000E+00   2.017844494E+01   2.400000000E+02   0.000000000E+00   1.482067776E+01 
  4.890000000E-03   1.645872059E+01   4.770240693E+00   2.385120867E+02   0.000000000E+00   1.832134880E+01   2.400000000E+02   1.000000000E+00   1.490926170E+01 
  4.900000000E-03   1.778041800E+01   4.782854148E+00   2.391427598E+02   0.000000000E+00   1.645872058E+01   2.400000000E+02   1.000000000E+00   1.495887756E+01 
  4.910000000E-03   1.910123452E+01   4.778074867E+00   2.389037952E+02   0.000000000E+00   1.778041801E+01   2.400000000E+02   1.000000000E+00   1.500209141E+01 
  4.920000000E-03   2.042139075E+01   4.773300333E+00   2.386650693E+02   0.000000000E+00   1.910123453E+01   2.400000000E+02   1.000000000E+00   1.507086563E+01 
  4.930000000E-03   2.174066697E+01   4.768529408E+00   2.384265223E+02   0.000000000E+00   2.042139076E+01   2.400000000E+02   0.000000000E+00   1.516467476E+01 
  4.940000000E-03   1.987673006E+01   4.763763258E+00   2.381882138E+02   0.000000000E+00   2.174066698E+01   2.400000000E+02   0.000000000E+00   1.528300190E+01 
  4.950000000E-03   1.800460365E+01   4.779330908E+00   2.389665981E+02   0.000000000E+00   1.987673006E+01   2.400000000E+02   1.000000000E+00   1.539351559E+01 
  4.960000000E-03   1.932527076E+01   4.793014284E+00   2.396507667E+02   0.000000000E+00   1.800460365E+01   2.400000000E+02   1.000000000E+00   1.546445847E+01 
  4.970000000E-03   2.064505767E+01   4.788224828E+00   2.394112944E+02   0.000000000E+00   1.932527077E+01   2.400000000E+02   1.000000000E+00   1.552846813E+01 
  4.980000000E-03   2.196418480E+01   4.783440176E+00   2.391720614E+02   0.000000000E+00   2.064505767E+01   2.400000000E+02   0.000000000E+00   1.561760235E+01 
  4.990000000E-03   2.009007249E+01   4.778659104E+00   2.389330077E+02   0.000000000E+00   2.196418481E+01   2.400000000E+02   0.000000000E+00   1.573134232E+01 
  5.000000000E-03   1.820764885E+01   4.794427639E+00   2.397214343E+02   0.000000000E+00   2.009007248E+01   2.400000000E+02   0.000000000E+00   1.583725834E+01 
  5.010000000E-03   1.631978582E+01   4.808301384E+00   2.404151223E+02   0.000000000E+00   1.820764885E+01   2.400000000E+02   1.000000000E+00   1.590349007E+01 
  5.020000000E-03   1.764157583E+01   4.820750561E+00   2.410375807E+02   0.000000000E+00   1.631978581E+01   2.400000000E+02   0.000000000E+00   1.593069458E+01 
  5.030000000E-03   1.574769157E+01   4.815933380E+00   2.407967226E+02   0.000000000E+00   1.764157584E+01   2.400000000E+02   0.000000000E+00   1.595169449E+01 
  5.040000000E-03   1.384842883E+01   4.827330315E+00   2.413665683E+02   0.000000000E+00   1.574769155E+01   2.400000000E+02   0.000000000E+00   1.596655369E+01 
  5.050000000E-03   1.194592983E+01   4.836819272E+00   2.418410158E+02   0.000000000E+00   1.384842882E+01   2.400000000E+02   0.000000000E+00   1.594318390E+01 
  5.060000000E-03   1.003996685E+01   4.844875562E+00   2.422438312E+02   0.000000000E+00   1.194592983E+01   2.400000000E+02   0.000000000E+00   1.588226414E+01 
  5.070000000E-03   8.131816278E+00   4.851020535E+00   2.425510800E+02   0.000000000E+00   1.003996684E+01   2.400000000E+02   0.000000000E+00   1.578447819E+01 
  5.080000000E-03   6.222753866E+00   4.855253266E+00   2.427627165E+02   0.000000000E+00   8.131816273E+00   2.400000000E+02   0.000000000E+00   1.565050602E+01 
  5.090000000E-03   4.314053839E+00   4.857574112E+00   2.428787589E+02   0.000000000E+00   6.222753868E+00   2.400000000E+02   0.000000000E+00   1.548104191E+01 
  5.100000000E-03   2.406988060E+00   4.857984706E+00   2.428992889E+02   0.000000000E+00   4.314053825E+00   2.400000000E+02   0.000000000E+00   1.527678871E+01 
  5.110000000E-03   5.028251853E-01   4.856487962E+00   2.428244519E+02   0.000000000E+00   2.406988060E+00   2.400000000E+02   0.000000000E+00   1.503846359E+01 
  5.120000000E-03  -1.397170177E+00   4.853088058E+00   2.426544566E+02   0.000000000E+00   5.028251735E-01   2.400000000E+02   0.000000000E+00   1.476679230E+01 
  5.130000000E-03  -3.291738303E+00   4.847790422E+00   2.423895748E+02   0.000000000E+00  -1.397170180E+00   2.400000000E+02   0.000000000E+00   1.446251297E+01 
  5.140000000E-03  -5.179625185E+00   4.840601747E+00   2.420301411E+02   0.000000000E+00  -3.291738309E+00   2.400000000E+02   0.000000000E+00   1.412637329E+01 
  5.150000000E-03  -7.059583356E+00   4.831529992E+00   2.415765525E+02   0.000000000E+00  -5.179625191E+00   2.400000000E+02   0.000000000E+00   1.375913239E+01 
  5.160000000E-03  -8.930372714E+00   4.820584309E+00   2.410292682E+02   0.000000000E+00  -7.059583353E+00   2.400000000E+02   0.000000000E+00   1.336155796E+01 
  5.170000000E-03  -1.079076133E+01   4.807775127E+00   2.403888091E+02   0.000000000E+00  -8.930372729E+00   2.400000000E+02   0.000000000E+00   1.293442726E+01 
  5.180000000E-03  -1.263952627E+01   4.793114101E+00   2.396557574E+02   0.000000000E+00  -1.079076134E+01   2.400000000E+02   0.000000000E+00   1.247852707E+01 
  5.190000000E-03  -1.447545438E+01   4.776614077E+00   2.388307558E+02   0.000000000E+00  -1.263952628E+01   2.400000000E+02   1.000000000E+00   1.199465370E+01 
  5.200000000E-03  -1.313313996E+01   4.758289094E+00   2.379145075E+02   0.000000000E+00  -1.447545438E+01   2.400000000E+02   1.000000000E+00   1.148361111E+01 
  5.210000000E-03  -1.179172017E+01   4.753534370E+00   2.376767702E+02   0.000000000E+00  -1.313313996E+01   2.400000000E+02   1.000000000E+00   1.097785282E+01 
  5.220000000E-03  -1.045097098E+01   4.748784363E+00   2.374392704E+02   0.000000000E+00  -1.179172017E+01   2.400000000E+02   1.000000000E+00   1.050904751E+01 
  5.230000000E-03  -9.111115512E+00   4.744037938E+00   2.372019486E+02   0.000000000E+00  -1.045097096E+01   2.400000000E+02   1.000000000E+00   1.007643986E+01 
  5.240000000E-03  -7.772153185E+00   4.739296230E+00   2.369648641E+02   0.000000000E+00  -9.111115517E+00   2.400000000E+02   1.000000000E+00   9.679289818E+00 
  5.250000000E-03  -6.434083397E+00   4.734559298E+00   2.367280165E+02   0.000000000E+00  -7.772153168E+00   2.400000000E+02   1.000000000E+00   9.316871643E+00 
  5.260000000E-03  -5.096905556E+00   4.729827083E+00   2.364914057E+02   0.000000000E+00  -6.434083389E+00   2.400000000E+02   1.000000000E+00   8.988471985E+00 
  5.270000000E-03  -3.760619064E+00   4.725099586E+00   2.362550313E+02   0.000000000E+00  -5.096905539E+00   2.400000000E+02   1.000000000E+00   8.693392754E+00 
  5.280000000E-03  -2.425223330E+00   4.720376808E+00   2.360188933E+02   0.000000000E+00  -3.760619052E+00   2.400000000E+02   1.000000000E+00   8.430949211E+00 
  5.290000000E-03  -1.090717759E+00   4.715658775E+00   2.357829912E+02   0.000000000E+00  -2.425223329E+00   2.400000000E+02   1.000000000E+00   8.200471878E+00 
  5.300000000E-03   2.428982435E-01   4.710945490E+00   2.355473249E+02   0.000000000E+00  -1.090717745E+00   2.400000000E+02   1.000000000E+00   8.001302719E+00 
  5.310000000E-03   1.575625269E+00   4.706236865E+00   2.353118942E+02   0.000000000E+00   2.428982526E-01   2.400000000E+02   1.000000000E+00   7.832798481E+00 
  5.320000000E-03   2.907463910E+00   4.701532959E+00   2.350766987E+02   0.000000000E+00   1.575625276E+00   2.400000000E+02   1.000000000E+00   7.694327831E+00 
  5.330000000E-03   4.238414760E+00   4.696833741E+00   2.348417384E+02   0.000000000E+00   2.907463909E+00   2.400000000E+02   1.000000000E+00   7.585272312E+00 
  5.340000000E-03   5.568478410E+00   4.692139214E+00   2.346070129E+02   0.000000000E+00   4.238414760E+00   2.400000000E+02   1.000000000E+00   7.505025864E+00 
  5.350000000E-03   6.897655451E+00   4.687449405E+00   2.343725220E+02   0.000000000E+00   5.568478429E+00   2.400000000E+02   1.000000000E+00   7.452994347E+00 
  5.360000000E-03   8.225946475E+00   4.682764285E+00   2.341382655E+02   0.000000000E+00   6.897655467E+00   2.400000000E+02   1.000000000E+00   7.428596020E+00 
  5.370000000E-03   9.553352072E+00   4.678083826E+00   2.339042431E+02   0.000000000E+00   8.225946473E+00   2.400000000E+02   1.000000000E+00   7.431260109E+00 
  5.380000000E-03   1.087987283E+01   4.673408057E+00   2.336704547E+02   0.000000000E+00   9.553352086E+00   2.400000000E+02   1.000000000E+00   7.460427761E+00 
  5.390000000E-03   1.220550934E+01   4.668736977E+00   2.334368999E+02   0.000000000E+00   1.087987283E+01   2.400000000E+02   1.000000000E+00   7.515551567E+00 
  5.400000000E-03   1.353026220E+01   4.664070531E+00   2.332035785E+02   0.000000000E+00   1.220550935E+01   2.400000000E+02   1.000000000E+00   7.596094131E+00 
  5.410000000E-03   1.485413199E+01   4.659408802E+00   2.329704904E+02   0.000000000E+00   1.353026221E+01   2.400000000E+02   1.000000000E+00   7.701529980E+00 
  5.420000000E-03   1.617711929E+01   4.654751706E+00   2.327376352E+02   0.000000000E+00   1.485413199E+01   2.400000000E+02   1.000000000E+00   7.831343174E+00 
  5.430000000E-03   1.749922471E+01   4.650099243E+00   2.325050128E+02   0.000000000E+00   1.617711931E+01   2.400000000E+02   1.000000000E+00   7.985028744E+00 
  5.440000000E-03   1.882044882E+01   4.645451440E+00   2.322726228E+02   0.000000000E+00   1.749922473E+01   2.400000000E+02   1.000000000E+00   8.162091255E+00 
  5.450000000E-03   2.014079222E+01   4.640808299E+00   2.320404652E+02   0.000000000E+00   1.882044883E+01   2.400000000E+02   1.000000000E+00   8.362046242E+00 
  5.460000000E-03   2.146025548E+01   4.636169763E+00   2.318085396E+02   0.000000000E+00   2.014079223E+01   2.400000000E+02   0.000000000E+00   8.584417343E+00 
  5.470000000E-03   1.968465757E+01   4.631535887E+00   2.315768458E+02   0.000000000E+00   2.146025550E+01   2.400000000E+02   0.000000000E+00   8.828739166E+00 
  5.480000000E-03   1.790082167E+01   4.647021726E+00   2.323511370E+02   0.000000000E+00   1.968465756E+01   2.400000000E+02   1.000000000E+00   9.063613892E+00 
  5.490000000E-03   1.922155795E+01   4.660711554E+00   2.330356286E+02   0.000000000E+00   1.790082166E+01   2.400000000E+02   1.000000000E+00   9.258196831E+00 
  5.500000000E-03   2.054141398E+01   4.656054330E+00   2.328027665E+02   0.000000000E+00   1.922155795E+01   2.400000000E+02   1.000000000E+00   9.444256783E+00 
  5.510000000E-03   2.186061020E+01   4.651401724E+00   2.325701371E+02   0.000000000E+00   2.054141399E+01   2.400000000E+02   0.000000000E+00   9.653001785E+00 
  5.520000000E-03   2.007441720E+01   4.646752615E+00   2.323376821E+02   0.000000000E+00   2.186061020E+01   2.400000000E+02   0.000000000E+00   9.883961678E+00 
  5.530000000E-03   1.827974769E+01   4.662615368E+00   2.331308195E+02   0.000000000E+00   2.007441719E+01   2.400000000E+02   0.000000000E+00   1.010563278E+01 
  5.540000000E-03   1.647947854E+01   4.676670983E+00   2.338336002E+02   0.000000000E+00   1.827974768E+01   2.400000000E+02   1.000000000E+00   1.028706169E+01 
  5.550000000E-03   1.780116211E+01   4.689367543E+00   2.344684287E+02   0.000000000E+00   1.647947853E+01   2.400000000E+02   1.000000000E+00   1.042891312E+01 
  5.560000000E-03   1.912196481E+01   4.684681670E+00   2.342341349E+02   0.000000000E+00   1.780116213E+01   2.400000000E+02   1.000000000E+00   1.056314087E+01 
  5.570000000E-03   2.044210722E+01   4.680000444E+00   2.340000752E+02   0.000000000E+00   1.912196481E+01   2.400000000E+02   1.000000000E+00   1.072110939E+01 
  5.580000000E-03   2.176136963E+01   4.675322799E+00   2.337661909E+02   0.000000000E+00   2.044210723E+01   2.400000000E+02   0.000000000E+00   1.090232754E+01 
  5.590000000E-03   1.995938606E+01   4.670649759E+00   2.335325404E+02   0.000000000E+00   2.176136964E+01   2.400000000E+02   0.000000000E+00   1.110631561E+01 
  5.600000000E-03   1.814903416E+01   4.686377636E+00   2.343189335E+02   0.000000000E+00   1.995938605E+01   2.400000000E+02   1.000000000E+00   1.130139732E+01 
  5.610000000E-03   1.946960501E+01   4.700282801E+00   2.350141916E+02   0.000000000E+00   1.814903416E+01   2.400000000E+02   1.000000000E+00   1.145645332E+01 
  5.620000000E-03   2.078929572E+01   4.695586028E+00   2.347793524E+02   0.000000000E+00   1.946960502E+01   2.400000000E+02   1.000000000E+00   1.160351086E+01 
  5.630000000E-03   2.210832670E+01   4.690893945E+00   2.345447479E+02   0.000000000E+00   2.078929573E+01   2.400000000E+02   0.000000000E+00   1.177402973E+01 
  5.640000000E-03   2.029558475E+01   4.686205358E+00   2.343103193E+02   0.000000000E+00   2.210832672E+01   2.400000000E+02   0.000000000E+00   1.196752548E+01 
  5.650000000E-03   1.847427194E+01   4.702256305E+00   2.351128674E+02   0.000000000E+00   2.029558473E+01   2.400000000E+02   0.000000000E+00   1.215221405E+01 
  5.660000000E-03   1.664729996E+01   4.716473342E+00   2.358237194E+02   0.000000000E+00   1.847427194E+01   2.400000000E+02   1.000000000E+00   1.229686832E+01 
  5.670000000E-03   1.796887169E+01   4.729311229E+00   2.364656129E+02   0.000000000E+00   1.664729996E+01   2.400000000E+02   1.000000000E+00   1.240214634E+01 
  5.680000000E-03   1.928956261E+01   4.724585438E+00   2.362293234E+02   0.000000000E+00   1.796887169E+01   2.400000000E+02   1.000000000E+00   1.250026512E+01 
  5.690000000E-03   2.060959330E+01   4.719864364E+00   2.359932700E+02   0.000000000E+00   1.928956262E+01   2.400000000E+02   1.000000000E+00   1.262284374E+01 
  5.700000000E-03   2.192874407E+01   4.715146844E+00   2.357573936E+02   0.000000000E+00   2.060959331E+01   2.400000000E+02   0.000000000E+00   1.276937866E+01 
  5.710000000E-03   2.010008453E+01   4.710434013E+00   2.355217529E+02   0.000000000E+00   2.192874408E+01   2.400000000E+02   0.000000000E+00   1.293937492E+01 
  5.720000000E-03   1.826301619E+01   4.726269381E+00   2.363135211E+02   0.000000000E+00   2.010008453E+01   2.400000000E+02   0.000000000E+00   1.310087585E+01 
  5.730000000E-03   1.642041660E+01   4.740255264E+00   2.370128147E+02   0.000000000E+00   1.826301619E+01   2.400000000E+02   1.000000000E+00   1.322248936E+01 
  5.740000000E-03   1.774213953E+01   4.752850387E+00   2.376425716E+02   0.000000000E+00   1.642041660E+01   2.400000000E+02   1.000000000E+00   1.330487347E+01 
  5.750000000E-03   1.906298157E+01   4.748101077E+00   2.374051061E+02   0.000000000E+00   1.774213955E+01   2.400000000E+02   1.000000000E+00   1.338040161E+01 
  5.760000000E-03   2.038316330E+01   4.743356527E+00   2.371678778E+02   0.000000000E+00   1.906298158E+01   2.400000000E+02   1.000000000E+00   1.348084450E+01 
  5.770000000E-03   2.170246500E+01   4.738615502E+00   2.369308273E+02   0.000000000E+00   2.038316330E+01   2.400000000E+02   0.000000000E+00   1.360568905E+01 
  5.780000000E-03   1.985846378E+01   4.733879223E+00   2.366940137E+02   0.000000000E+00   2.170246501E+01   2.400000000E+02   0.000000000E+00   1.375443172E+01 
  5.790000000E-03   1.800624540E+01   4.749453538E+00   2.374727295E+02   0.000000000E+00   1.985846377E+01   2.400000000E+02   1.000000000E+00   1.389495277E+01 
  5.800000000E-03   1.932691142E+01   4.763163460E+00   2.381582244E+02   0.000000000E+00   1.800624540E+01   2.400000000E+02   1.000000000E+00   1.399570084E+01 
  5.810000000E-03   2.064669723E+01   4.758403833E+00   2.379202436E+02   0.000000000E+00   1.932691143E+01   2.400000000E+02   1.000000000E+00   1.408911800E+01 
  5.820000000E-03   2.196582327E+01   4.753648966E+00   2.376825005E+02   0.000000000E+00   2.064669724E+01   2.400000000E+02   0.000000000E+00   1.420707130E+01 
  5.830000000E-03   2.011151863E+01   4.748897709E+00   2.374449357E+02   0.000000000E+00   2.196582327E+01   2.400000000E+02   0.000000000E+00   1.434905529E+01 
  5.840000000E-03   1.824884881E+01   4.764712443E+00   2.382356735E+02   0.000000000E+00   2.011151862E+01   2.400000000E+02   0.000000000E+00   1.448284721E+01 
  5.850000000E-03   1.638069103E+01   4.778652112E+00   2.389326581E+02   0.000000000E+00   1.824884880E+01   2.400000000E+02   1.000000000E+00   1.457679367E+01 
  5.860000000E-03   1.770244045E+01   4.791181951E+00   2.395591496E+02   0.000000000E+00   1.638069102E+01   2.400000000E+02   1.000000000E+00   1.463155365E+01 
  5.870000000E-03   1.902330894E+01   4.786394328E+00   2.393197688E+02   0.000000000E+00   1.770244046E+01   2.400000000E+02   1.000000000E+00   1.467975426E+01 
  5.880000000E-03   2.034351711E+01   4.781611523E+00   2.390806273E+02   0.000000000E+00   1.902330895E+01   2.400000000E+02   1.000000000E+00   1.475341702E+01 
  5.890000000E-03   2.166284525E+01   4.776832242E+00   2.388416650E+02   0.000000000E+00   2.034351712E+01   2.400000000E+02   0.000000000E+00   1.485201740E+01 
  5.900000000E-03   1.979347809E+01   4.772057792E+00   2.386029415E+02   0.000000000E+00   2.166284526E+01   2.400000000E+02   0.000000000E+00   1.497504044E+01 
  5.910000000E-03   1.791598775E+01   4.787535346E+00   2.393768195E+02   0.000000000E+00   1.979347807E+01   2.400000000E+02   1.000000000E+00   1.509010315E+01 
  5.920000000E-03   1.923671391E+01   4.801123296E+00   2.400562175E+02   0.000000000E+00   1.791598774E+01   2.400000000E+02   1.000000000E+00   1.516539574E+01 
  5.930000000E-03   2.055655985E+01   4.796325754E+00   2.398163401E+02   0.000000000E+00   1.923671392E+01   2.400000000E+02   0.000000000E+00   1.523361492E+01 
  5.940000000E-03   1.867551919E+01   4.791532973E+00   2.395767023E+02   0.000000000E+00   2.055655986E+01   2.400000000E+02   0.000000000E+00   1.532687569E+01 
  5.950000000E-03   1.678712358E+01   4.805876827E+00   2.402938946E+02   0.000000000E+00   1.867551919E+01   2.400000000E+02   1.000000000E+00   1.541265869E+01 
  5.960000000E-03   1.810860211E+01   4.818321116E+00   2.409161091E+02   0.000000000E+00   1.678712358E+01   2.400000000E+02   0.000000000E+00   1.545903206E+01 
  5.970000000E-03   1.621578895E+01   4.813506393E+00   2.406753724E+02   0.000000000E+00   1.810860212E+01   2.400000000E+02   0.000000000E+00   1.549880886E+01 
  5.980000000E-03   1.431728326E+01   4.825373239E+00   2.412687143E+02   0.000000000E+00   1.621578895E+01   2.400000000E+02   0.000000000E+00   1.553207684E+01 
  5.990000000E-03   1.241530587E+01   4.835332462E+00   2.417666763E+02   0.000000000E+00   1.431728326E+01   2.400000000E+02   0.000000000E+00   1.552676582E+01 
  6.000000000E-03   1.050955069E+01   4.843859131E+00   2.421930100E+02   0.000000000E+00   1.241530586E+01   2.400000000E+02   0.000000000E+00   1.548355675E+01 
  6.010000000E-03   8.601294521E+00   4.850474369E+00   2.425237718E+02   0.000000000E+00   1.050955068E+01   2.400000000E+02   0.000000000E+00   1.540313435E+01 
  6.020000000E-03   6.691813704E+00   4.855176954E+00   2.427589005E+02   0.000000000E+00   8.601294510E+00   2.400000000E+02   0.000000000E+00   1.528618050E+01 
  6.030000000E-03   4.782383263E+00   4.857966900E+00   2.428983984E+02   0.000000000E+00   6.691813695E+00   2.400000000E+02   0.000000000E+00   1.513338757E+01 
  6.040000000E-03   2.874276066E+00   4.858845571E+00   2.429423318E+02   0.000000000E+00   4.782383257E+00   2.400000000E+02   0.000000000E+00   1.494546223E+01 
  6.050000000E-03   9.687619829E-01   4.857815540E+00   2.428908305E+02   0.000000000E+00   2.874276063E+00   2.400000000E+02   0.000000000E+00   1.472311974E+01 
  6.060000000E-03  -9.328929630E-01   4.854880700E+00   2.427440878E+02   0.000000000E+00   9.687619809E-01   2.400000000E+02   0.000000000E+00   1.446708775E+01 
  6.070000000E-03  -2.829427427E+00   4.850046139E+00   2.425023602E+02   0.000000000E+00  -9.328929735E-01   2.400000000E+02   0.000000000E+00   1.417810440E+01 
  6.080000000E-03  -4.719585580E+00   4.843318294E+00   2.421659669E+02   0.000000000E+00  -2.829427430E+00   2.400000000E+02   0.000000000E+00   1.385691929E+01 
  6.090000000E-03  -6.602117933E+00   4.834704740E+00   2.417352897E+02   0.000000000E+00  -4.719585590E+00   2.400000000E+02   0.000000000E+00   1.350429058E+01 
  6.100000000E-03  -8.475782164E+00   4.824214400E+00   2.412107730E+02   0.000000000E+00  -6.602117949E+00   2.400000000E+02   0.000000000E+00   1.312098789E+01 
  6.110000000E-03  -1.033934393E+01   4.811857394E+00   2.405929225E+02   0.000000000E+00  -8.475782167E+00   2.400000000E+02   0.000000000E+00   1.270778942E+01 
  6.120000000E-03  -1.219157768E+01   4.797645062E+00   2.398823056E+02   0.000000000E+00  -1.033934393E+01   2.400000000E+02   0.000000000E+00   1.226548195E+01 
  6.130000000E-03  -1.403126745E+01   4.781589979E+00   2.390795504E+02   0.000000000E+00  -1.219157768E+01   2.400000000E+02   1.000000000E+00   1.179486275E+01 
  6.140000000E-03  -1.268924907E+01   4.763705874E+00   2.381853457E+02   0.000000000E+00  -1.403126745E+01   2.400000000E+02   1.000000000E+00   1.129673672E+01 
  6.150000000E-03  -1.134812512E+01   4.758945693E+00   2.379473378E+02   0.000000000E+00  -1.268924906E+01   2.400000000E+02   1.000000000E+00   1.080359650E+01 
  6.160000000E-03  -1.000767163E+01   4.754190286E+00   2.377095676E+02   0.000000000E+00  -1.134812511E+01   2.400000000E+02   1.000000000E+00   1.034715080E+01 
  6.170000000E-03  -8.668111661E+00   4.749438489E+00   2.374719757E+02   0.000000000E+00  -1.000767162E+01   2.400000000E+02   1.000000000E+00   9.926650047E+00 
  6.180000000E-03  -7.329444636E+00   4.744691381E+00   2.372346213E+02   0.000000000E+00  -8.668111647E+00   2.400000000E+02   1.000000000E+00   9.541358948E+00 
  6.190000000E-03  -5.991669954E+00   4.739949020E+00   2.369975041E+02   0.000000000E+00  -7.329444628E+00   2.400000000E+02   1.000000000E+00   9.190556526E+00 
  6.200000000E-03  -4.654787021E+00   4.735211462E+00   2.367606239E+02   0.000000000E+00  -5.991669951E+00   2.400000000E+02   1.000000000E+00   8.873534203E+00 
  6.210000000E-03  -3.318795242E+00   4.730478565E+00   2.365239805E+02   0.000000000E+00  -4.654787006E+00   2.400000000E+02   1.000000000E+00   8.589598656E+00 
  6.220000000E-03  -1.983694024E+00   4.725750443E+00   2.362875736E+02   0.000000000E+00  -3.318795237E+00   2.400000000E+02   1.000000000E+00   8.338070869E+00 
  6.230000000E-03  -6.494827716E-01   4.721027040E+00   2.360514029E+02   0.000000000E+00  -1.983694020E+00   2.400000000E+02   1.000000000E+00   8.118284225E+00 
  6.240000000E-03   6.838391071E-01   4.716308354E+00   2.358154684E+02   0.000000000E+00  -6.494827574E-01   2.400000000E+02   1.000000000E+00   7.929586887E+00 
  6.250000000E-03   2.016272205E+00   4.711594357E+00   2.355797696E+02   0.000000000E+00   6.838391045E-01   2.400000000E+02   1.000000000E+00   7.771338940E+00 
  6.260000000E-03   3.347817115E+00   4.706885107E+00   2.353443065E+02   0.000000000E+00   2.016272205E+00   2.400000000E+02   1.000000000E+00   7.642913342E+00 
  6.270000000E-03   4.678474430E+00   4.702180547E+00   2.351090787E+02   0.000000000E+00   3.347817128E+00   2.400000000E+02   1.000000000E+00   7.543695927E+00 
  6.280000000E-03   6.008244740E+00   4.697480676E+00   2.348740860E+02   0.000000000E+00   4.678474440E+00   2.400000000E+02   1.000000000E+00   7.473084927E+00 
  6.290000000E-03   7.337128637E+00   4.692785524E+00   2.346393281E+02   0.000000000E+00   6.008244753E+00   2.400000000E+02   1.000000000E+00   7.430490494E+00 
  6.300000000E-03   8.665126711E+00   4.688095061E+00   2.344048049E+02   0.000000000E+00   7.337128650E+00   2.400000000E+02   1.000000000E+00   7.415334225E+00 
  6.310000000E-03   9.992239554E+00   4.683409287E+00   2.341705162E+02   0.000000000E+00   8.665126714E+00   2.400000000E+02   1.000000000E+00   7.427050114E+00 
  6.320000000E-03   1.131846776E+01   4.678728203E+00   2.339364615E+02   0.000000000E+00   9.992239569E+00   2.400000000E+02   1.000000000E+00   7.465082645E+00 
  6.330000000E-03   1.264381191E+01   4.674051780E+00   2.337026409E+02   0.000000000E+00   1.131846776E+01   2.400000000E+02   1.000000000E+00   7.528888226E+00 
  6.340000000E-03   1.396827259E+01   4.669380047E+00   2.334690539E+02   0.000000000E+00   1.264381191E+01   2.400000000E+02   1.000000000E+00   7.617933273E+00 
  6.350000000E-03   1.529185041E+01   4.664713003E+00   2.332357004E+02   0.000000000E+00   1.396827260E+01   2.400000000E+02   1.000000000E+00   7.731695652E+00 
  6.360000000E-03   1.661454593E+01   4.660050593E+00   2.330025802E+02   0.000000000E+00   1.529185042E+01   2.400000000E+02   1.000000000E+00   7.869662762E+00 
  6.370000000E-03   1.793635976E+01   4.655392843E+00   2.327696929E+02   0.000000000E+00   1.661454594E+01   2.400000000E+02   1.000000000E+00   8.031333923E+00 
  6.380000000E-03   1.925729249E+01   4.650739754E+00   2.325370384E+02   0.000000000E+00   1.793635978E+01   2.400000000E+02   1.000000000E+00   8.216216087E+00 
  6.390000000E-03   2.057734469E+01   4.646091327E+00   2.323046165E+02   0.000000000E+00   1.925729249E+01   2.400000000E+02   1.000000000E+00   8.423828125E+00 
  6.400000000E-03   2.189651695E+01   4.641447532E+00   2.320724269E+02   0.000000000E+00   2.057734469E+01   2.400000000E+02   0.000000000E+00   8.653697968E+00 
  6.410000000E-03   2.011690112E+01   4.636808399E+00   2.318404693E+02   0.000000000E+00   2.189651696E+01   2.400000000E+02   0.000000000E+00   8.905363083E+00 
  6.420000000E-03   1.832876733E+01   4.652721870E+00   2.326361441E+02   0.000000000E+00   2.011690111E+01   2.400000000E+02   0.000000000E+00   9.147390366E+00 
  6.430000000E-03   1.653500015E+01   4.666834712E+00   2.333417868E+02   0.000000000E+00   1.832876733E+01   2.400000000E+02   1.000000000E+00   9.348898888E+00 
  6.440000000E-03   1.785664672E+01   4.679593360E+00   2.339797191E+02   0.000000000E+00   1.653500014E+01   2.400000000E+02   1.000000000E+00   9.510558128E+00 
  6.450000000E-03   1.917741244E+01   4.674917250E+00   2.337459136E+02   0.000000000E+00   1.785664674E+01   2.400000000E+02   1.000000000E+00   9.664263725E+00 
  6.460000000E-03   2.049751788E+01   4.670245829E+00   2.335123418E+02   0.000000000E+00   1.917741244E+01   2.400000000E+02   1.000000000E+00   9.841319084E+00 
  6.470000000E-03   2.181674336E+01   4.665577876E+00   2.332789450E+02   0.000000000E+00   2.049751789E+01   2.400000000E+02   0.000000000E+00   1.004124165E+01 
  6.480000000E-03   2.002117510E+01   4.660914612E+00   2.330457815E+02   0.000000000E+00   2.181674336E+01   2.400000000E+02   0.000000000E+00   1.026355934E+01 
  6.490000000E-03   1.821718453E+01   4.676712337E+00   2.338356681E+02   0.000000000E+00   2.002117509E+01   2.400000000E+02   0.000000000E+00   1.047666740E+01 
  6.500000000E-03   1.640763879E+01   4.690693672E+00   2.345347349E+02   0.000000000E+00   1.821718452E+01   2.400000000E+02   1.000000000E+00   1.064951801E+01 
  6.510000000E-03   1.772937024E+01   4.703309060E+00   2.351655042E+02   0.000000000E+00   1.640763878E+01   2.400000000E+02   1.000000000E+00   1.078277588E+01 
  6.520000000E-03   1.905022079E+01   4.698609274E+00   2.349305139E+02   0.000000000E+00   1.772937026E+01   2.400000000E+02   1.000000000E+00   1.090849018E+01 
  6.530000000E-03   2.037041102E+01   4.693914150E+00   2.346957583E+02   0.000000000E+00   1.905022079E+01   2.400000000E+02   1.000000000E+00   1.105811596E+01 
  6.540000000E-03   2.168972122E+01   4.689222550E+00   2.344611787E+02   0.000000000E+00   2.037041102E+01   2.400000000E+02   0.000000000E+00   1.123116016E+01 
  6.550000000E-03   1.987857856E+01   4.684535668E+00   2.342268336E+02   0.000000000E+00   2.168972124E+01   2.400000000E+02   0.000000000E+00   1.142713833E+01 
  6.560000000E-03   1.805913971E+01   4.700171161E+00   2.350086096E+02   0.000000000E+00   1.987857856E+01   2.400000000E+02   1.000000000E+00   1.161427879E+01 
  6.570000000E-03   1.937977047E+01   4.713974988E+00   2.356988005E+02   0.000000000E+00   1.805913971E+01   2.400000000E+02   1.000000000E+00   1.176137066E+01 
  6.580000000E-03   2.069952106E+01   4.709264516E+00   2.354632772E+02   0.000000000E+00   1.937977048E+01   2.400000000E+02   1.000000000E+00   1.190053272E+01 
  6.590000000E-03   2.201861188E+01   4.704558762E+00   2.352279893E+02   0.000000000E+00   2.069952106E+01   2.400000000E+02   0.000000000E+00   1.206331539E+01 
  6.600000000E-03   2.019688811E+01   4.699856532E+00   2.349928778E+02   0.000000000E+00   2.201861190E+01   2.400000000E+02   0.000000000E+00   1.224923038E+01 
  6.610000000E-03   1.836667719E+01   4.715797473E+00   2.357899246E+02   0.000000000E+00   2.019688810E+01   2.400000000E+02   0.000000000E+00   1.242640114E+01 
  6.620000000E-03   1.653087348E+01   4.729895664E+00   2.364948352E+02   0.000000000E+00   1.836667718E+01   2.400000000E+02   1.000000000E+00   1.256350899E+01 
  6.630000000E-03   1.785252280E+01   4.742608169E+00   2.371304602E+02   0.000000000E+00   1.653087347E+01   2.400000000E+02   1.000000000E+00   1.266121387E+01 
  6.640000000E-03   1.917329126E+01   4.737869091E+00   2.368935063E+02   0.000000000E+00   1.785252280E+01   2.400000000E+02   1.000000000E+00   1.275182343E+01 
  6.650000000E-03   2.049339946E+01   4.733134745E+00   2.366567893E+02   0.000000000E+00   1.917329128E+01   2.400000000E+02   1.000000000E+00   1.286704540E+01 
  6.660000000E-03   2.181262768E+01   4.728403951E+00   2.364202496E+02   0.000000000E+00   2.049339946E+01   2.400000000E+02   0.000000000E+00   1.300637150E+01 
  6.670000000E-03   1.997528820E+01   4.723677904E+00   2.361839464E+02   0.000000000E+00   2.181262769E+01   2.400000000E+02   0.000000000E+00   1.316930389E+01 
  6.680000000E-03   1.812964042E+01   4.739377474E+00   2.369689258E+02   0.000000000E+00   1.997528820E+01   2.400000000E+02   1.000000000E+00   1.332379723E+01 
  6.690000000E-03   1.945022419E+01   4.753219102E+00   2.376610075E+02   0.000000000E+00   1.812964041E+01   2.400000000E+02   1.000000000E+00   1.343837070E+01 
  6.700000000E-03   2.076992782E+01   4.748469422E+00   2.374235235E+02   0.000000000E+00   1.945022420E+01   2.400000000E+02   1.000000000E+00   1.354540157E+01 
  6.710000000E-03   2.208897171E+01   4.743724503E+00   2.371862768E+02   0.000000000E+00   2.076992783E+01   2.400000000E+02   0.000000000E+00   1.367669487E+01 
  6.720000000E-03   2.024112278E+01   4.738983108E+00   2.369492079E+02   0.000000000E+00   2.208897172E+01   2.400000000E+02   0.000000000E+00   1.383174992E+01 
  6.730000000E-03   1.838480942E+01   4.754935702E+00   2.377468362E+02   0.000000000E+00   2.024112277E+01   2.400000000E+02   0.000000000E+00   1.397841549E+01 
  6.740000000E-03   1.652293114E+01   4.769019412E+00   2.384510231E+02   0.000000000E+00   1.838480942E+01   2.400000000E+02   1.000000000E+00   1.408510685E+01 
  6.750000000E-03   1.784458576E+01   4.781697911E+00   2.390849475E+02   0.000000000E+00   1.652293115E+01   2.400000000E+02   1.000000000E+00   1.415248203E+01 
  6.760000000E-03   1.916535951E+01   4.776919781E+00   2.388460406E+02   0.000000000E+00   1.784458577E+01   2.400000000E+02   1.000000000E+00   1.421310711E+01 
  6.770000000E-03   2.048547299E+01   4.772146383E+00   2.386073724E+02   0.000000000E+00   1.916535952E+01   2.400000000E+02   1.000000000E+00   1.429894447E+01 
  6.780000000E-03   2.180470650E+01   4.767376623E+00   2.383688832E+02   0.000000000E+00   2.048547300E+01   2.400000000E+02   0.000000000E+00   1.440947437E+01 
  6.790000000E-03   1.994146149E+01   4.762611582E+00   2.381306323E+02   0.000000000E+00   2.180470651E+01   2.400000000E+02   0.000000000E+00   1.454418659E+01 
  6.800000000E-03   1.806998247E+01   4.778244943E+00   2.389122997E+02   0.000000000E+00   1.994146149E+01   2.400000000E+02   1.000000000E+00   1.467076492E+01 
  6.810000000E-03   1.939060600E+01   4.791994570E+00   2.395997811E+02   0.000000000E+00   1.806998246E+01   2.400000000E+02   1.000000000E+00   1.475746441E+01 
  6.820000000E-03   2.071034937E+01   4.787206166E+00   2.393603598E+02   0.000000000E+00   1.939060601E+01   2.400000000E+02   1.000000000E+00   1.483692074E+01 
  6.830000000E-03   2.202943297E+01   4.782422508E+00   2.391211777E+02   0.000000000E+00   2.071034938E+01   2.400000000E+02   0.000000000E+00   1.494119167E+01 
  6.840000000E-03   2.015592131E+01   4.777642459E+00   2.388821749E+02   0.000000000E+00   2.202943297E+01   2.400000000E+02   0.000000000E+00   1.506976604E+01 
  6.850000000E-03   1.827405324E+01   4.793477643E+00   2.396739349E+02   0.000000000E+00   2.015592131E+01   2.400000000E+02   0.000000000E+00   1.519022465E+01 
  6.860000000E-03   1.638671180E+01   4.807418577E+00   2.403709812E+02   0.000000000E+00   1.827405323E+01   2.400000000E+02   1.000000000E+00   1.527071953E+01 
  6.870000000E-03   1.770845720E+01   4.819935256E+00   2.409968153E+02   0.000000000E+00   1.638671179E+01   2.400000000E+02   0.000000000E+00   1.531191254E+01 
  6.880000000E-03   1.581503713E+01   4.815118928E+00   2.407559980E+02   0.000000000E+00   1.770845721E+01   2.400000000E+02   0.000000000E+00   1.534662628E+01 
  6.890000000E-03   1.391619277E+01   4.826583819E+00   2.413292435E+02   0.000000000E+00   1.581503712E+01   2.400000000E+02   0.000000000E+00   1.537492847E+01 
  6.900000000E-03   1.201407769E+01   4.836141130E+00   2.418071089E+02   0.000000000E+00   1.391619276E+01   2.400000000E+02   0.000000000E+00   1.536474228E+01 
  6.910000000E-03   1.010845254E+01   4.844266016E+00   2.422133542E+02   0.000000000E+00   1.201407768E+01   2.400000000E+02   0.000000000E+00   1.531675053E+01 
  6.920000000E-03   8.200593594E+00   4.850479883E+00   2.425240476E+02   0.000000000E+00   1.010845253E+01   2.400000000E+02   0.000000000E+00   1.523164082E+01 
  6.930000000E-03   6.291776466E+00   4.854781764E+00   2.427391410E+02   0.000000000E+00   8.200593584E+00   2.400000000E+02   0.000000000E+00   1.511009884E+01 
  6.940000000E-03   4.383275299E+00   4.857171945E+00   2.428586502E+02   0.000000000E+00   6.291776458E+00   2.400000000E+02   0.000000000E+00   1.495282078E+01 
  6.950000000E-03   2.476361902E+00   4.857652030E+00   2.428826547E+02   0.000000000E+00   4.383275297E+00   2.400000000E+02   0.000000000E+00   1.476051521E+01 
  6.960000000E-03   5.723049067E-01   4.856224876E+00   2.428112975E+02   0.000000000E+00   2.476361900E+00   2.400000000E+02   0.000000000E+00   1.453390121E+01 
  6.970000000E-03  -1.327631073E+00   4.852894634E+00   2.426447850E+02   0.000000000E+00   5.723048986E-01   2.400000000E+02   0.000000000E+00   1.427371025E+01 
  6.980000000E-03  -3.222186274E+00   4.847666659E+00   2.423833866E+02   0.000000000E+00  -1.327631082E+00   2.400000000E+02   0.000000000E+00   1.398068237E+01 
  6.990000000E-03  -5.110106621E+00   4.840547618E+00   2.420274346E+02   0.000000000E+00  -3.222186280E+00   2.400000000E+02   0.000000000E+00   1.365557098E+01 
  7.000000000E-03  -6.990144547E+00   4.831545411E+00   2.415773237E+02   0.000000000E+00  -5.110106628E+00   2.400000000E+02   0.000000000E+00   1.329913616E+01 
  7.010000000E-03  -8.861059820E+00   4.820669162E+00   2.410335109E+02   0.000000000E+00  -6.990144556E+00   2.400000000E+02   0.000000000E+00   1.291215134E+01 
  7.020000000E-03  -1.072162035E+01   4.807929244E+00   2.403965146E+02   0.000000000E+00  -8.861059825E+00   2.400000000E+02   0.000000000E+00   1.249539661E+01 
  7.030000000E-03  -1.257060301E+01   4.793337240E+00   2.396669147E+02   0.000000000E+00  -1.072162036E+01   2.400000000E+02   0.000000000E+00   1.204966164E+01 
  7.040000000E-03  -1.440679443E+01   4.776905996E+00   2.388453519E+02   0.000000000E+00  -1.257060302E+01   2.400000000E+02   1.000000000E+00   1.157574654E+01 
  7.050000000E-03  -1.306452577E+01   4.758649496E+00   2.379325269E+02   0.000000000E+00  -1.440679443E+01   2.400000000E+02   1.000000000E+00   1.107445717E+01 
  7.060000000E-03  -1.172315171E+01   4.753894416E+00   2.376947715E+02   0.000000000E+00  -1.306452576E+01   2.400000000E+02   1.000000000E+00   1.057825470E+01 
  7.070000000E-03  -1.038244822E+01   4.749144040E+00   2.374572538E+02   0.000000000E+00  -1.172315172E+01   2.400000000E+02   1.000000000E+00   1.011881256E+01 
  7.080000000E-03  -9.042638435E+00   4.744397273E+00   2.372199141E+02   0.000000000E+00  -1.038244821E+01   2.400000000E+02   1.000000000E+00   9.695380211E+00 
  7.090000000E-03  -7.703721754E+00   4.739655196E+00   2.369828116E+02   0.000000000E+00  -9.042638425E+00   2.400000000E+02   1.000000000E+00   9.307221413E+00 
  7.100000000E-03  -6.365697582E+00   4.734917894E+00   2.367459460E+02   0.000000000E+00  -7.703721735E+00   2.400000000E+02   1.000000000E+00   8.953613281E+00 
  7.110000000E-03  -5.028565326E+00   4.730185310E+00   2.365093173E+02   0.000000000E+00  -6.365697573E+00   2.400000000E+02   1.000000000E+00   8.633847237E+00 
  7.120000000E-03  -3.692324390E+00   4.725457444E+00   2.362729250E+02   0.000000000E+00  -5.028565312E+00   2.400000000E+02   1.000000000E+00   8.347228050E+00 
  7.130000000E-03  -2.356974180E+00   4.720734324E+00   2.360367691E+02   0.000000000E+00  -3.692324384E+00   2.400000000E+02   1.000000000E+00   8.093074799E+00 
  7.140000000E-03  -1.022514103E+00   4.716015951E+00   2.358008491E+02   0.000000000E+00  -2.356974178E+00   2.400000000E+02   1.000000000E+00   7.870720387E+00 
  7.150000000E-03   3.110564355E-01   4.711302267E+00   2.355651650E+02   0.000000000E+00  -1.022514098E+00   2.400000000E+02   1.000000000E+00   7.679511070E+00 
  7.160000000E-03   1.643738027E+00   4.706593302E+00   2.353297164E+02   0.000000000E+00   3.110564393E-01   2.400000000E+02   1.000000000E+00   7.518806458E+00 
  7.170000000E-03   2.975531265E+00   4.701889026E+00   2.350945032E+02   0.000000000E+00   1.643738045E+00   2.400000000E+02   1.000000000E+00   7.387978077E+00 
  7.180000000E-03   4.306436742E+00   4.697189468E+00   2.348595250E+02   0.000000000E+00   2.975531274E+00   2.400000000E+02   1.000000000E+00   7.286411285E+00 
  7.190000000E-03   5.636455049E+00   4.692494628E+00   2.346247818E+02   0.000000000E+00   4.306436750E+00   2.400000000E+02   1.000000000E+00   7.213502884E+00 
  7.200000000E-03   6.965586778E+00   4.687804420E+00   2.343902731E+02   0.000000000E+00   5.636455057E+00   2.400000000E+02   1.000000000E+00   7.168661594E+00 
  7.210000000E-03   8.293832519E+00   4.683118959E+00   2.341559989E+02   0.000000000E+00   6.965586792E+00   2.400000000E+02   1.000000000E+00   7.151309013E+00 
  7.220000000E-03   9.621192863E+00   4.678438160E+00   2.339219588E+02   0.000000000E+00   8.293832536E+00   2.400000000E+02   1.000000000E+00   7.160877228E+00 
  7.230000000E-03   1.094766840E+01   4.673762021E+00   2.336881526E+02   0.000000000E+00   9.621192874E+00   2.400000000E+02   1.000000000E+00   7.196809769E+00 
  7.240000000E-03   1.227325972E+01   4.669090572E+00   2.334545801E+02   0.000000000E+00   1.094766841E+01   2.400000000E+02   1.000000000E+00   7.258562088E+00 
  7.250000000E-03   1.359796742E+01   4.664423841E+00   2.332212411E+02   0.000000000E+00   1.227325973E+01   2.400000000E+02   1.000000000E+00   7.345600128E+00 
  7.260000000E-03   1.492179207E+01   4.659761686E+00   2.329881353E+02   0.000000000E+00   1.359796742E+01   2.400000000E+02   1.000000000E+00   7.457400322E+00 
  7.270000000E-03   1.624473428E+01   4.655104220E+00   2.327552625E+02   0.000000000E+00   1.492179209E+01   2.400000000E+02   1.000000000E+00   7.593450069E+00 
  7.280000000E-03   1.756679462E+01   4.650451444E+00   2.325226224E+02   0.000000000E+00   1.624473428E+01   2.400000000E+02   1.000000000E+00   7.753246307E+00 
  7.290000000E-03   1.888797369E+01   4.645803273E+00   2.322902149E+02   0.000000000E+00   1.756679463E+01   2.400000000E+02   1.000000000E+00   7.936296463E+00 
  7.300000000E-03   2.020827208E+01   4.641159762E+00   2.320580397E+02   0.000000000E+00   1.888797370E+01   2.400000000E+02   1.000000000E+00   8.142118454E+00 
  7.310000000E-03   2.152769036E+01   4.636520913E+00   2.318260965E+02   0.000000000E+00   2.020827208E+01   2.400000000E+02   0.000000000E+00   8.370238304E+00 
  7.320000000E-03   1.975178036E+01   4.631886668E+00   2.315943851E+02   0.000000000E+00   2.152769038E+01   2.400000000E+02   0.000000000E+00   8.620193481E+00 
  7.330000000E-03   1.796758827E+01   4.647439312E+00   2.323720165E+02   0.000000000E+00   1.975178036E+01   2.400000000E+02   1.000000000E+00   8.860584259E+00 
  7.340000000E-03   1.928828005E+01   4.661195533E+00   2.330598277E+02   0.000000000E+00   1.796758826E+01   2.400000000E+02   1.000000000E+00   9.060565948E+00 
  7.350000000E-03   2.060809161E+01   4.656537811E+00   2.328269414E+02   0.000000000E+00   1.928828006E+01   2.400000000E+02   1.000000000E+00   9.251913071E+00 
  7.360000000E-03   2.192724338E+01   4.651884751E+00   2.325942879E+02   0.000000000E+00   2.060809162E+01   2.400000000E+02   0.000000000E+00   9.465838432E+00 
  7.370000000E-03   2.014065154E+01   4.647235158E+00   2.323618087E+02   0.000000000E+00   2.192724340E+01   2.400000000E+02   0.000000000E+00   9.701874733E+00 
  7.380000000E-03   1.834553985E+01   4.663163708E+00   2.331582363E+02   0.000000000E+00   2.014065153E+01   2.400000000E+02   0.000000000E+00   9.928516388E+00 
  7.390000000E-03   1.654479626E+01   4.677284622E+00   2.338642824E+02   0.000000000E+00   1.834553984E+01   2.400000000E+02   1.000000000E+00   1.011480808E+01 
  7.400000000E-03   1.786643630E+01   4.690046097E+00   2.345023563E+02   0.000000000E+00   1.654479625E+01   2.400000000E+02   1.000000000E+00   1.026141548E+01 
  7.410000000E-03   1.918719549E+01   4.685359556E+00   2.342680286E+02   0.000000000E+00   1.786643629E+01   2.400000000E+02   1.000000000E+00   1.040029907E+01 
  7.420000000E-03   2.050729442E+01   4.680677648E+00   2.340339351E+02   0.000000000E+00   1.918719551E+01   2.400000000E+02   1.000000000E+00   1.056282902E+01 
  7.430000000E-03   2.182651338E+01   4.675999321E+00   2.338000170E+02   0.000000000E+00   2.050729442E+01   2.400000000E+02   0.000000000E+00   1.074851704E+01 
  7.440000000E-03   2.002400402E+01   4.671325627E+00   2.335663327E+02   0.000000000E+00   2.182651339E+01   2.400000000E+02   0.000000000E+00   1.095688438E+01 
  7.450000000E-03   1.821308434E+01   4.687117524E+00   2.343559271E+02   0.000000000E+00   2.002400402E+01   2.400000000E+02   0.000000000E+00   1.115625191E+01 
  7.460000000E-03   1.639662134E+01   4.701086084E+00   2.350543556E+02   0.000000000E+00   1.821308433E+01   2.400000000E+02   1.000000000E+00   1.131549740E+01 
  7.470000000E-03   1.771836014E+01   4.713683524E+00   2.356842278E+02   0.000000000E+00   1.639662135E+01   2.400000000E+02   1.000000000E+00   1.143528461E+01 
  7.480000000E-03   1.903921802E+01   4.708973336E+00   2.354487191E+02   0.000000000E+00   1.771836014E+01   2.400000000E+02   1.000000000E+00   1.154772854E+01 
  7.490000000E-03   2.035941559E+01   4.704267894E+00   2.352134458E+02   0.000000000E+00   1.903921803E+01   2.400000000E+02   1.000000000E+00   1.168435001E+01 
  7.500000000E-03   2.167873312E+01   4.699565977E+00   2.349783487E+02   0.000000000E+00   2.035941560E+01   2.400000000E+02   0.000000000E+00   1.184464931E+01 
  7.510000000E-03   1.986072546E+01   4.694868693E+00   2.347434867E+02   0.000000000E+00   2.167873313E+01   2.400000000E+02   0.000000000E+00   1.202813816E+01 
  7.520000000E-03   1.803444721E+01   4.710477782E+00   2.355239402E+02   0.000000000E+00   1.986072544E+01   2.400000000E+02   1.000000000E+00   1.220296955E+01 
  7.530000000E-03   1.935509443E+01   4.724248328E+00   2.362124677E+02   0.000000000E+00   1.803444721E+01   2.400000000E+02   1.000000000E+00   1.233786201E+01 
  7.540000000E-03   2.067486146E+01   4.719527595E+00   2.359764311E+02   0.000000000E+00   1.935509444E+01   2.400000000E+02   1.000000000E+00   1.246500015E+01 
  7.550000000E-03   2.199396872E+01   4.714811553E+00   2.357406304E+02   0.000000000E+00   2.067486147E+01   2.400000000E+02   0.000000000E+00   1.261600018E+01 
  7.560000000E-03   2.016545609E+01   4.710099091E+00   2.355050065E+02   0.000000000E+00   2.199396873E+01   2.400000000E+02   0.000000000E+00   1.279036808E+01 
  7.570000000E-03   1.832849081E+01   4.726000071E+00   2.363000559E+02   0.000000000E+00   2.016545609E+01   2.400000000E+02   0.000000000E+00   1.295615482E+01 
  7.580000000E-03   1.648596140E+01   4.740051622E+00   2.370026330E+02   0.000000000E+00   1.832849081E+01   2.400000000E+02   1.000000000E+00   1.308197117E+01 
  7.590000000E-03   1.780764065E+01   4.752712442E+00   2.376356741E+02   0.000000000E+00   1.648596140E+01   2.400000000E+02   1.000000000E+00   1.316847610E+01 
  7.600000000E-03   1.912843903E+01   4.747963288E+00   2.373982154E+02   0.000000000E+00   1.780764066E+01   2.400000000E+02   1.000000000E+00   1.324804306E+01 
  7.610000000E-03   2.044857712E+01   4.743218824E+00   2.371609939E+02   0.000000000E+00   1.912843904E+01   2.400000000E+02   1.000000000E+00   1.335244274E+01 
  7.620000000E-03   2.176783522E+01   4.738477969E+00   2.369239503E+02   0.000000000E+00   2.044857713E+01   2.400000000E+02   0.000000000E+00   1.348116398E+01 
  7.630000000E-03   1.992384926E+01   4.733741861E+00   2.366871437E+02   0.000000000E+00   2.176783522E+01   2.400000000E+02   0.000000000E+00   1.363370514E+01 
  7.640000000E-03   1.807160255E+01   4.749381617E+00   2.374691331E+02   0.000000000E+00   1.992384925E+01   2.400000000E+02   1.000000000E+00   1.377794743E+01 
  7.650000000E-03   1.939222501E+01   4.763156909E+00   2.381578975E+02   0.000000000E+00   1.807160255E+01   2.400000000E+02   1.000000000E+00   1.388234329E+01 
  7.660000000E-03   2.071196729E+01   4.758397296E+00   2.379199170E+02   0.000000000E+00   1.939222501E+01   2.400000000E+02   1.000000000E+00   1.397933483E+01 
  7.670000000E-03   2.203104982E+01   4.753642457E+00   2.376821743E+02   0.000000000E+00   2.071196730E+01   2.400000000E+02   0.000000000E+00   1.410079002E+01 
  7.680000000E-03   2.017667349E+01   4.748891172E+00   2.374446097E+02   0.000000000E+00   2.203104984E+01   2.400000000E+02   0.000000000E+00   1.424620438E+01 
  7.690000000E-03   1.831388871E+01   4.764771049E+00   2.382386043E+02   0.000000000E+00   2.017667349E+01   2.400000000E+02   0.000000000E+00   1.438335800E+01 
  7.700000000E-03   1.644558363E+01   4.778775690E+00   2.389388370E+02   0.000000000E+00   1.831388870E+01   2.400000000E+02   1.000000000E+00   1.448059654E+01 
  7.710000000E-03   1.776728980E+01   4.791370330E+00   2.395685690E+02   0.000000000E+00   1.644558363E+01   2.400000000E+02   1.000000000E+00   1.453857899E+01 
  7.720000000E-03   1.908811507E+01   4.786582537E+00   2.393291788E+02   0.000000000E+00   1.776728980E+01   2.400000000E+02   1.000000000E+00   1.458993626E+01 
  7.730000000E-03   2.040828004E+01   4.781799504E+00   2.390900279E+02   0.000000000E+00   1.908811508E+01   2.400000000E+02   1.000000000E+00   1.466669178E+01 
  7.740000000E-03   2.172756500E+01   4.777020081E+00   2.388510562E+02   0.000000000E+00   2.040828005E+01   2.400000000E+02   0.000000000E+00   1.476832199E+01 
  7.750000000E-03   1.985799752E+01   4.772245433E+00   2.386123234E+02   0.000000000E+00   2.172756501E+01   2.400000000E+02   0.000000000E+00   1.489431381E+01 
  7.760000000E-03   1.798026426E+01   4.787787333E+00   2.393894182E+02   0.000000000E+00   1.985799751E+01   2.400000000E+02   1.000000000E+00   1.501228333E+01 
  7.770000000E-03   1.930094759E+01   4.801439303E+00   2.400720181E+02   0.000000000E+00   1.798026426E+01   2.400000000E+02   1.000000000E+00   1.509042072E+01 
  7.780000000E-03   2.062075071E+01   4.796641463E+00   2.398321249E+02   0.000000000E+00   1.930094760E+01   2.400000000E+02   0.000000000E+00   1.516142464E+01 
  7.790000000E-03   1.873942532E+01   4.791848397E+00   2.395924714E+02   0.000000000E+00   2.062075072E+01   2.400000000E+02   0.000000000E+00   1.525741291E+01 
  7.800000000E-03   1.685070295E+01   4.806255845E+00   2.403128445E+02   0.000000000E+00   1.873942530E+01   2.400000000E+02   1.000000000E+00   1.534586620E+01 
  7.810000000E-03   1.817213911E+01   4.818763358E+00   2.409382208E+02   0.000000000E+00   1.685070295E+01   2.400000000E+02   0.000000000E+00   1.539484978E+01 
  7.820000000E-03   1.627895782E+01   4.813948209E+00   2.406974621E+02   0.000000000E+00   1.817213912E+01   2.400000000E+02   0.000000000E+00   1.543718147E+01 
  7.830000000E-03   1.438004267E+01   4.825877809E+00   2.412939427E+02   0.000000000E+00   1.627895782E+01   2.400000000E+02   0.000000000E+00   1.547294903E+01 
  7.840000000E-03   1.247762500E+01   4.835899347E+00   2.417950203E+02   0.000000000E+00   1.438004267E+01   2.400000000E+02   0.000000000E+00   1.547008038E+01 
  7.850000000E-03   1.057138874E+01   4.844487961E+00   2.422244511E+02   0.000000000E+00   1.247762499E+01   2.400000000E+02   0.000000000E+00   1.542925549E+01 
  7.860000000E-03   8.662611064E+00   4.851164604E+00   2.425582839E+02   0.000000000E+00   1.057138873E+01   2.400000000E+02   0.000000000E+00   1.535116005E+01 
  7.870000000E-03   6.752568731E+00   4.855928054E+00   2.427964554E+02   0.000000000E+00   8.662611066E+00   2.400000000E+02   0.000000000E+00   1.523647690E+01 
  7.880000000E-03   4.842537204E+00   4.858778254E+00   2.429389660E+02   0.000000000E+00   6.752568723E+00   2.400000000E+02   0.000000000E+00   1.508589935E+01 
  7.890000000E-03   2.933789821E+00   4.859716540E+00   2.429858801E+02   0.000000000E+00   4.842537194E+00   2.400000000E+02   0.000000000E+00   1.490013218E+01 
  7.900000000E-03   1.027596941E+00   4.858745442E+00   2.429373255E+02   0.000000000E+00   2.933789816E+00   2.400000000E+02   0.000000000E+00   1.467989254E+01 
  7.910000000E-03  -8.747748942E-01   4.855868809E+00   2.427934936E+02   0.000000000E+00   1.027596937E+00   2.400000000E+02   0.000000000E+00   1.442590809E+01 
  7.920000000E-03  -2.772063799E+00   4.851091717E+00   2.425546389E+02   0.000000000E+00  -8.747748979E-01   2.400000000E+02   0.000000000E+00   1.413891792E+01 
  7.930000000E-03  -4.663013379E+00   4.844420516E+00   2.422210789E+02   0.000000000E+00  -2.772063809E+00   2.400000000E+02   0.000000000E+00   1.381967163E+01 
  7.940000000E-03  -6.546373557E+00   4.835862825E+00   2.417931937E+02   0.000000000E+00  -4.663013385E+00   2.400000000E+02   0.000000000E+00   1.346892738E+01 
  7.950000000E-03  -8.420901396E+00   4.825427453E+00   2.412714256E+02   0.000000000E+00  -6.546373569E+00   2.400000000E+02   0.000000000E+00   1.308745480E+01 
  7.960000000E-03  -1.028536192E+01   4.813124519E+00   2.406562787E+02   0.000000000E+00  -8.420901395E+00   2.400000000E+02   0.000000000E+00   1.267603302E+01 
  7.970000000E-03  -1.213852892E+01   4.798965335E+00   2.399483187E+02   0.000000000E+00  -1.028536192E+01   2.400000000E+02   0.000000000E+00   1.223544979E+01 
  7.980000000E-03  -1.397918575E+01   4.782962392E+00   2.391481720E+02   0.000000000E+00  -1.213852893E+01   2.400000000E+02   1.000000000E+00   1.176650143E+01 
  7.990000000E-03  -1.263720208E+01   4.765129461E+00   2.382565256E+02   0.000000000E+00  -1.397918575E+01   2.400000000E+02   1.000000000E+00   1.126999378E+01 
  8.000000000E-03  -1.129611282E+01   4.760367887E+00   2.380184466E+02   0.000000000E+00  -1.263720208E+01   2.400000000E+02   1.000000000E+00   1.077842999E+01 
  8.010000000E-03  -9.955693996E+00   4.755611059E+00   2.377806054E+02   0.000000000E+00  -1.129611282E+01   2.400000000E+02   1.000000000E+00   1.032352829E+01 
  8.020000000E-03  -8.616168680E+00   4.750857840E+00   2.375429425E+02   0.000000000E+00  -9.955693997E+00   2.400000000E+02   1.000000000E+00   9.904540062E+00 
  8.030000000E-03  -7.277536279E+00   4.746109312E+00   2.373055171E+02   0.000000000E+00  -8.616168671E+00   2.400000000E+02   1.000000000E+00   9.520730972E+00 
  8.040000000E-03  -5.939796199E+00   4.741365530E+00   2.370683290E+02   0.000000000E+00  -7.277536284E+00   2.400000000E+02   1.000000000E+00   9.171379089E+00 
  8.050000000E-03  -4.602947845E+00   4.736626551E+00   2.368313781E+02   0.000000000E+00  -5.939796196E+00   2.400000000E+02   1.000000000E+00   8.855777740E+00 
  8.060000000E-03  -3.266990622E+00   4.731892233E+00   2.365946639E+02   0.000000000E+00  -4.602947840E+00   2.400000000E+02   1.000000000E+00   8.573234558E+00 
  8.070000000E-03  -1.931923935E+00   4.727162690E+00   2.363581863E+02   0.000000000E+00  -3.266990618E+00   2.400000000E+02   1.000000000E+00   8.323070526E+00 
  8.080000000E-03  -5.977471929E-01   4.722437865E+00   2.361219452E+02   0.000000000E+00  -1.931923933E+00   2.400000000E+02   1.000000000E+00   8.104619980E+00 
  8.090000000E-03   7.355401993E-01   4.717717758E+00   2.358859401E+02   0.000000000E+00  -5.977471886E-01   2.400000000E+02   1.000000000E+00   7.917231083E+00 
  8.100000000E-03   2.067938834E+00   4.713002397E+00   2.356501709E+02   0.000000000E+00   7.355402118E-01   2.400000000E+02   1.000000000E+00   7.760264397E+00 
  8.110000000E-03   3.399449304E+00   4.708291726E+00   2.354146374E+02   0.000000000E+00   2.067938837E+00   2.400000000E+02   1.000000000E+00   7.633093834E+00 
  8.120000000E-03   4.730072200E+00   4.703585745E+00   2.351793393E+02   0.000000000E+00   3.399449312E+00   2.400000000E+02   1.000000000E+00   7.535105705E+00 
  8.130000000E-03   6.059808116E+00   4.698884510E+00   2.349442763E+02   0.000000000E+00   4.730072206E+00   2.400000000E+02   1.000000000E+00   7.465698719E+00 
  8.140000000E-03   7.388657641E+00   4.694187936E+00   2.347094483E+02   0.000000000E+00   6.059808115E+00   2.400000000E+02   1.000000000E+00   7.424283504E+00 
  8.150000000E-03   8.716621367E+00   4.689496080E+00   2.344748551E+02   0.000000000E+00   7.388657650E+00   2.400000000E+02   1.000000000E+00   7.410282612E+00 
  8.160000000E-03   1.004369988E+01   4.684808914E+00   2.342404963E+02   0.000000000E+00   8.716621380E+00   2.400000000E+02   1.000000000E+00   7.423129559E+00 
  8.170000000E-03   1.136989378E+01   4.680126409E+00   2.340063717E+02   0.000000000E+00   1.004369989E+01   2.400000000E+02   1.000000000E+00   7.462270260E+00 
  8.180000000E-03   1.269520365E+01   4.675448594E+00   2.337724812E+02   0.000000000E+00   1.136989380E+01   2.400000000E+02   1.000000000E+00   7.527160645E+00 
  8.190000000E-03   1.401963008E+01   4.670775468E+00   2.335388244E+02   0.000000000E+00   1.269520365E+01   2.400000000E+02   1.000000000E+00   7.617268562E+00 
  8.200000000E-03   1.534317366E+01   4.666107003E+00   2.333054012E+02   0.000000000E+00   1.401963009E+01   2.400000000E+02   1.000000000E+00   7.732071400E+00 
  8.210000000E-03   1.666583498E+01   4.661443199E+00   2.330722113E+02   0.000000000E+00   1.534317366E+01   2.400000000E+02   1.000000000E+00   7.871057987E+00 
  8.220000000E-03   1.798761462E+01   4.656784085E+00   2.328392544E+02   0.000000000E+00   1.666583498E+01   2.400000000E+02   1.000000000E+00   8.033726692E+00 
  8.230000000E-03   1.930851317E+01   4.652129604E+00   2.326065304E+02   0.000000000E+00   1.798761463E+01   2.400000000E+02   1.000000000E+00   8.219586372E+00 
  8.240000000E-03   2.062853123E+01   4.647479756E+00   2.323740390E+02   0.000000000E+00   1.930851319E+01   2.400000000E+02   1.000000000E+00   8.428155899E+00 
  8.250000000E-03   2.194766938E+01   4.642834568E+00   2.321417800E+02   0.000000000E+00   2.062853125E+01   2.400000000E+02   0.000000000E+00   8.658963203E+00 
  8.260000000E-03   2.016707160E+01   4.638194042E+00   2.319097531E+02   0.000000000E+00   2.194766938E+01   2.400000000E+02   0.000000000E+00   8.911545753E+00 
  8.270000000E-03   1.837792440E+01   4.654156527E+00   2.327078777E+02   0.000000000E+00   2.016707160E+01   2.400000000E+02   0.000000000E+00   9.154461861E+00 
  8.280000000E-03   1.658312066E+01   4.668317317E+00   2.334159174E+02   0.000000000E+00   1.837792439E+01   2.400000000E+02   1.000000000E+00   9.356822968E+00 
  8.290000000E-03   1.790473516E+01   4.681123102E+00   2.340562064E+02   0.000000000E+00   1.658312065E+01   2.400000000E+02   1.000000000E+00   9.519296646E+00 
  8.300000000E-03   1.922546883E+01   4.676445457E+00   2.338223245E+02   0.000000000E+00   1.790473516E+01   2.400000000E+02   1.000000000E+00   9.673789024E+00 
  8.310000000E-03   2.054554224E+01   4.671772530E+00   2.335886763E+02   0.000000000E+00   1.922546883E+01   2.400000000E+02   1.000000000E+00   9.851614952E+00 
  8.320000000E-03   2.186473571E+01   4.667103013E+00   2.333552032E+02   0.000000000E+00   2.054554224E+01   2.400000000E+02   0.000000000E+00   1.005229282E+01 
  8.330000000E-03   2.006809736E+01   4.662438272E+00   2.331219635E+02   0.000000000E+00   2.186473571E+01   2.400000000E+02   0.000000000E+00   1.027534962E+01 
  8.340000000E-03   1.826300757E+01   4.678281613E+00   2.339141318E+02   0.000000000E+00   2.006809736E+01   2.400000000E+02   0.000000000E+00   1.048917103E+01 
  8.350000000E-03   1.645234125E+01   4.692307442E+00   2.346154234E+02   0.000000000E+00   1.826300756E+01   2.400000000E+02   1.000000000E+00   1.066269875E+01 
  8.360000000E-03   1.777404291E+01   4.704966443E+00   2.352483741E+02   0.000000000E+00   1.645234124E+01   2.400000000E+02   1.000000000E+00   1.079659843E+01 
  8.370000000E-03   1.909486369E+01   4.700264981E+00   2.350133009E+02   0.000000000E+00   1.777404292E+01   2.400000000E+02   1.000000000E+00   1.092293072E+01 
  8.380000000E-03   2.041502416E+01   4.695568236E+00   2.347784627E+02   0.000000000E+00   1.909486369E+01   2.400000000E+02   1.000000000E+00   1.107316113E+01 
  8.390000000E-03   2.173430463E+01   4.690874988E+00   2.345438004E+02   0.000000000E+00   2.041502417E+01   2.400000000E+02   0.000000000E+00   1.124679661E+01 
  8.400000000E-03   1.992201122E+01   4.686186429E+00   2.343093727E+02   0.000000000E+00   2.173430464E+01   2.400000000E+02   0.000000000E+00   1.144335365E+01 
  8.410000000E-03   1.810139498E+01   4.701863986E+00   2.350932507E+02   0.000000000E+00   1.992201121E+01   2.400000000E+02   1.000000000E+00   1.163105011E+01 
  8.420000000E-03   1.942199758E+01   4.715708627E+00   2.357854830E+02   0.000000000E+00   1.810139499E+01   2.400000000E+02   1.000000000E+00   1.177866364E+01 
  8.430000000E-03   2.074172002E+01   4.710996421E+00   2.355498731E+02   0.000000000E+00   1.942199758E+01   2.400000000E+02   1.000000000E+00   1.191832447E+01 
  8.440000000E-03   2.206078272E+01   4.706288934E+00   2.353144986E+02   0.000000000E+00   2.074172002E+01   2.400000000E+02   0.000000000E+00   1.208159542E+01 
  8.450000000E-03   2.023785931E+01   4.701584999E+00   2.350793006E+02   0.000000000E+00   2.206078273E+01   2.400000000E+02   0.000000000E+00   1.226798820E+01 
  8.460000000E-03   1.840642385E+01   4.717565432E+00   2.358783232E+02   0.000000000E+00   2.023785930E+01   2.400000000E+02   0.000000000E+00   1.244561481E+01 
  8.470000000E-03   1.656937747E+01   4.731701907E+00   2.365851467E+02   0.000000000E+00   1.840642385E+01   2.400000000E+02   1.000000000E+00   1.258314514E+01 
  8.480000000E-03   1.789100112E+01   4.744451701E+00   2.372226367E+02   0.000000000E+00   1.656937746E+01   2.400000000E+02   1.000000000E+00   1.268124008E+01 
  8.490000000E-03   1.921174394E+01   4.739710761E+00   2.369855907E+02   0.000000000E+00   1.789100112E+01   2.400000000E+02   1.000000000E+00   1.277221870E+01 
  8.500000000E-03   2.053182651E+01   4.734974596E+00   2.367487816E+02   0.000000000E+00   1.921174395E+01   2.400000000E+02   1.000000000E+00   1.288780212E+01 
  8.510000000E-03   2.185102911E+01   4.730241955E+00   2.365121500E+02   0.000000000E+00   2.053182652E+01   2.400000000E+02   0.000000000E+00   1.302748203E+01 
  8.520000000E-03   2.001242269E+01   4.725514088E+00   2.362757549E+02   0.000000000E+00   2.185102913E+01   2.400000000E+02   0.000000000E+00   1.319076061E+01 
  8.530000000E-03   1.816548576E+01   4.741249228E+00   2.370625139E+02   0.000000000E+00   2.001242268E+01   2.400000000E+02   0.000000000E+00   1.334558010E+01 
  8.540000000E-03   1.631308029E+01   4.755125133E+00   2.377563091E+02   0.000000000E+00   1.816548577E+01   2.400000000E+02   1.000000000E+00   1.346044731E+01 
  8.550000000E-03   1.763487477E+01   4.767603045E+00   2.383802039E+02   0.000000000E+00   1.631308029E+01   2.400000000E+02   1.000000000E+00   1.353602409E+01 
  8.560000000E-03   1.895578829E+01   4.762838984E+00   2.381420012E+02   0.000000000E+00   1.763487478E+01   2.400000000E+02   1.000000000E+00   1.360478306E+01 
  8.570000000E-03   2.027604147E+01   4.758079712E+00   2.379040366E+02   0.000000000E+00   1.895578829E+01   2.400000000E+02   1.000000000E+00   1.369859409E+01 
  8.580000000E-03   2.159541458E+01   4.753323992E+00   2.376662503E+02   0.000000000E+00   2.027604148E+01   2.400000000E+02   0.000000000E+00   1.381694031E+01 
  8.590000000E-03   1.974175779E+01   4.748573019E+00   2.374287017E+02   0.000000000E+00   2.159541458E+01   2.400000000E+02   0.000000000E+00   1.395931625E+01 
  8.600000000E-03   1.787998089E+01   4.764018414E+00   2.382009727E+02   0.000000000E+00   1.974175780E+01   2.400000000E+02   1.000000000E+00   1.409350204E+01 
  8.610000000E-03   1.920073106E+01   4.777589965E+00   2.388795505E+02   0.000000000E+00   1.787998089E+01   2.400000000E+02   1.000000000E+00   1.418784904E+01 
  8.620000000E-03   2.052060097E+01   4.772815913E+00   2.386408488E+02   0.000000000E+00   1.920073106E+01   2.400000000E+02   1.000000000E+00   1.427489948E+01 
  8.630000000E-03   2.183981106E+01   4.768046665E+00   2.384023857E+02   0.000000000E+00   2.052060098E+01   2.400000000E+02   0.000000000E+00   1.438661480E+01 
  8.640000000E-03   1.997607959E+01   4.763280998E+00   2.381641013E+02   0.000000000E+00   2.183981107E+01   2.400000000E+02   0.000000000E+00   1.452248669E+01 
  8.650000000E-03   1.810409200E+01   4.778948380E+00   2.389474711E+02   0.000000000E+00   1.997607959E+01   2.400000000E+02   1.000000000E+00   1.465019608E+01 
  8.660000000E-03   1.942469280E+01   4.792731517E+00   2.396366280E+02   0.000000000E+00   1.810409199E+01   2.400000000E+02   1.000000000E+00   1.473799419E+01 
  8.670000000E-03   2.074441345E+01   4.787942345E+00   2.393971698E+02   0.000000000E+00   1.942469281E+01   2.400000000E+02   1.000000000E+00   1.481852245E+01 
  8.680000000E-03   2.206347435E+01   4.783157976E+00   2.391579509E+02   0.000000000E+00   2.074441346E+01   2.400000000E+02   0.000000000E+00   1.492384338E+01 
  8.690000000E-03   2.018943397E+01   4.778377189E+00   2.389189113E+02   0.000000000E+00   2.206347435E+01   2.400000000E+02   0.000000000E+00   1.505344582E+01 
  8.700000000E-03   1.830701590E+01   4.794245271E+00   2.397123157E+02   0.000000000E+00   2.018943395E+01   2.400000000E+02   0.000000000E+00   1.517490578E+01 
  8.710000000E-03   1.641910877E+01   4.808218506E+00   2.404109775E+02   0.000000000E+00   1.830701589E+01   2.400000000E+02   1.000000000E+00   1.525637245E+01 
  8.720000000E-03   1.774083258E+01   4.820767046E+00   2.410384048E+02   0.000000000E+00   1.641910877E+01   2.400000000E+02   0.000000000E+00   1.529850578E+01 
  8.730000000E-03   1.584682167E+01   4.815949836E+00   2.407975459E+02   0.000000000E+00   1.774083259E+01   2.400000000E+02   0.000000000E+00   1.533413506E+01 
  8.740000000E-03   1.394736648E+01   4.827445849E+00   2.413723454E+02   0.000000000E+00   1.584682165E+01   2.400000000E+02   0.000000000E+00   1.536332893E+01 
  8.750000000E-03   1.204462585E+01   4.837033600E+00   2.418517329E+02   0.000000000E+00   1.394736647E+01   2.400000000E+02   0.000000000E+00   1.535400391E+01 
  8.760000000E-03   1.013835583E+01   4.845188457E+00   2.422594759E+02   0.000000000E+00   1.204462585E+01   2.400000000E+02   0.000000000E+00   1.530684376E+01 
  8.770000000E-03   8.229833144E+00   4.851431612E+00   2.425716338E+02   0.000000000E+00   1.013835582E+01   2.400000000E+02   0.000000000E+00   1.522253704E+01 
  8.780000000E-03   6.320333893E+00   4.855762086E+00   2.427881574E+02   0.000000000E+00   8.229833142E+00   2.400000000E+02   0.000000000E+00   1.510176849E+01 
  8.790000000E-03   4.411132701E+00   4.858180162E+00   2.429090618E+02   0.000000000E+00   6.320333895E+00   2.400000000E+02   0.000000000E+00   1.494523525E+01 
  8.800000000E-03   2.503501873E+00   4.858687461E+00   2.429344256E+02   0.000000000E+00   4.411132707E+00   2.400000000E+02   0.000000000E+00   1.475364494E+01 
  8.810000000E-03   5.987105466E-01   4.857286768E+00   2.428643909E+02   0.000000000E+00   2.503501861E+00   2.400000000E+02   0.000000000E+00   1.452771854E+01 
  8.820000000E-03  -1.301976144E+00   4.853982205E+00   2.426991633E+02   0.000000000E+00   5.987105425E-01   2.400000000E+02   0.000000000E+00   1.426818657E+01 
  8.830000000E-03  -3.197297910E+00   4.848779156E+00   2.424390114E+02   0.000000000E+00  -1.301976155E+00   2.400000000E+02   0.000000000E+00   1.397579002E+01 
  8.840000000E-03  -5.086000137E+00   4.841684273E+00   2.420842667E+02   0.000000000E+00  -3.197297914E+00   2.400000000E+02   0.000000000E+00   1.365128136E+01 
  8.850000000E-03  -6.966834713E+00   4.832705400E+00   2.416353233E+02   0.000000000E+00  -5.086000144E+00   2.400000000E+02   0.000000000E+00   1.329542255E+01 
  8.860000000E-03  -8.838560848E+00   4.821851689E+00   2.410926373E+02   0.000000000E+00  -6.966834718E+00   2.400000000E+02   0.000000000E+00   1.290898609E+01 
  8.870000000E-03  -1.069994589E+01   4.809133472E+00   2.404567266E+02   0.000000000E+00  -8.838560859E+00   2.400000000E+02   0.000000000E+00   1.249275208E+01 
  8.880000000E-03  -1.254976614E+01   4.794562372E+00   2.397281703E+02   0.000000000E+00  -1.069994589E+01   2.400000000E+02   0.000000000E+00   1.204751205E+01 
  8.890000000E-03  -1.438680764E+01   4.778151123E+00   2.389076085E+02   0.000000000E+00  -1.254976614E+01   2.400000000E+02   1.000000000E+00   1.157406425E+01 
  8.900000000E-03  -1.304455231E+01   4.759913779E+00   2.379957413E+02   0.000000000E+00  -1.438680763E+01   2.400000000E+02   1.000000000E+00   1.107321739E+01 
  8.910000000E-03  -1.170319156E+01   4.755157391E+00   2.377579228E+02   0.000000000E+00  -1.304455230E+01   2.400000000E+02   1.000000000E+00   1.057743931E+01 
  8.920000000E-03  -1.036250137E+01   4.750405793E+00   2.375203420E+02   0.000000000E+00  -1.170319155E+01   2.400000000E+02   1.000000000E+00   1.011841297E+01 
  8.930000000E-03  -9.022704883E+00   4.745657748E+00   2.372829392E+02   0.000000000E+00  -1.036250137E+01   2.400000000E+02   1.000000000E+00   9.695387840E+00 
  8.940000000E-03  -7.683801489E+00   4.740914449E+00   2.370457737E+02   0.000000000E+00  -9.022704887E+00   2.400000000E+02   1.000000000E+00   9.307627678E+00 
  8.950000000E-03  -6.345790597E+00   4.736175867E+00   2.368088453E+02   0.000000000E+00  -7.683801485E+00   2.400000000E+02   1.000000000E+00   8.954409599E+00 
  8.960000000E-03  -5.008671610E+00   4.731442033E+00   2.365721537E+02   0.000000000E+00  -6.345790595E+00   2.400000000E+02   1.000000000E+00   8.635025024E+00 
  8.970000000E-03  -3.672443935E+00   4.726712916E+00   2.363356986E+02   0.000000000E+00  -5.008671607E+00   2.400000000E+02   1.000000000E+00   8.348779678E+00 
  8.980000000E-03  -2.337106977E+00   4.721988574E+00   2.360994799E+02   0.000000000E+00  -3.672443924E+00   2.400000000E+02   1.000000000E+00   8.094992638E+00 
  8.990000000E-03  -1.002660143E+00   4.717268922E+00   2.358634973E+02   0.000000000E+00  -2.337106963E+00   2.400000000E+02   1.000000000E+00   7.872997284E+00 
  9.000000000E-03   3.308971605E-01   4.712553988E+00   2.356277505E+02   0.000000000E+00  -1.002660127E+00   2.400000000E+02   1.000000000E+00   7.682139874E+00 
  9.010000000E-03   1.663565527E+00   4.707843772E+00   2.353922394E+02   0.000000000E+00   3.308971657E-01   2.400000000E+02   1.000000000E+00   7.521779537E+00 
  9.020000000E-03   2.995345548E+00   4.703138245E+00   2.351569637E+02   0.000000000E+00   1.663565541E+00   2.400000000E+02   1.000000000E+00   7.391288757E+00 
  9.030000000E-03   4.326237817E+00   4.698437436E+00   2.349219231E+02   0.000000000E+00   2.995345554E+00   2.400000000E+02   1.000000000E+00   7.290051937E+00 
  9.040000000E-03   5.656242924E+00   4.693741289E+00   2.346871175E+02   0.000000000E+00   4.326237814E+00   2.400000000E+02   1.000000000E+00   7.217466831E+00 
  9.050000000E-03   6.985361462E+00   4.689049916E+00   2.344525465E+02   0.000000000E+00   5.656242919E+00   2.400000000E+02   1.000000000E+00   7.172942162E+00 
  9.060000000E-03   8.313594022E+00   4.684363205E+00   2.342182100E+02   0.000000000E+00   6.985361480E+00   2.400000000E+02   1.000000000E+00   7.155899525E+00 
  9.070000000E-03   9.640941194E+00   4.679681126E+00   2.339841077E+02   0.000000000E+00   8.313594037E+00   2.400000000E+02   1.000000000E+00   7.165771008E+00 
  9.080000000E-03   1.096740357E+01   4.675003737E+00   2.337502394E+02   0.000000000E+00   9.640941201E+00   2.400000000E+02   1.000000000E+00   7.202001095E+00 
  9.090000000E-03   1.229298173E+01   4.670331094E+00   2.335166049E+02   0.000000000E+00   1.096740358E+01   2.400000000E+02   1.000000000E+00   7.264044762E+00 
  9.100000000E-03   1.361767628E+01   4.665663056E+00   2.332832039E+02   0.000000000E+00   1.229298175E+01   2.400000000E+02   1.000000000E+00   7.351367950E+00 
  9.110000000E-03   1.494148780E+01   4.660999679E+00   2.330500361E+02   0.000000000E+00   1.361767629E+01   2.400000000E+02   1.000000000E+00   7.463447094E+00 
  9.120000000E-03   1.626441687E+01   4.656340991E+00   2.328171015E+02   0.000000000E+00   1.494148781E+01   2.400000000E+02   1.000000000E+00   7.599769592E+00 
  9.130000000E-03   1.758646410E+01   4.651686993E+00   2.325843996E+02   0.000000000E+00   1.626441689E+01   2.400000000E+02   1.000000000E+00   7.759833336E+00 
  9.140000000E-03   1.890763006E+01   4.647037571E+00   2.323519303E+02   0.000000000E+00   1.758646411E+01   2.400000000E+02   1.000000000E+00   7.943145275E+00 
  9.150000000E-03   2.022791534E+01   4.642392838E+00   2.321196934E+02   0.000000000E+00   1.890763006E+01   2.400000000E+02   1.000000000E+00   8.149223328E+00 
  9.160000000E-03   2.154732053E+01   4.637752767E+00   2.318876886E+02   0.000000000E+00   2.022791534E+01   2.400000000E+02   0.000000000E+00   8.377593994E+00 
  9.170000000E-03   1.977056854E+01   4.633117328E+00   2.316559157E+02   0.000000000E+00   2.154732053E+01   2.400000000E+02   0.000000000E+00   8.627794266E+00 
  9.180000000E-03   1.798552362E+01   4.648687693E+00   2.324344348E+02   0.000000000E+00   1.977056853E+01   2.400000000E+02   1.000000000E+00   8.868417740E+00 
  9.190000000E-03   1.930620345E+01   4.662460782E+00   2.331230904E+02   0.000000000E+00   1.798552363E+01   2.400000000E+02   1.000000000E+00   9.068610191E+00 
  9.200000000E-03   2.062600307E+01   4.657801810E+00   2.328901409E+02   0.000000000E+00   1.930620346E+01   2.400000000E+02   1.000000000E+00   9.260155678E+00 
  9.210000000E-03   2.194514290E+01   4.653147471E+00   2.326574242E+02   0.000000000E+00   2.062600308E+01   2.400000000E+02   0.000000000E+00   9.474274635E+00 
  9.220000000E-03   2.015769055E+01   4.648496628E+00   2.324248820E+02   0.000000000E+00   2.194514290E+01   2.400000000E+02   0.000000000E+00   9.710500717E+00 
  9.230000000E-03   1.836170871E+01   4.664441164E+00   2.332221086E+02   0.000000000E+00   2.015769054E+01   2.400000000E+02   0.000000000E+00   9.937318802E+00 
  9.240000000E-03   1.656008812E+01   4.678577170E+00   2.339289096E+02   0.000000000E+00   1.836170871E+01   2.400000000E+02   1.000000000E+00   1.012376595E+01 
  9.250000000E-03   1.788171797E+01   4.691353084E+00   2.345677051E+02   0.000000000E+00   1.656008811E+01   2.400000000E+02   1.000000000E+00   1.027050877E+01 
  9.260000000E-03   1.920246698E+01   4.686665221E+00   2.343333121E+02   0.000000000E+00   1.788171797E+01   2.400000000E+02   1.000000000E+00   1.040951633E+01 
  9.270000000E-03   2.052255572E+01   4.681982034E+00   2.340991533E+02   0.000000000E+00   1.920246699E+01   2.400000000E+02   1.000000000E+00   1.057216740E+01 
  9.280000000E-03   2.184176451E+01   4.677302371E+00   2.338651700E+02   0.000000000E+00   2.052255573E+01   2.400000000E+02   0.000000000E+00   1.075797462E+01 
  9.290000000E-03   2.003837092E+01   4.672627398E+00   2.336314206E+02   0.000000000E+00   2.184176452E+01   2.400000000E+02   0.000000000E+00   1.096645832E+01 
  9.300000000E-03   1.822655918E+01   4.688432540E+00   2.344216789E+02   0.000000000E+00   2.003837092E+01   2.400000000E+02   0.000000000E+00   1.116593075E+01 
  9.310000000E-03   1.640919866E+01   4.702413491E+00   2.351207261E+02   0.000000000E+00   1.822655918E+01   2.400000000E+02   1.000000000E+00   1.132526112E+01 
  9.320000000E-03   1.773092908E+01   4.715022627E+00   2.357511829E+02   0.000000000E+00   1.640919866E+01   2.400000000E+02   1.000000000E+00   1.144511318E+01 
  9.330000000E-03   1.905177858E+01   4.710311117E+00   2.355156073E+02   0.000000000E+00   1.773092909E+01   2.400000000E+02   1.000000000E+00   1.155761242E+01 
  9.340000000E-03   2.037196778E+01   4.705604312E+00   2.352802671E+02   0.000000000E+00   1.905177859E+01   2.400000000E+02   1.000000000E+00   1.169428730E+01 
  9.350000000E-03   2.169127694E+01   4.700901030E+00   2.350451033E+02   0.000000000E+00   2.037196778E+01   2.400000000E+02   0.000000000E+00   1.185463905E+01 
  9.360000000E-03   1.987236689E+01   4.696202467E+00   2.348101745E+02   0.000000000E+00   2.169127696E+01   2.400000000E+02   0.000000000E+00   1.203817844E+01 
  9.370000000E-03   1.804518030E+01   4.711822058E+00   2.355911543E+02   0.000000000E+00   1.987236689E+01   2.400000000E+02   1.000000000E+00   1.221305084E+01 
  9.380000000E-03   1.936582037E+01   4.725602210E+00   2.362801623E+02   0.000000000E+00   1.804518030E+01   2.400000000E+02   1.000000000E+00   1.234796524E+01 
  9.390000000E-03   2.068558025E+01   4.720880156E+00   2.360440581E+02   0.000000000E+00   1.936582038E+01   2.400000000E+02   1.000000000E+00   1.247511578E+01 
  9.400000000E-03   2.200468037E+01   4.716162778E+00   2.358081898E+02   0.000000000E+00   2.068558025E+01   2.400000000E+02   0.000000000E+00   1.262612724E+01 
  9.410000000E-03   2.017525678E+01   4.711448923E+00   2.355724983E+02   0.000000000E+00   2.200468037E+01   2.400000000E+02   0.000000000E+00   1.280050755E+01 
  9.420000000E-03   1.833737585E+01   4.727358586E+00   2.363679813E+02   0.000000000E+00   2.017525678E+01   2.400000000E+02   0.000000000E+00   1.296629715E+01 
  9.430000000E-03   1.649392762E+01   4.741417897E+00   2.370709460E+02   0.000000000E+00   1.833737585E+01   2.400000000E+02   1.000000000E+00   1.309209728E+01 
  9.440000000E-03   1.781560156E+01   4.754085765E+00   2.377043398E+02   0.000000000E+00   1.649392760E+01   2.400000000E+02   1.000000000E+00   1.317856789E+01 
  9.450000000E-03   1.913639464E+01   4.749335233E+00   2.374668125E+02   0.000000000E+00   1.781560157E+01   2.400000000E+02   1.000000000E+00   1.325809193E+01 
  9.460000000E-03   2.045652743E+01   4.744589432E+00   2.372295225E+02   0.000000000E+00   1.913639464E+01   2.400000000E+02   1.000000000E+00   1.336244965E+01 
  9.470000000E-03   2.177578023E+01   4.739847185E+00   2.369924104E+02   0.000000000E+00   2.045652744E+01   2.400000000E+02   0.000000000E+00   1.349112988E+01 
  9.480000000E-03   1.993087456E+01   4.735109684E+00   2.367555353E+02   0.000000000E+00   2.177578023E+01   2.400000000E+02   0.000000000E+00   1.364363003E+01 
  9.490000000E-03   1.807770530E+01   4.750755338E+00   2.375378189E+02   0.000000000E+00   1.993087456E+01   2.400000000E+02   1.000000000E+00   1.378782368E+01 
  9.500000000E-03   1.939832369E+01   4.764535589E+00   2.382268311E+02   0.000000000E+00   1.807770529E+01   2.400000000E+02   1.000000000E+00   1.389215279E+01 
  9.510000000E-03   2.071806191E+01   4.759774612E+00   2.379887817E+02   0.000000000E+00   1.939832369E+01   2.400000000E+02   1.000000000E+00   1.398906994E+01 
  9.520000000E-03   2.203714037E+01   4.755018352E+00   2.377509702E+02   0.000000000E+00   2.071806192E+01   2.400000000E+02   0.000000000E+00   1.411045265E+01 
  9.530000000E-03   2.018184204E+01   4.750265703E+00   2.375133369E+02   0.000000000E+00   2.203714038E+01   2.400000000E+02   0.000000000E+00   1.425579548E+01 
  9.540000000E-03   1.831813364E+01   4.766149615E+00   2.383075325E+02   0.000000000E+00   2.018184202E+01   2.400000000E+02   0.000000000E+00   1.439286900E+01 
  9.550000000E-03   1.644890413E+01   4.780157354E+00   2.390079200E+02   0.000000000E+00   1.831813363E+01   2.400000000E+02   1.000000000E+00   1.449001122E+01 
  9.560000000E-03   1.777060808E+01   4.792754382E+00   2.396377719E+02   0.000000000E+00   1.644890413E+01   2.400000000E+02   1.000000000E+00   1.454788113E+01 
  9.570000000E-03   1.909143115E+01   4.787965224E+00   2.393983126E+02   0.000000000E+00   1.777060810E+01   2.400000000E+02   1.000000000E+00   1.459911823E+01 
  9.580000000E-03   2.041159391E+01   4.783180799E+00   2.391590926E+02   0.000000000E+00   1.909143116E+01   2.400000000E+02   1.000000000E+00   1.467575645E+01 
  9.590000000E-03   2.173087666E+01   4.778400012E+00   2.389200519E+02   0.000000000E+00   2.041159391E+01   2.400000000E+02   0.000000000E+00   1.477727127E+01 
  9.600000000E-03   1.986038774E+01   4.773623942E+00   2.386812501E+02   0.000000000E+00   2.173087667E+01   2.400000000E+02   0.000000000E+00   1.490315056E+01 
  9.610000000E-03   1.798173330E+01   4.789167107E+00   2.394584069E+02   0.000000000E+00   1.986038774E+01   2.400000000E+02   1.000000000E+00   1.502099991E+01 
  9.620000000E-03   1.930241565E+01   4.802819404E+00   2.401410229E+02   0.000000000E+00   1.798173329E+01   2.400000000E+02   1.000000000E+00   1.509900093E+01 
  9.630000000E-03   2.062221780E+01   4.798020171E+00   2.399010607E+02   0.000000000E+00   1.930241567E+01   2.400000000E+02   0.000000000E+00   1.516986275E+01 
  9.640000000E-03   1.873997392E+01   4.793225742E+00   2.396613383E+02   0.000000000E+00   2.062221780E+01   2.400000000E+02   0.000000000E+00   1.526571178E+01 
  9.650000000E-03   1.685033454E+01   4.807632578E+00   2.403816815E+02   0.000000000E+00   1.873997391E+01   2.400000000E+02   1.000000000E+00   1.535401917E+01 
  9.660000000E-03   1.817177094E+01   4.820138571E+00   2.410069821E+02   0.000000000E+00   1.685033453E+01   2.400000000E+02   0.000000000E+00   1.540284157E+01 
  9.670000000E-03   1.627767563E+01   4.815322029E+00   2.407661546E+02   0.000000000E+00   1.817177095E+01   2.400000000E+02   0.000000000E+00   1.544500542E+01 
  9.680000000E-03   1.437784914E+01   4.827249214E+00   2.413625139E+02   0.000000000E+00   1.627767563E+01   2.400000000E+02   0.000000000E+00   1.548059940E+01 
  9.690000000E-03   1.247452251E+01   4.837267440E+00   2.418634248E+02   0.000000000E+00   1.437784913E+01   2.400000000E+02   0.000000000E+00   1.547754288E+01 
  9.700000000E-03   1.056738088E+01   4.845852033E+00   2.422926549E+02   0.000000000E+00   1.247452251E+01   2.400000000E+02   0.000000000E+00   1.543651581E+01 
  9.710000000E-03   8.657702009E+00   4.852523773E+00   2.426262419E+02   0.000000000E+00   1.056738087E+01   2.400000000E+02   0.000000000E+00   1.535820484E+01 
  9.720000000E-03   6.746763255E+00   4.857281397E+00   2.428641226E+02   0.000000000E+00   8.657702011E+00   2.400000000E+02   0.000000000E+00   1.524329185E+01 
  9.730000000E-03   4.835840670E+00   4.860124903E+00   2.430062978E+02   0.000000000E+00   6.746763248E+00   2.400000000E+02   0.000000000E+00   1.509247112E+01 
  9.740000000E-03   2.926208177E+00   4.861055572E+00   2.430528322E+02   0.000000000E+00   4.835840656E+00   2.400000000E+02   0.000000000E+00   1.490644741E+01 
  9.750000000E-03   1.019136715E+00   4.860076032E+00   2.430038539E+02   0.000000000E+00   2.926208168E+00   2.400000000E+02   0.000000000E+00   1.468593884E+01 
  9.760000000E-03  -8.841065989E-01   4.857190035E+00   2.428595547E+02   0.000000000E+00   1.019136718E+00   2.400000000E+02   0.000000000E+00   1.443167305E+01 
  9.770000000E-03  -2.782259311E+00   4.852402725E+00   2.426201894E+02   0.000000000E+00  -8.841065977E-01   2.400000000E+02   0.000000000E+00   1.414439011E+01 
  9.780000000E-03  -4.674064462E+00   4.845720454E+00   2.422860760E+02   0.000000000E+00  -2.782259315E+00   2.400000000E+02   0.000000000E+00   1.382483864E+01 
  9.790000000E-03  -6.558271418E+00   4.837150840E+00   2.418575949E+02   0.000000000E+00  -4.674064471E+00   2.400000000E+02   0.000000000E+00   1.347377872E+01 
  9.800000000E-03  -8.433636695E+00   4.826702721E+00   2.413351889E+02   0.000000000E+00  -6.558271423E+00   2.400000000E+02   0.000000000E+00   1.309197998E+01 
  9.810000000E-03  -1.029892477E+01   4.814386187E+00   2.407193628E+02   0.000000000E+00  -8.433636708E+00   2.400000000E+02   0.000000000E+00   1.268022156E+01 
  9.820000000E-03  -1.215290890E+01   4.800212608E+00   2.400106826E+02   0.000000000E+00  -1.029892478E+01   2.400000000E+02   0.000000000E+00   1.223929119E+01 
  9.830000000E-03  -1.399437191E+01   4.784194459E+00   2.392097754E+02   0.000000000E+00  -1.215290891E+01   2.400000000E+02   0.000000000E+00   1.176998711E+01 
  9.840000000E-03  -1.582210703E+01   4.766345526E+00   2.383173287E+02   0.000000000E+00  -1.399437193E+01   2.400000000E+02   1.000000000E+00   1.127311420E+01 
  9.850000000E-03  -1.447889509E+01   4.746680759E+00   2.373340899E+02   0.000000000E+00  -1.582210703E+01   2.400000000E+02   1.000000000E+00   1.074948692E+01 
  9.860000000E-03  -1.313657838E+01   4.741937630E+00   2.370969325E+02   0.000000000E+00  -1.447889508E+01   2.400000000E+02   1.000000000E+00   1.023148727E+01 
  9.870000000E-03  -1.179493272E+01   4.737199220E+00   2.368600122E+02   0.000000000E+00  -1.313657837E+01   2.400000000E+02   1.000000000E+00   9.750702858E+00 
  9.880000000E-03  -1.045418138E+01   4.732464390E+00   2.366232694E+02   0.000000000E+00  -1.179493272E+01   2.400000000E+02   1.000000000E+00   9.306373596E+00 
  9.890000000E-03  -9.114323776E+00   4.727734250E+00   2.363867632E+02   0.000000000E+00  -1.045418136E+01   2.400000000E+02   1.000000000E+00   8.897754669E+00 
  9.900000000E-03  -7.775359310E+00   4.723008828E+00   2.361504935E+02   0.000000000E+00  -9.114323760E+00   2.400000000E+02   1.000000000E+00   8.524114609E+00 
  9.910000000E-03  -6.437287385E+00   4.718288153E+00   2.359144599E+02   0.000000000E+00  -7.775359293E+00   2.400000000E+02   1.000000000E+00   8.184735298E+00 
  9.920000000E-03  -5.100107408E+00   4.713572224E+00   2.356786622E+02   0.000000000E+00  -6.437287368E+00   2.400000000E+02   1.000000000E+00   7.878914356E+00 
  9.930000000E-03  -3.763818782E+00   4.708860985E+00   2.354431002E+02   0.000000000E+00  -5.100107401E+00   2.400000000E+02   1.000000000E+00   7.605962276E+00 
  9.940000000E-03  -2.428420915E+00   4.704154463E+00   2.352077736E+02   0.000000000E+00  -3.763818768E+00   2.400000000E+02   1.000000000E+00   7.365203857E+00 
  9.950000000E-03  -1.093913212E+00   4.699452631E+00   2.349726823E+02   0.000000000E+00  -2.428420899E+00   2.400000000E+02   1.000000000E+00   7.155977249E+00 
  9.960000000E-03   2.397049203E-01   4.694755489E+00   2.347378259E+02   0.000000000E+00  -1.093913212E+00   2.400000000E+02   1.000000000E+00   6.977634430E+00 
  9.970000000E-03   1.572434074E+00   4.690063065E+00   2.345032043E+02   0.000000000E+00   2.397049315E-01   2.400000000E+02   1.000000000E+00   6.829539776E+00 
  9.980000000E-03   2.904274843E+00   4.685375330E+00   2.342688171E+02   0.000000000E+00   1.572434087E+00   2.400000000E+02   1.000000000E+00   6.711070538E+00 
  9.990000000E-03   4.235227819E+00   4.680692257E+00   2.340346643E+02   0.000000000E+00   2.904274851E+00   2.400000000E+02   1.000000000E+00   6.621616364E+00 
  1.000000000E-02   5.565293593E+00   4.676013873E+00   2.338007454E+02   0.000000000E+00   4.235227820E+00   2.400000000E+02   1.000000000E+00   6.560579300E+00 
